,0
0,100
1,99.7728837
2,99.82769148
3,99.93799842
4,99.89189543
5,99.80177941
6,99.94169107
7,99.85648572
8,99.74048572
9,99.69093405
10,99.63490714
11,99.66219821
12,99.51623133
13,99.64997445
14,99.45324565
15,99.15393623
16,99.57275578
17,99.35765875
18,98.9905803
19,99.05428046
20,99.09806765
21,98.89954385
22,98.41551684
23,98.53109863
24,99.3805823
25,99.33272748
26,99.3681548
27,99.25829172
28,99.04148142
29,99.43305822
30,99.18248909
31,99.3214357
32,99.67656331
33,99.858977
34,100.2448504
35,99.95075235
36,99.67589721
37,99.75707698
38,100.151432
39,100.0956965
40,99.56477513
41,99.56477513
42,99.56477513
43,99.82671829
44,100.0287128
45,100.1919431
46,100.0680847
47,100.0680847
48,99.80883587
49,99.69610667
50,100.4232104
51,100.4232104
52,100.4232104
53,100.6286879
54,100.6392408
55,100.8341192
56,100.8341192
57,100.8341192
58,100.6519397
59,100.259242
60,100.2376336
61,100.1453071
62,100.6673554
63,100.0438492
64,100.0438492
65,100.0438492
66,100.0438492
67,100.4560106
68,100.1618037
69,100.5098895
70,100.5042765
71,100.4422159
72,100.3314821
73,100.3496967
74,100.7881084
75,100.6811128
76,100.7975732
77,101.0978821
78,101.5474514
79,99.29334871
80,101.3410784
81,101.2507014
82,101.2499437
83,100.9949204
84,101.3588375
85,101.4252486
86,101.2078997
87,101.3427836
88,100.9998254
89,101.2697436
90,101.2839324
91,100.8996496
92,100.8695508
93,100.7477278
94,100.5549859
95,100.7655703
96,100.9140331
97,100.7748453
98,100.4203337
99,100.8023254
100,100.5533967
101,100.7007151
102,100.3369243
103,100.4059633
104,100.2956908
105,99.72298822
106,100.4391863
107,99.55121605
108,100.1948435
109,100.0877817
110,100.4436124
111,100.4650311
112,100.0120242
113,99.97170115
114,99.98565327
115,100.4143308
116,100.4143308
117,100.635807
118,100.2673012
119,100.2648851
120,100.4213807
121,101.385741
122,100.3289717
123,102.0251245
124,101.7533447
125,101.8139938
126,101.9442937
127,101.8781086
128,102.0485599
129,102.2299582
130,102.0556126
131,101.9037829
132,102.2102981
133,102.1376163
134,102.1409603
135,102.0946652
136,102.3656229
137,102.3437765
138,102.3437765
139,102.6645467
140,102.7328601
141,102.5634812
142,102.4580843
143,102.2026851
144,102.2302687
145,102.1770677
146,101.740128
147,101.3016415
148,101.5517865
149,101.6559739
150,101.5439179
151,101.6421391
152,101.7108034
153,101.8352487
154,101.7073367
155,101.4915785
156,101.6948581
157,101.6728407
158,101.8655481
159,102.1811947
160,102.020472
161,102.2568823
162,102.115709
163,101.974751
164,101.3317128
165,101.8627726
166,101.8511237
167,101.7633862
168,101.5767774
169,101.7256918
170,101.9143979
171,102.1143916
172,101.9307569
173,101.869086
174,102.024603
175,101.935034
176,101.7987517
177,101.637659
178,101.4171596
179,101.5690118
180,101.7795201
181,101.7795201
182,101.4902239
183,101.7643224
184,101.836996
185,101.7489822
186,102.7707979
187,101.9432239
188,101.7395995
189,101.6578649
190,101.8513844
191,101.93276
192,102.0438642
193,101.9140485
194,101.9940812
195,101.8070925
196,101.6296624
197,101.545261
198,101.7244713
199,101.8649563
200,101.5228567
201,101.5415608
202,101.558793
203,101.4736625
204,101.4736625
205,101.4736625
206,101.4736625
207,101.4736625
208,101.4736625
209,101.4736625
210,101.4736625
211,101.4736625
212,101.4736625
213,101.4736625
214,101.4736625
215,101.4736625
216,101.4736625
217,101.4736625
218,101.4736625
219,101.4736625
220,101.4736625
221,101.4579422
222,101.783808
223,101.8312061
224,101.9339977
225,101.6643028
226,101.5124668
227,101.5383493
228,101.6200952
229,102.0723793
230,100.6443941
231,102.66372
232,102.809042
233,102.9810512
234,102.4002646
235,102.7558681
236,102.4922511
237,102.4774238
238,102.544013
239,102.0618614
240,102.4241343
241,102.0210339
242,101.9601131
243,101.9198005
244,102.0450681
245,101.9967073
246,103.0058424
247,103.0481067
248,102.9301264
249,103.2242302
250,102.772776
251,102.6741238
252,101.0410125
253,102.3559517
254,102.8667975
255,103.1532099
256,102.7296542
257,102.7225111
258,102.5997636
259,102.633535
260,103.2422688
261,103.7234063
262,103.7794148
263,103.0527624
264,103.5464706
265,103.769282
266,104.3173697
267,103.103176
268,104.7257378
269,105.1979273
270,105.1593389
271,104.6050812
272,103.838562
273,103.399408
274,103.8012337
275,103.8822434
276,103.770171
277,103.8841947
278,103.4351451
279,103.2562379
280,102.7639031
281,102.6970058
282,103.0885335
283,103.1816046
284,103.241492
285,102.9406038
286,102.4904512
287,102.8187982
288,102.7257777
289,103.313029
290,102.7326442
291,102.2966196
292,102.6724836
293,102.3316719
294,103.2606191
295,100.3983767
296,103.2974837
297,103.3815008
298,102.7835368
299,102.6174874
300,102.6869039
301,102.4038793
302,102.9370783
303,103.4510683
304,102.9011191
305,104.0754141
306,103.926072
307,104.4070648
308,103.9888905
309,104.127995
310,104.4418835
311,104.6400082
312,105.4670818
313,104.8525565
314,103.5614998
315,103.1364668
316,103.404604
317,102.7507568
318,102.0931823
319,102.4108811
320,102.7239225
321,103.1986578
322,103.1276995
323,103.390123
324,103.3458097
325,103.5133707
326,103.3866912
327,103.6674171
328,103.7031212
329,103.3837861
330,102.8929575
331,102.9155356
332,103.1337958
333,103.2643283
334,103.3961003
335,103.5859954
336,103.3681133
337,103.4438507
338,104.1293882
339,104.30634
340,103.9964926
341,103.5992155
342,103.6769459
343,103.5139016
344,103.8135997
345,103.5250439
346,103.4755193
347,103.5918548
348,103.5917181
349,102.6251341
350,103.2536068
351,103.6860566
352,103.5742629
353,102.8769228
354,102.957622
355,102.7691606
356,103.1210906
357,103.0321352
358,102.8375998
359,103.2487318
360,103.1189456
361,103.6867383
362,103.5275308
363,103.3481014
364,102.503183
365,102.6041354
366,102.9362497
367,102.3722918
368,101.6403462
369,101.6869995
370,102.1580444
371,102.2785165
372,102.2240005
373,102.4149006
374,102.6563093
375,102.574475
376,102.5390169
377,102.5058409
378,102.8825403
379,102.4170451
380,102.7074122
381,102.6232047
382,102.2361208
383,102.6596486
384,102.4998059
385,102.4998059
386,103.5231055
387,103.5740797
388,103.9523897
389,104.1804401
390,104.025569
391,104.2566467
392,103.9780745
393,104.0440783
394,104.1433771
395,104.2647005
396,103.9706894
397,104.2248855
398,104.7223052
399,104.7839089
400,104.7564289
401,104.7887682
402,104.6553369
403,104.7063725
404,104.631051
405,104.2815419
406,104.2680088
407,104.1220385
408,104.1787157
409,103.8132267
410,104.1725382
411,103.9427193
412,103.4392437
413,103.6388763
414,104.1124294
415,103.7416855
416,103.6847644
417,103.6230836
418,103.6426562
419,103.3029058
420,103.3682479
421,103.1930971
422,103.241008
423,102.9706905
424,103.3355501
425,103.6502746
426,103.0345849
427,103.1718935
428,103.0912075
429,103.3864138
430,103.3525982
431,103.0564055
432,103.3618586
433,103.2374448
434,102.9665434
435,103.2470128
436,103.0499239
437,103.0821597
438,103.0757204
439,102.4102157
440,103.1153195
441,103.5240731
442,103.389762
443,103.3205253
444,103.2368729
445,103.0602014
446,103.1128666
447,102.8384665
448,102.6365491
449,102.7146972
450,102.7173278
451,102.7788426
452,102.7631473
453,102.4800509
454,102.8018124
455,103.1086256
456,102.9002737
457,102.8439455
458,103.071083
459,103.0900537
460,102.8984799
461,102.9728471
462,103.2508403
463,103.2096796
464,102.8087849
465,102.7154639
466,102.7255708
467,102.6462299
468,102.7778377
469,103.1337278
470,103.0228098
471,102.7675967
472,102.9157928
473,102.5710507
474,102.8500152
475,102.4981826
476,102.5439146
477,102.4522933
478,102.6735536
479,102.6589397
480,102.3327071
481,102.491718
482,102.6797281
483,102.5457402
484,102.3324812
485,102.5724835
486,102.8744402
487,102.7244303
488,102.8558861
489,102.6867035
490,102.9818101
491,102.9512171
492,103.0001375
493,102.6593117
494,102.6980981
495,102.7181777
496,102.7201443
497,103.2438466
498,102.813211
499,102.8798212
500,102.9336713
501,103.1170213
502,102.831696
503,102.6267231
504,103.0493398
505,102.7720709
506,102.9095937
507,103.3268364
508,103.2694051
509,103.10035
510,103.3755804
511,103.4489825
512,103.6379315
513,103.9783563
514,103.8338025
515,103.5835
516,103.4433117
517,103.500289
518,103.5518681
519,103.5344491
520,103.4993504
521,103.3357652
522,103.2965437
523,103.1351208
524,103.1510953
525,103.3659831
526,103.573408
527,103.3385704
528,103.5073021
529,103.4445788
530,103.6034668
531,103.5255582
532,103.4460045
533,103.3928045
534,103.5688537
535,103.4623546
536,103.3537146
537,103.5062019
538,103.7050365
539,103.6806259
540,103.5240532
541,103.7397982
542,103.7059186
543,103.5320433
544,103.7411512
545,103.6108576
546,103.6135847
547,103.4997259
548,103.2488798
549,103.2450205
550,103.5419259
551,103.4286603
552,103.5892974
553,103.5604079
554,103.870681
555,103.7851045
556,103.9415912
557,104.0400013
558,104.1569613
559,104.329564
560,104.1404159
561,104.2778843
562,104.1541242
563,104.3479417
564,104.5387851
565,104.4537195
566,104.5512664
567,104.1140445
568,104.0208288
569,104.0208288
570,104.3362034
571,104.4529436
572,104.5848455
573,104.6640991
574,104.6640991
575,104.8299133
576,104.9138564
577,105.088212
578,105.1598109
579,104.9611886
580,105.0687871
581,104.8696759
582,105.0114924
583,105.0740323
584,105.0747054
585,105.1980523
586,105.3964235
587,105.2478316
588,104.9729968
589,104.873281
590,105.2166242
591,105.2465568
592,105.2865904
593,105.5499051
594,105.7952293
595,105.359357
596,105.2508708
597,105.2407135
598,105.05551
599,105.1256153
600,105.1606974
601,105.1747022
602,105.2309917
603,105.7614224
604,105.8968679
605,105.9063925
606,105.9747049
607,106.3910646
608,106.3141914
609,105.9221558
610,106.0863751
611,106.229143
612,106.2749129
613,106.3062159
614,106.1383331
615,106.4604761
616,106.296499
617,106.2883482
618,106.555236
619,106.4327576
620,106.642778
621,106.7017064
622,106.6752252
623,106.5534041
624,106.5250018
625,106.5351094
626,106.4449313
627,106.545227
628,106.7492033
629,106.9089333
630,106.6223179
631,106.744298
632,107.088319
633,107.1295706
634,107.2139686
635,107.2195811
636,107.2824315
637,107.0835387
638,106.9611925
639,107.0686174
640,107.1743506
641,107.4035857
642,107.6446359
643,107.6949981
644,107.5507572
645,107.1941552
646,107.0314856
647,108.3413333
648,108.4673974
649,108.5642628
650,108.4994849
651,108.8285257
652,109.1154833
653,109.5609982
654,109.4700307
655,109.5718353
656,109.804968
657,109.7117095
658,109.884171
659,109.6964823
660,110.055715
661,110.1453647
662,109.6532009
663,109.3977317
664,109.8269374
665,110.6304999
666,110.7888841
667,111.036816
668,111.1433783
669,111.4510787
670,111.3181399
671,111.4536409
672,110.9224961
673,109.8462539
674,109.7340062
675,110.2194015
676,110.0681745
677,110.4230569
678,110.6337146
679,110.3274547
680,110.8540521
681,110.1338925
682,110.8052028
683,110.7578996
684,111.0473903
685,110.847968
686,111.0133979
687,110.8010111
688,110.9516279
689,111.2513016
690,111.1887609
691,111.1676299
692,111.0486001
693,110.8135601
694,111.2565593
695,111.961232
696,111.4642739
697,111.1079104
698,110.7632881
699,110.8806643
700,111.1775362
701,110.3568368
702,110.4175389
703,110.3009826
704,109.8477788
705,109.9631147
706,109.9551602
707,110.1646634
708,110.4125924
709,110.367744
710,110.4426299
711,110.5493824
712,110.5322876
713,109.9599613
714,109.8883641
715,109.7683187
716,110.101915
717,110.0036907
718,110.0745533
719,110.1740904
720,110.5778085
721,110.5564854
722,110.1858239
723,110.1180862
724,110.3642485
725,110.705653
726,110.3920896
727,110.3924483
728,110.4435367
729,110.2295858
730,110.3365971
731,110.5573297
732,110.2652023
733,110.358691
734,110.914205
735,110.8894181
736,110.7757528
737,111.1242636
738,111.3694666
739,111.360313
740,111.4017353
741,111.7707283
742,111.3521629
743,111.6384754
744,111.6578577
745,111.7648328
746,111.7921142
747,111.7760104
748,111.9650773
749,112.013952
750,111.7826511
751,111.7714129
752,111.9975168
753,112.2456211
754,112.4215439
755,112.5935566
756,112.2147616
757,111.9733318
758,111.9413442
759,111.8029396
760,111.8785089
761,112.140266
762,111.8523576
763,111.5508927
764,111.6266497
765,111.5173456
766,111.7618615
767,111.5529946
768,111.3853972
769,111.6187172
770,111.2528896
771,111.5060139
772,111.2916244
773,111.0678233
774,111.1500801
775,110.8083094
776,111.0160966
777,111.1688825
778,111.0748787
779,111.3437714
780,111.3645386
781,111.3885443
782,111.0280801
783,111.2345995
784,111.5404881
785,111.6097526
786,112.0238862
787,112.0415524
788,111.9010272
789,111.88588
790,108.5173734
791,112.358528
792,112.2824472
793,112.1729931
794,111.9331223
795,112.2457513
796,112.5102867
797,112.702802
798,113.024795
799,113.1682141
800,112.4181922
801,112.315273
802,112.8096747
803,112.9385225
804,112.9886917
805,112.6848579
806,112.8769958
807,112.3360172
808,113.0084948
809,112.8278239
810,112.5992441
811,112.7226702
812,113.0501871
813,113.4954125
814,113.3551943
815,112.9172564
816,112.9837782
817,112.8744184
818,112.5903671
819,112.9667346
820,113.2586135
821,112.9969029
822,113.2230698
823,112.5341622
824,112.594356
825,112.7534579
826,112.8278587
827,113.1520672
828,113.6825395
829,113.5506843
830,113.9901987
831,113.8525549
832,114.0191254
833,114.0581616
834,114.1602895
835,114.2140141
836,114.1648206
837,114.196013
838,114.3623706
839,114.5996259
840,114.7470876
841,114.5006282
842,114.6920334
843,114.5624583
844,114.2824133
845,113.9320138
846,114.1573577
847,114.2974873
848,114.0086511
849,113.6847883
850,113.5634961
851,113.8467721
852,113.8028727
853,113.6651374
854,113.812386
855,113.3837367
856,113.8242761
857,113.9934574
858,113.7738732
859,114.1517149
860,114.1112647
861,114.2239706
862,114.3602091
863,114.1993635
864,114.1914744
865,113.8691494
866,114.1953082
867,114.2398464
868,114.207432
869,114.1632733
870,113.9804405
871,113.995897
872,113.6827435
873,113.7264351
874,113.5781817
875,113.7330207
876,113.8043457
877,113.7029682
878,113.7735217
879,113.7111202
880,113.6163659
881,113.861239
882,113.9299685
883,113.8699644
884,113.8220145
885,113.5840696
886,113.6006582
887,112.8458952
888,112.2456891
889,112.5107065
890,112.6387151
891,113.0903147
892,113.2399171
893,113.4803781
894,113.5682555
895,113.8456971
896,113.7998896
897,113.9480931
898,113.8864255
899,113.858711
900,113.7073521
901,113.6214587
902,113.734005
903,113.4425406
904,113.3698305
905,113.1302449
906,113.267305
907,113.1494859
908,113.285439
909,113.285439
910,113.9896802
911,113.9875613
912,114.114713
913,113.9489059
914,114.0084478
915,114.0571705
916,113.8713156
917,113.8905775
918,113.9177739
919,113.907594
920,114.1483533
921,114.1899033
922,113.8162261
923,113.5759161
924,113.5979187
925,114.3968487
926,114.6937229
927,114.6668511
928,114.9170548
929,114.6375124
930,114.3831832
931,113.8878362
932,114.0814621
933,114.6318292
934,114.6541659
935,114.8568653
936,114.5936601
937,114.4558286
938,114.5190868
939,114.552292
940,114.5321799
941,114.7265182
942,114.5737222
943,114.2329315
944,114.3528234
945,114.2765658
946,114.2240238
947,114.3139303
948,114.048156
949,114.4885259
950,114.4253938
951,114.333947
952,114.6535163
953,114.8508482
954,114.6401123
955,114.8153669
956,114.6611984
957,114.6239516
958,114.7162285
959,114.900848
960,114.8104293
961,114.3951188
962,114.3329332
963,114.3732748
964,114.8110129
965,114.770035
966,114.7692769
967,114.9225164
968,115.229371
969,115.5956708
970,116.0033291
971,116.0366169
972,116.2355089
973,116.2668148
974,116.3750864
975,114.8767216
976,116.6276433
977,116.4743206
978,116.3117759
979,116.0646847
980,116.3311246
981,116.4316123
982,116.2446602
983,116.6395714
984,116.8844343
985,116.5765702
986,117.0505573
987,116.7623208
988,116.4658784
989,115.7690557
990,116.3352435
991,115.9789478
992,116.8258051
993,116.3794615
994,116.7517554
995,116.925824
996,117.0735471
997,117.1397067
998,116.8148271
999,115.933886
1000,116.4004478
1001,116.7041165
1002,116.9102938
1003,116.8770122
1004,116.6091961
1005,116.7630315
1006,116.5200518
1007,116.6409636
1008,116.9310779
1009,117.2266191
1010,117.595704
1011,117.6993481
1012,118.0193679
1013,117.8800535
1014,117.8068908
1015,117.2989425
1016,116.917281
1017,116.3266125
1018,115.8791189
1019,115.6752874
1020,115.9011328
1021,114.661763
1022,114.7481149
1023,112.9577162
1024,112.258159
1025,112.6231408
1026,112.9636295
1027,113.4036213
1028,112.3431016
1029,112.4168675
1030,112.4556449
1031,112.2530765
1032,112.3846293
1033,112.7080198
1034,112.5776652
1035,112.6685137
1036,113.6480437
1037,112.9921366
1038,113.2115589
1039,113.2861393
1040,113.8244766
1041,113.6964508
1042,114.0325335
1043,114.1494861
1044,113.7051943
1045,113.1311495
1046,113.5939199
1047,113.6782375
1048,113.2653445
1049,114.4124483
1050,114.1781832
1051,114.6707325
1052,113.3819755
1053,113.0709628
1054,113.9428225
1055,113.9154647
1056,113.7432783
1057,113.6289698
1058,112.8276322
1059,112.3898218
1060,112.9117239
1061,112.2825992
1062,112.4370054
1063,112.329
1064,112.2959944
1065,112.093041
1066,111.9960781
1067,112.2134151
1068,112.0930084
1069,112.337953
1070,112.9731451
1071,113.1904153
1072,113.1625283
1073,113.8597943
1074,113.646141
1075,113.9471322
1076,113.8694455
1077,113.7785447
1078,113.7154471
1079,113.165834
1080,113.0759903
1081,113.0451413
1082,113.3148817
1083,113.2834898
1084,113.3560123
1085,113.4980006
1086,113.2518559
1087,113.6803688
1088,114.0417051
1089,114.0982037
1090,114.1214239
1091,114.2807903
1092,113.8646281
1093,114.1603187
1094,113.9741484
1095,114.0357621
1096,114.0190951
1097,114.5851703
1098,114.5708063
1099,114.8850624
1100,114.7761637
1101,114.6215912
1102,114.9209841
1103,115.0068317
1104,114.7430544
1105,114.8495923
1106,114.9850147
1107,115.4030605
1108,115.507344
1109,115.6244674
1110,115.7698596
1111,115.7469995
1112,115.8582556
1113,116.2085728
1114,116.2085728
1115,116.0600859
1116,116.0600859
1117,116.0462361
1118,116.3652508
1119,116.6867545
1120,117.0697664
1121,112.8394255
1122,116.5541413
1123,116.5065847
1124,116.31809
1125,115.8633858
1126,115.7767461
1127,115.5087464
1128,115.71508
1129,115.7750022
1130,116.565799
1131,116.2254727
1132,116.0542896
1133,115.9876362
1134,116.1524408
1135,115.7477879
1136,115.7960511
1137,116.0667036
1138,116.3866108
1139,116.5530335
1140,116.6376226
1141,116.3659786
1142,116.1505867
1143,116.4774422
1144,116.7904884
1145,116.9442908
1146,116.9170507
1147,116.9985411
1148,116.480469
1149,116.6478473
1150,116.896785
1151,116.8187422
1152,116.2797552
1153,116.2335279
1154,116.2064018
1155,116.3618548
1156,116.2999486
1157,116.4315283
1158,116.4686805
1159,116.296571
1160,116.7487096
1161,116.6289069
1162,116.8844154
1163,116.8493995
1164,116.9733884
1165,116.6202432
1166,116.6563822
1167,116.6370197
1168,117.0395302
1169,117.2564556
1170,117.8880437
1171,117.5927969
1172,117.8023561
1173,117.5875587
1174,117.6212196
1175,117.6559131
1176,117.7960716
1177,117.8726483
1178,117.9113734
1179,118.1300159
1180,118.205927
1181,118.3047505
1182,118.4712824
1183,118.2779742
1184,118.0599108
1185,117.9857837
1186,118.2074196
1187,118.2283487
1188,118.2328233
1189,118.1808602
1190,118.3430248
1191,118.2128812
1192,118.3524365
1193,117.8769123
1194,117.4464574
1195,117.2067493
1196,117.6534154
1197,117.5455876
1198,117.5909769
1199,117.8574516
1200,117.6266364
1201,117.5963438
1202,117.6850388
1203,117.3689948
1204,117.5920799
1205,116.9492198
1206,117.4865404
1207,117.5178137
1208,118.0148182
1209,117.9293497
1210,117.5854453
1211,117.4518226
1212,117.6635962
1213,117.4952573
1214,117.554521
1215,118.2206297
1216,118.2797379
1217,118.1707855
1218,117.9674205
1219,117.9041587
1220,118.0231964
1221,117.761404
1222,117.9261917
1223,118.1431357
1224,117.9310284
1225,118.2795792
1226,118.2539832
1227,118.7377594
1228,118.6494245
1229,119.2414759
1230,118.9784775
1231,119.1506256
1232,119.3805199
1233,119.8813423
1234,119.5616407
1235,119.7087927
1236,119.5576876
1237,119.7611047
1238,119.956151
1239,120.2711403
1240,120.402916
1241,120.3714169
1242,120.4924483
1243,120.7403107
1244,120.5939338
1245,120.7831769
1246,120.9841565
1247,121.0177343
1248,121.1161818
1249,121.1985561
1250,121.0556124
1251,121.01244
1252,120.9345748
1253,120.650073
1254,120.9427392
1255,120.92545
1256,120.7062801
1257,120.7448917
1258,120.6358917
1259,120.4376483
1260,120.296282
1261,120.1679893
1262,119.9386584
1263,119.9690563
1264,119.9034298
1265,119.860768
1266,119.7039789
1267,119.4834789
1268,119.5603707
1269,119.7049038
1270,119.7667373
1271,120.0426689
1272,120.0637726
1273,119.9129664
1274,120.20089
1275,120.1419953
1276,120.1875144
1277,120.4160397
1278,120.4033681
1279,120.3258941
1280,120.3804541
1281,120.1927067
1282,120.3308518
1283,120.3617411
1284,120.5553215
1285,120.455399
1286,120.3183463
1287,120.2861326
1288,120.1793469
1289,120.427424
1290,120.5435794
1291,120.305467
1292,120.1759598
1293,120.3297536
1294,120.1151955
1295,120.0239973
1296,120.1645113
1297,120.3585389
1298,120.4305648
1299,120.390489
1300,120.9219822
1301,120.9937757
1302,120.7945298
1303,120.9449703
1304,120.898433
1305,120.7634223
1306,120.9039175
1307,120.8758784
1308,121.055642
1309,121.3076601
1310,121.2956969
1311,121.3945575
1312,121.3630305
1313,121.3092687
1314,121.337734
1315,121.3731047
1316,121.4528664
1317,121.4758083
1318,121.571517
1319,121.5323505
1320,121.6899282
1321,121.8498094
1322,121.887765
1323,121.9279377
1324,121.8231118
1325,121.7609406
1326,121.7861889
1327,121.7174223
1328,121.6779835
1329,121.6407583
1330,121.4907708
1331,121.4215176
1332,121.4251654
1333,121.4965197
1334,121.6061908
1335,121.6981622
1336,121.6981622
1337,121.4771261
1338,121.4953081
1339,121.5884807
1340,121.701954
1341,121.4382843
1342,121.3831026
1343,121.3017949
1344,121.327152
1345,121.187611
1346,121.2698266
1347,121.3003336
1348,121.0556504
1349,121.1887268
1350,121.1470396
1351,121.3034954
1352,121.2446026
1353,120.9239282
1354,121.0373163
1355,121.0119911
1356,121.3411464
1357,121.2786897
1358,121.3343611
1359,121.2884886
1360,121.2707939
1361,120.6965865
1362,120.9004539
1363,121.1501473
1364,121.0903505
1365,120.4785176
1366,120.6288886
1367,120.6288886
1368,120.7955611
1369,120.7178381
1370,120.6091156
1371,120.4587746
1372,120.4448217
1373,120.5235076
1374,120.2527686
1375,119.5847233
1376,119.319582
1377,119.5335891
1378,119.1980741
1379,118.9383631
1380,118.7541712
1381,119.2241213
1382,119.3788576
1383,119.3814033
1384,119.6849745
1385,119.8137846
1386,119.5643392
1387,119.5449235
1388,119.8853835
1389,120.1226774
1390,120.0431568
1391,119.9520426
1392,120.0130471
1393,120.1799555
1394,120.3664571
1395,120.6066121
1396,120.8022127
1397,120.8798885
1398,120.7954803
1399,120.9849637
1400,120.7890716
1401,120.4980469
1402,120.3460006
1403,120.4293365
1404,120.4432728
1405,120.7222598
1406,120.480765
1407,120.5844909
1408,120.6676608
1409,120.3436334
1410,120.5620807
1411,120.469602
1412,120.5035687
1413,120.3782547
1414,120.5841109
1415,120.2893239
1416,121.0363416
1417,121.434651
1418,121.5053318
1419,121.544218
1420,121.5187856
1421,121.4110177
1422,121.5822711
1423,121.5185013
1424,121.5157409
1425,121.5035122
1426,121.3356885
1427,121.2936753
1428,121.4584414
1429,121.3992223
1430,121.288534
1431,121.3142398
1432,121.3836506
1433,121.8362118
1434,121.7782596
1435,121.8861639
1436,121.458136
1437,121.6481688
1438,121.4257389
1439,121.6231786
1440,121.4874618
1441,121.6080538
1442,121.5059569
1443,121.2841919
1444,121.5889721
1445,121.7063029
1446,122.0983943
1447,121.8488883
1448,122.0947908
1449,122.1125999
1450,121.9726497
1451,121.8469754
1452,121.8583672
1453,121.8078715
1454,121.3245877
1455,121.0792319
1456,121.0558642
1457,120.6238517
1458,120.1397135
1459,120.0957199
1460,119.9570138
1461,120.3308476
1462,120.0834348
1463,120.0280556
1464,120.3947115
1465,120.2271492
1466,120.7911176
1467,120.7152478
1468,121.0407847
1469,121.1031735
1470,120.3022157
1471,119.8140756
1472,119.9640014
1473,119.4177197
1474,119.6469177
1475,119.4037027
1476,119.1552039
1477,118.6286858
1478,118.8117605
1479,118.767776
1480,119.1485481
1481,118.9184335
1482,119.5400233
1483,119.5224061
1484,120.219224
1485,119.9245863
1486,120.4089464
1487,120.2145735
1488,119.8501311
1489,120.0997364
1490,119.9622089
1491,119.8975637
1492,120.2572224
1493,120.1728686
1494,120.689499
1495,120.6257216
1496,120.5975416
1497,120.5358106
1498,120.4286081
1499,120.0117318
1500,120.0903773
1501,120.207253
1502,119.7147398
1503,119.5545672
1504,119.5719572
1505,119.6002527
1506,119.3285442
1507,119.1872944
1508,119.0356918
1509,119.1478649
1510,119.1940072
1511,119.4448717
1512,119.3122848
1513,119.1312073
1514,119.5554086
1515,119.5909149
1516,119.5365351
1517,119.5272633
1518,119.2569469
1519,118.9741556
1520,119.0816116
1521,118.5100095
1522,118.4468448
1523,118.1471624
1524,118.4719426
1525,118.4706215
1526,118.2778332
1527,117.8575795
1528,118.7647969
1529,119.2772183
1530,119.5489119
1531,119.7666163
1532,119.4469119
1533,119.5833473
1534,119.2776429
1535,119.4674531
1536,119.640678
1537,119.7563641
1538,119.7184311
1539,119.5592961
1540,119.5700586
1541,119.8544763
1542,119.9105014
1543,120.2952576
1544,120.4277258
1545,120.1058097
1546,120.0771558
1547,119.8314706
1548,119.8698573
1549,119.9600205
1550,119.2875871
1551,119.741678
1552,119.9239024
1553,119.9316999
1554,119.8941336
1555,120.2243146
1556,120.2243146
1557,119.9865034
1558,120.1975603
1559,120.2480453
1560,120.2446318
1561,120.6466991
1562,120.8151212
1563,120.65983
1564,120.4454002
1565,120.3260712
1566,120.2131746
1567,120.4781402
1568,120.2406771
1569,120.2850722
1570,120.2091341
1571,120.294553
1572,120.2750319
1573,120.5271637
1574,120.8442674
1575,121.1209379
1576,121.0758171
1577,121.187542
1578,121.1311802
1579,121.2475371
1580,121.0261721
1581,121.1562058
1582,121.1854785
1583,121.2161737
1584,121.2576291
1585,120.8446963
1586,120.9103703
1587,121.185156
1588,121.261007
1589,121.0223765
1590,120.3761466
1591,120.8940853
1592,120.6773091
1593,120.5484617
1594,119.9769648
1595,120.1792228
1596,120.3188974
1597,120.7991332
1598,120.7326108
1599,120.0640403
1600,120.2233355
1601,120.6008428
1602,120.4544596
1603,120.2530565
1604,120.0537968
1605,120.1435568
1606,120.0194136
1607,119.8175255
1608,119.8307433
1609,119.6073595
1610,119.5781189
1611,119.3403124
1612,119.3392564
1613,119.4666361
1614,119.2928057
1615,119.1509258
1616,119.1694331
1617,119.777949
1618,119.5713235
1619,119.6573107
1620,119.8584592
1621,119.6258343
1622,119.3455908
1623,119.3965237
1624,119.5281142
1625,119.7997337
1626,119.555222
1627,119.3795321
1628,119.309995
1629,119.4166665
1630,119.3118075
1631,119.1559729
1632,119.0432262
1633,119.0785083
1634,118.6776236
1635,118.6967006
1636,119.0416458
1637,119.2695285
1638,119.1086737
1639,119.5242287
1640,119.4584241
1641,119.5479448
1642,120.0505517
1643,119.9759058
1644,119.7665734
1645,119.7467887
1646,119.4919228
1647,119.7628559
1648,120.0177868
1649,119.7816606
1650,120.1508129
1651,120.1402765
1652,119.8790617
1653,119.8661988
1654,119.8357872
1655,119.4705198
1656,119.8601959
1657,119.7492439
1658,119.8921532
1659,119.8588652
1660,119.2206787
1661,119.2206787
1662,119.2987987
1663,119.2137703
1664,119.3856836
1665,119.053738
1666,119.1770559
1667,119.3239513
1668,119.214695
1669,119.2202442
1670,119.1296906
1671,119.261097
1672,119.3122546
1673,118.9497028
1674,118.7348091
1675,118.9726413
1676,119.0065503
1677,119.2220717
1678,119.2737715
1679,119.6348314
1680,120.0430205
1681,120.0537974
1682,119.875463
1683,119.8340893
1684,119.9440489
1685,120.0748964
1686,119.8954999
1687,120.2523259
1688,120.5055898
1689,120.196517
1690,120.4672878
1691,120.1957387
1692,120.340274
1693,120.5779314
1694,120.3199305
1695,120.3681473
1696,120.4249424
1697,120.1514716
1698,120.1794986
1699,119.9191212
1700,120.0985469
1701,120.0356043
1702,120.2122591
1703,120.2283351
1704,120.193887
1705,120.334235
1706,120.5111098
1707,120.3760604
1708,120.1475127
1709,120.4879572
1710,120.5530071
1711,120.5126301
1712,120.4522958
1713,120.4888645
1714,120.3618572
1715,120.5357961
1716,120.4681113
1717,120.3136852
1718,120.4594808
1719,120.549665
1720,120.5336176
1721,120.4703768
1722,120.309251
1723,120.5090315
1724,120.5400554
1725,120.5479331
1726,120.5820278
1727,120.6380575
1728,120.5672871
1729,120.7367744
1730,120.8598545
1731,121.0419464
1732,121.1664152
1733,121.1177838
1734,121.1632292
1735,120.9470461
1736,120.966182
1737,120.9574452
1738,121.0605431
1739,120.937592
1740,120.9901322
1741,120.9823477
1742,120.928745
1743,120.8131073
1744,120.6867586
1745,120.5492985
1746,120.6604174
1747,120.8222197
1748,120.8440205
1749,120.9986873
1750,121.1947595
1751,121.0603068
1752,121.2624068
1753,121.2541383
1754,121.3487222
1755,121.4647073
1756,121.4635165
1757,121.3881604
1758,121.6630557
1759,121.6662538
1760,121.8089429
1761,121.9481477
1762,122.0440997
1763,122.2469088
1764,122.0230395
1765,122.0536651
1766,122.0270483
1767,122.111007
1768,122.1178452
1769,121.9537821
1770,121.9400329
1771,121.983788
1772,122.0459163
1773,121.8993548
1774,121.6752527
1775,121.6494298
1776,121.7336727
1777,121.7362207
1778,121.911995
1779,122.1385607
1780,122.1375642
1781,122.2483091
1782,122.1736227
1783,122.1567086
1784,122.2725919
1785,122.4600231
1786,122.5074841
1787,122.606372
1788,122.6122522
1789,122.4324463
1790,122.6882332
1791,122.6961827
1792,122.5368532
1793,122.5143373
1794,122.8462803
1795,122.9342408
1796,122.9127978
1797,122.5494813
1798,122.5962282
1799,122.6141868
1800,122.4880912
1801,122.8137494
1802,123.0268893
1803,122.7551375
1804,122.6594689
1805,123.0760823
1806,122.9137211
1807,122.980916
1808,123.1993752
1809,123.2255082
1810,123.0916538
1811,123.3093214
1812,123.3382584
1813,123.7266474
1814,123.5384092
1815,123.3754994
1816,123.2233409
1817,123.0725617
1818,122.9846016
1819,123.2925008
1820,123.2047071
1821,123.2458512
1822,123.1842932
1823,122.8808196
1824,122.8224029
1825,122.9759605
1826,123.2578578
1827,123.3634483
1828,123.5182693
1829,123.3629264
1830,123.2718862
1831,123.3737047
1832,123.2977016
1833,123.2419789
1834,123.1495476
1835,123.1817806
1836,123.2393096
1837,123.2328693
1838,123.235995
1839,123.7531393
1840,124.0100952
1841,123.93624
1842,123.7711838
1843,124.0084229
1844,123.8694631
1845,123.2509654
1846,123.5015174
1847,123.2056297
1848,122.9467454
1849,123.0428839
1850,123.5034111
1851,123.0699377
1852,123.2517297
1853,123.3166445
1854,123.5152424
1855,123.2721571
1856,123.2480738
1857,123.4160293
1858,123.4878666
1859,123.4824882
1860,122.9906489
1861,123.2848531
1862,123.2311563
1863,123.5329801
1864,123.6606865
1865,123.893171
1866,124.4828907
1867,125.1700413
1868,124.8484154
1869,124.5000591
1870,124.4800428
1871,124.058228
1872,123.7205897
1873,123.889685
1874,123.5981604
1875,123.7750328
1876,124.1115063
1877,123.9548113
1878,124.1642831
1879,124.0954258
1880,123.9159119
1881,124.0154703
1882,124.3089414
1883,124.1258892
1884,124.0478756
1885,124.1775063
1886,124.1723907
1887,124.436187
1888,124.1843504
1889,125.3335659
1890,125.4964634
1891,124.949585
1892,124.6871354
1893,124.7114447
1894,125.1593867
1895,125.2823894
1896,125.5344036
1897,125.3821571
1898,124.412192
1899,124.6462443
1900,124.9829913
1901,124.9106856
1902,124.7389606
1903,125.2425725
1904,124.9515
1905,124.9509598
1906,124.7300854
1907,124.8695596
1908,124.627831
1909,124.4150268
1910,124.3383716
1911,124.3260397
1912,124.317204
1913,124.1017303
1914,124.1961951
1915,123.9781014
1916,124.3681739
1917,124.3901333
1918,124.5895371
1919,125.0031864
1920,124.4136926
1921,124.5151469
1922,124.7817469
1923,124.7649979
1924,124.6824203
1925,124.8794725
1926,124.9172919
1927,124.7084987
1928,125.4975088
1929,125.7811573
1930,125.5888388
1931,125.4543451
1932,125.3590143
1933,124.8485419
1934,125.0173625
1935,124.8895291
1936,125.1279485
1937,125.2531843
1938,124.9111192
1939,125.2030152
1940,125.3902081
1941,125.1318984
1942,125.6248523
1943,126.2996458
1944,126.3714409
1945,126.5292837
1946,126.0483851
1947,126.2006804
1948,126.448066
1949,126.6376951
1950,126.1075568
1951,126.0280324
1952,126.5216605
1953,126.5000466
1954,126.5341237
1955,127.2962211
1956,127.2113065
1957,126.9666535
1958,127.2325629
1959,127.1557048
1960,127.8342898
1961,128.3214121
1962,128.6990594
1963,127.8639525
1964,127.5855053
1965,127.2965096
1966,127.3645495
1967,127.0143812
1968,127.2134538
1969,126.620259
1970,126.932181
1971,126.6617209
1972,126.3679259
1973,126.5514694
1974,126.8612343
1975,126.6835187
1976,126.527599
1977,126.7050219
1978,126.6613769
1979,126.7528376
1980,127.2511343
1981,126.9135117
1982,126.9168392
1983,126.8320748
1984,126.9975352
1985,127.0259899
1986,126.6868298
1987,126.3330986
1988,126.5928977
1989,126.5178242
1990,126.1736908
1991,125.7709716
1992,125.84723
1993,126.246017
1994,126.3230582
1995,126.4863393
1996,126.1365505
1997,126.4329205
1998,126.5069906
1999,126.579112
2000,126.664283
2001,126.6756328
2002,126.8417166
2003,126.6452964
2004,126.6556914
2005,126.3114002
2006,126.2658355
2007,126.4408593
2008,126.5283862
2009,126.6098626
2010,126.797624
2011,126.8328885
2012,126.6797169
2013,126.8131425
2014,126.9743969
2015,126.4732739
2016,126.3852078
2017,125.971833
2018,125.8974289
2019,126.1457874
2020,126.1728144
2021,126.0269628
2022,126.2699037
2023,126.3120245
2024,125.9612992
2025,125.8978581
2026,125.837112
2027,126.3845319
2028,126.0427401
2029,125.912092
2030,126.1161571
2031,125.913977
2032,125.796549
2033,125.6494971
2034,125.7062551
2035,125.4398402
2036,125.2211162
2037,123.953793
2038,123.876235
2039,124.2574722
2040,123.545914
2041,123.6786651
2042,124.0809292
2043,124.0462886
2044,123.5727273
2045,122.2659681
2046,121.8896832
2047,122.601791
2048,123.3009268
2049,123.8619988
2050,123.1446926
2051,123.00259
2052,122.6477436
2053,122.8666529
2054,123.0520233
2055,122.5626199
2056,122.3176259
2057,122.885978
2058,122.6736247
2059,123.0598709
2060,123.0368323
2061,123.5650176
2062,124.012426
2063,124.1972912
2064,123.8784975
2065,124.029623
2066,124.029623
2067,123.7770353
2068,123.136236
2069,123.0100413
2070,122.8570196
2071,122.5019446
2072,122.6026187
2073,122.9920644
2074,122.3747243
2075,122.000324
2076,123.0106071
2077,122.4399849
2078,123.2002651
2079,123.411399
2080,123.5744242
2081,123.3924168
2082,123.6487435
2083,124.9379578
2084,125.0150426
2085,125.0122448
2086,124.7163131
2087,124.4871624
2088,124.4919751
2089,125.2286459
2090,125.2902911
2091,125.5656249
2092,125.4173704
2093,125.2806832
2094,124.9525679
2095,124.7731188
2096,125.0220645
2097,125.1953345
2098,125.0764548
2099,124.7965651
2100,124.4719481
2101,124.3252775
2102,124.4231631
2103,124.5009595
2104,124.4301434
2105,124.3200164
2106,124.5994157
2107,124.5528684
2108,124.775647
2109,125.0550765
2110,125.2975527
2111,125.0739269
2112,125.6584034
2113,126.2386785
2114,126.0873009
2115,125.9344183
2116,126.2901235
2117,126.353642
2118,126.0074653
2119,126.1702885
2120,126.1819357
2121,125.827132
2122,125.6688792
2123,125.3222229
2124,125.6381905
2125,124.9422442
2126,125.445486
2127,125.9847529
2128,125.7749577
2129,125.3806433
2130,125.7709384
2131,126.0685451
2132,126.2404301
2133,126.1336261
2134,125.8402456
2135,125.8386484
2136,125.6479421
2137,125.4158244
2138,125.3891161
2139,125.2205806
2140,125.2915605
2141,124.9728643
2142,125.2204325
2143,124.4468371
2144,124.3118368
2145,123.3913597
2146,124.489193
2147,124.3906565
2148,124.1544319
2149,124.4578205
2150,124.1597279
2151,124.4628231
2152,124.5372343
2153,124.7777418
2154,125.2437576
2155,125.5451954
2156,125.340178
2157,125.5117231
2158,124.8744829
2159,125.0534444
2160,125.7844507
2161,125.5537147
2162,125.0458412
2163,124.9931601
2164,126.2174857
2165,125.6317478
2166,125.575478
2167,126.0250709
2168,126.4005412
2169,126.5012733
2170,126.1267055
2171,125.9647469
2172,125.7031995
2173,125.5594818
2174,125.6578743
2175,125.3326656
2176,126.1968433
2177,125.3971613
2178,125.7748879
2179,126.0768884
2180,125.974645
2181,126.280469
2182,126.5143662
2183,126.5588937
2184,126.9266488
2185,127.7642932
2186,127.3840451
2187,126.7530101
2188,126.9966222
2189,126.4029846
2190,126.862412
2191,127.0270551
2192,126.8379276
2193,127.4929694
2194,127.933655
2195,127.5017298
2196,127.5165443
2197,127.578025
2198,127.5016756
2199,127.466787
2200,127.2759754
2201,127.326684
2202,128.05066
2203,127.9572395
2204,127.9773786
2205,127.9505458
2206,127.7080618
2207,127.5864019
2208,128.1982636
2209,127.6565597
2210,127.7428961
2211,127.7994348
2212,127.8197094
2213,127.7655167
2214,126.6439709
2215,126.6787816
2216,127.720213
2217,128.3946043
2218,128.1599653
2219,127.7949238
2220,127.8277106
2221,127.8250685
2222,127.6255383
2223,127.8549788
2224,127.5813103
2225,127.0344906
2226,127.1049885
2227,126.6999786
2228,126.3946454
2229,126.6408055
2230,126.4198947
2231,125.7398653
2232,126.0836133
2233,125.7673111
2234,125.5463334
2235,125.9978155
2236,126.2447844
2237,126.0880085
2238,125.727598
2239,126.0849212
2240,125.9330992
2241,126.1655143
2242,126.1243284
2243,126.2548532
2244,126.5504094
2245,126.468382
2246,126.4030018
2247,126.7112443
2248,126.4319812
2249,126.7104898
2250,127.0815347
2251,127.2514649
2252,127.4017996
2253,127.4399862
2254,127.1925765
2255,127.0136228
2256,127.4695364
2257,127.865416
2258,128.0092788
2259,128.3087053
2260,127.8406741
2261,127.8755271
2262,128.2870801
2263,128.3640834
2264,127.7941515
2265,128.0496385
2266,127.8941631
2267,128.3233348
2268,128.4475178
2269,128.5347832
2270,128.5817617
2271,128.5203921
2272,128.4106924
2273,128.5871255
2274,128.7664894
2275,128.9710279
2276,128.7087394
2277,129.1096674
2278,128.8702906
2279,129.1217247
2280,129.2319352
2281,129.0804652
2282,128.9713939
2283,128.7492314
2284,128.8443357
2285,128.7836426
2286,128.3889337
2287,128.6610164
2288,129.1501651
2289,128.8026567
2290,129.0156011
2291,129.1207271
2292,128.8491156
2293,128.977787
2294,128.9860247
2295,128.7830226
2296,128.8388074
2297,128.8112698
2298,128.7591713
2299,128.6163223
2300,128.4351619
2301,128.5172794
2302,128.3322908
2303,128.105163
2304,127.9838042
2305,127.4592395
2306,127.2926004
2307,127.3470104
2308,127.1962976
2309,127.3181283
2310,127.2398022
2311,127.3419066
2312,127.3190971
2313,127.4412479
2314,127.4821079
2315,127.5375526
2316,127.7554676
2317,128.0477851
2318,127.9479401
2319,127.7016139
2320,127.2099719
2321,127.4427918
2322,126.854677
2323,127.1499913
2324,127.1307971
2325,127.0042472
2326,127.3627123
2327,127.5316932
2328,127.7340259
2329,127.4172017
2330,127.2090967
2331,127.0385151
2332,127.1008607
2333,127.141481
2334,126.7661265
2335,126.6756507
2336,126.7486962
2337,126.5312838
2338,126.6997895
2339,126.7131872
2340,126.4564476
2341,126.5907173
2342,126.7343884
2343,126.481251
2344,126.4463773
2345,125.8981286
2346,126.0472503
2347,126.2006463
2348,126.0615902
2349,125.9052556
2350,125.9188676
2351,125.970724
2352,126.4279628
2353,126.1686095
2354,126.1107959
2355,126.1719515
2356,126.1368837
2357,126.0802991
2358,126.2244837
2359,126.1346859
2360,126.0395603
2361,125.9246738
2362,126.1931382
2363,125.9287968
2364,125.5764277
2365,125.5601885
2366,126.2099577
2367,126.2222913
2368,126.1794148
2369,126.1489184
2370,126.0734222
2371,126.0997861
2372,126.0776717
2373,125.9794546
2374,126.0809148
2375,126.385623
2376,126.3718177
2377,126.2338548
2378,125.7339915
2379,126.3442396
2380,126.5799241
2381,126.0933128
2382,126.2201505
2383,126.2522722
2384,126.2772058
2385,125.9446362
2386,126.0113888
2387,126.0238928
2388,125.7497935
2389,125.8949527
2390,125.7141951
2391,125.5210745
2392,125.9277369
2393,125.6740114
2394,125.2359727
2395,125.4123314
2396,125.307871
2397,125.2087038
2398,125.3013753
2399,124.8810738
2400,125.0528052
2401,125.0698869
2402,125.5050591
2403,125.803501
2404,125.8827656
2405,125.6282648
2406,125.7851831
2407,125.7654091
2408,126.5211572
2409,126.2111358
2410,125.9597718
2411,126.0267906
2412,126.1412299
2413,125.8119777
2414,126.085047
2415,126.0686623
2416,125.8527776
2417,125.7953889
2418,126.3616725
2419,125.6812934
2420,125.2783545
2421,125.8831085
2422,126.4147632
2423,126.2179676
2424,126.2221892
2425,126.4035668
2426,126.2655033
2427,125.9638829
2428,125.9394639
2429,125.7114022
2430,125.7545993
2431,125.7135764
2432,126.0015575
2433,126.0254408
2434,125.9004926
2435,125.9365468
2436,125.9887736
2437,126.0979717
2438,126.5239103
2439,126.7401539
2440,127.3105689
2441,127.227583
2442,127.3739201
2443,127.0999322
2444,127.3958262
2445,127.1053566
2446,127.0520101
2447,127.2189001
2448,127.012796
2449,126.723274
2450,126.7927552
2451,126.7753351
2452,127.0244225
2453,127.2431177
2454,127.0612637
2455,126.9904507
2456,127.3801582
2457,126.6982236
2458,126.8193336
2459,126.8320619
2460,126.7256529
2461,126.9272755
2462,126.9729787
2463,127.3235775
2464,127.3966486
2465,127.3387171
2466,127.401741
2467,127.2864405
2468,127.1078699
2469,127.1483098
2470,127.2053241
2471,127.1031554
2472,127.0078162
2473,127.3108092
2474,127.2662913
2475,127.396064
2476,127.0668524
2477,126.8562123
2478,126.9403497
2479,126.8703185
2480,126.5914496
2481,126.7832258
2482,126.715917
2483,126.715917
2484,126.7343127
2485,126.5616726
2486,126.6147633
2487,126.7609642
2488,126.7556883
2489,126.2981724
2490,125.6727285
2491,126.1037772
2492,125.9444637
2493,125.7960749
2494,126.0128636
2495,126.1255396
2496,126.3618668
2497,126.0696325
2498,126.1296733
2499,126.5638715
2500,126.4415173
2501,126.3840192
2502,126.2617167
2503,126.5965493
2504,126.5127225
2505,126.7588767
2506,126.6298282
2507,126.6006466
2508,126.3500599
2509,126.2771209
2510,126.3936144
2511,126.4908675
2512,126.3763918
2513,126.2423955
2514,126.5152334
2515,126.2268486
2516,126.3491278
2517,126.5191856
2518,126.8910655
2519,126.6367176
2520,126.4446635
2521,126.4546018
2522,126.5521704
2523,126.5024511
2524,126.4249176
2525,126.4201661
2526,126.3988832
2527,125.9955703
2528,126.0611397
2529,126.1391584
2530,126.1956053
2531,126.3003465
2532,126.3436671
2533,126.5310276
2534,126.1647572
2535,126.1990257
2536,126.1990257
2537,126.1001802
2538,126.3335283
2539,126.7057083
2540,126.2913753
2541,126.4229721
2542,126.2929275
2543,126.1462943
2544,126.0156486
2545,126.1854519
2546,126.3917765
2547,126.4927479
2548,126.5605234
2549,126.540627
2550,126.4103261
2551,126.1896853
2552,125.9144724
2553,125.7469589
2554,125.8364709
2555,126.1475471
2556,125.8445463
2557,125.8090437
2558,125.7634911
2559,125.5340838
2560,125.6954647
2561,125.6906063
2562,125.651507
2563,125.6890351
2564,125.5016138
2565,125.5722126
2566,125.5473516
2567,125.6600754
2568,125.5842887
2569,125.5753603
2570,125.3027856
2571,125.3735346
2572,125.4472628
2573,125.5525713
2574,125.5109412
2575,125.2550932
2576,125.2043765
2577,125.2693488
2578,125.4520891
2579,125.7850615
2580,125.7653191
2581,125.5932681
2582,125.6738912
2583,125.7600711
2584,125.8692691
2585,125.8469122
2586,125.9494377
2587,125.9365641
2588,126.0386274
2589,125.9515722
2590,126.2384601
2591,126.2344018
2592,126.147417
2593,126.1637513
2594,126.1267553
2595,125.9482471
2596,126.0216221
2597,125.9623664
2598,125.9204728
2599,125.9886946
2600,125.9486239
2601,126.0913267
2602,126.3059954
2603,126.3439716
2604,126.5570513
2605,126.6466046
2606,126.6012579
2607,126.5908375
2608,126.4672031
