2007-10-21 00:00:00,0.769163
2007-10-22 00:00:00,0.760837
2007-10-23 00:00:00,0.7572399999999999
2007-10-24 00:00:00,0.756408
2007-10-25 00:00:00,0.7505850000000001
2007-10-29 00:00:00,0.746436
2007-10-30 00:00:00,0.7496550000000001
2007-10-31 00:00:00,0.7409560000000001
2007-11-01 00:00:00,0.752937
2007-11-02 00:00:00,0.74736
2007-11-05 00:00:00,0.748448
2007-11-06 00:00:00,0.742458
2007-11-07 00:00:00,0.749273
2007-11-08 00:00:00,0.74934
2007-11-09 00:00:00,0.758676
2007-11-12 00:00:00,0.781568
2007-11-13 00:00:00,0.7688689999999999
2007-11-14 00:00:00,0.771273
2007-11-15 00:00:00,0.774881
2007-11-16 00:00:00,0.7730090000000001
2007-11-19 00:00:00,0.781425
2007-11-20 00:00:00,0.77575
2007-11-21 00:00:00,0.7918649999999999
2007-11-22 00:00:00,0.7901699999999999
2007-11-23 00:00:00,0.791432
2007-11-26 00:00:00,0.7935300000000001
2007-11-27 00:00:00,0.790496
2007-11-28 00:00:00,0.782524
2007-11-29 00:00:00,0.782122
2007-11-30 00:00:00,0.780065
2007-12-03 00:00:00,0.782513
2007-12-04 00:00:00,0.792684
2007-12-05 00:00:00,0.792996
2007-12-06 00:00:00,0.7873640000000001
2007-12-07 00:00:00,0.79282
2007-12-10 00:00:00,0.7846569999999999
2007-12-11 00:00:00,0.7893100000000001
2007-12-12 00:00:00,0.783924
2007-12-13 00:00:00,0.790117
2007-12-14 00:00:00,0.79898
2007-12-17 00:00:00,0.798068
2007-12-19 00:00:00,0.7976300000000001
2007-12-20 00:00:00,0.797875
2007-12-21 00:00:00,0.7940189999999999
2007-12-24 00:00:00,0.790148
2007-12-25 00:00:00,0.79023
2007-12-26 00:00:00,0.787219
2007-12-27 00:00:00,0.786133
2007-12-28 00:00:00,0.791283
2007-12-31 00:00:00,0.794858
2008-01-01 00:00:00,0.791956
2008-01-02 00:00:00,0.786347
2008-01-03 00:00:00,0.791004
2008-01-04 00:00:00,0.795925
2008-01-07 00:00:00,0.799651
2008-01-08 00:00:00,0.793564
2008-01-09 00:00:00,0.7912520000000001
2008-01-10 00:00:00,0.782663
2008-01-11 00:00:00,0.7813829999999999
2008-01-14 00:00:00,0.779045
2008-01-15 00:00:00,0.7905399999999999
2008-01-16 00:00:00,0.795428
2008-01-17 00:00:00,0.79547
2008-01-18 00:00:00,0.7896270000000001
2008-01-21 00:00:00,0.804427
2008-01-22 00:00:00,0.798593
2008-01-23 00:00:00,0.801301
2008-01-24 00:00:00,0.79386
2008-01-25 00:00:00,0.79597
2008-01-28 00:00:00,0.7923819999999999
2008-01-29 00:00:00,0.791977
2008-01-30 00:00:00,0.796238
2008-01-31 00:00:00,0.788144
2008-02-01 00:00:00,0.7821560000000001
2008-02-04 00:00:00,0.7792319999999999
2008-02-05 00:00:00,0.785931
2008-02-06 00:00:00,0.791161
2008-02-07 00:00:00,0.7886529999999999
2008-02-08 00:00:00,0.78882
2008-02-11 00:00:00,0.7801520000000001
2008-02-12 00:00:00,0.781608
2008-02-13 00:00:00,0.785956
2008-02-14 00:00:00,0.782026
2008-02-15 00:00:00,0.780493
2008-02-18 00:00:00,0.773007
2008-02-19 00:00:00,0.76886
2008-02-20 00:00:00,0.770791
2008-02-21 00:00:00,0.771528
2008-02-22 00:00:00,0.772717
2008-02-25 00:00:00,0.766975
2008-02-26 00:00:00,0.763749
2008-02-27 00:00:00,0.7607649999999999
2008-02-28 00:00:00,0.7598050000000001
2008-02-29 00:00:00,0.770984
2008-03-03 00:00:00,0.765095
2008-03-04 00:00:00,0.776594
2008-03-05 00:00:00,0.770721
2008-03-06 00:00:00,0.774937
2008-03-07 00:00:00,0.777746
2008-03-10 00:00:00,0.785714
2008-03-11 00:00:00,0.775609
2008-03-12 00:00:00,0.772468
2008-03-13 00:00:00,0.767412
2008-03-14 00:00:00,0.772579
2008-03-17 00:00:00,0.786076
2008-03-18 00:00:00,0.781225
2008-03-19 00:00:00,0.78738
2008-03-20 00:00:00,0.7989350000000001
2008-03-21 00:00:00,0.8048390000000001
2008-03-24 00:00:00,0.7919579999999999
2008-03-25 00:00:00,0.790309
2008-03-26 00:00:00,0.788626
2008-03-27 00:00:00,0.78733
2008-03-28 00:00:00,0.78923
2008-03-30 00:00:00,0.794064
2008-04-01 00:00:00,0.7929109999999999
2008-04-02 00:00:00,0.788991
2008-04-03 00:00:00,0.7856569999999999
2008-04-06 00:00:00,0.782961
2008-04-07 00:00:00,0.778672
2008-04-08 00:00:00,0.780536
2008-04-09 00:00:00,0.79061
2008-04-10 00:00:00,0.793058
2008-04-13 00:00:00,0.796078
2008-04-14 00:00:00,0.795977
2008-04-15 00:00:00,0.787554
2008-04-16 00:00:00,0.789462
2008-04-17 00:00:00,0.7902
2008-04-20 00:00:00,0.783718
2008-04-21 00:00:00,0.782995
2008-04-22 00:00:00,0.781141
2008-04-23 00:00:00,0.783859
2008-04-24 00:00:00,0.787115
2008-04-27 00:00:00,0.782922
2008-04-28 00:00:00,0.7878029999999999
2008-04-29 00:00:00,0.780783
2008-05-01 00:00:00,0.783563
2008-05-04 00:00:00,0.778195
2008-05-05 00:00:00,0.774621
2008-05-06 00:00:00,0.7785989999999999
2008-05-07 00:00:00,0.77178
2008-05-08 00:00:00,0.777623
2008-05-11 00:00:00,0.77482
2008-05-12 00:00:00,0.774085
2008-05-13 00:00:00,0.778317
2008-05-14 00:00:00,0.772698
2008-05-15 00:00:00,0.765011
2008-05-18 00:00:00,0.7650060000000001
2008-05-19 00:00:00,0.765189
2008-05-20 00:00:00,0.765278
2008-05-21 00:00:00,0.7684439999999999
2008-05-22 00:00:00,0.766105
2008-05-25 00:00:00,0.764265
2008-05-26 00:00:00,0.764943
2008-05-27 00:00:00,0.761434
2008-05-28 00:00:00,0.7652220000000001
2008-05-29 00:00:00,0.768185
2008-06-01 00:00:00,0.768841
2008-06-02 00:00:00,0.7709239999999999
2008-06-03 00:00:00,0.7647229999999999
2008-06-04 00:00:00,0.764103
2008-06-05 00:00:00,0.7603810000000001
2008-06-08 00:00:00,0.7702060000000001
2008-06-09 00:00:00,0.769752
2008-06-10 00:00:00,0.769988
2008-06-11 00:00:00,0.7745350000000001
2008-06-12 00:00:00,0.771646
2008-06-15 00:00:00,0.774311
2008-06-16 00:00:00,0.774736
2008-06-17 00:00:00,0.772644
2008-06-18 00:00:00,0.769253
2008-06-19 00:00:00,0.7693270000000001
2008-06-22 00:00:00,0.767926
2008-06-23 00:00:00,0.763987
2008-06-24 00:00:00,0.76362
2008-06-25 00:00:00,0.766486
2008-06-26 00:00:00,0.7637729999999999
2008-06-29 00:00:00,0.768178
2008-07-01 00:00:00,0.764606
2008-07-02 00:00:00,0.7649819999999999
2008-07-03 00:00:00,0.7625310000000001
2008-07-06 00:00:00,0.767853
2008-07-07 00:00:00,0.769349
2008-07-08 00:00:00,0.770238
2008-07-09 00:00:00,0.764875
2008-07-10 00:00:00,0.763424
2008-07-13 00:00:00,0.7614609999999999
2008-07-14 00:00:00,0.757846
2008-07-15 00:00:00,0.760729
2008-07-16 00:00:00,0.7606189999999999
2008-07-17 00:00:00,0.760844
2008-07-20 00:00:00,0.758069
2008-07-21 00:00:00,0.757676
2008-07-22 00:00:00,0.76298
2008-07-23 00:00:00,0.765614
2008-07-24 00:00:00,0.768767
2008-07-27 00:00:00,0.767012
2008-07-28 00:00:00,0.767825
2008-07-29 00:00:00,0.775307
2008-07-30 00:00:00,0.7774770000000001
2008-07-31 00:00:00,0.781567
2008-08-03 00:00:00,0.784913
2008-08-04 00:00:00,0.79115
2008-08-05 00:00:00,0.7946270000000001
2008-08-06 00:00:00,0.793089
2008-08-07 00:00:00,0.799074
2008-08-10 00:00:00,0.801289
2008-08-11 00:00:00,0.816671
2008-08-12 00:00:00,0.81791
2008-08-13 00:00:00,0.8173189999999999
2008-08-14 00:00:00,0.811914
2008-08-17 00:00:00,0.8149770000000001
2008-08-18 00:00:00,0.812682
2008-08-19 00:00:00,0.811531
2008-08-20 00:00:00,0.811159
2008-08-21 00:00:00,0.814873
2008-08-24 00:00:00,0.818995
2008-08-25 00:00:00,0.820351
2008-08-26 00:00:00,0.822417
2008-08-27 00:00:00,0.817322
2008-08-28 00:00:00,0.823749
2008-08-31 00:00:00,0.827216
2008-09-01 00:00:00,0.834614
2008-09-02 00:00:00,0.835414
2008-09-03 00:00:00,0.849358
2008-09-04 00:00:00,0.858476
2008-09-07 00:00:00,0.854123
2008-09-08 00:00:00,0.8667739999999999
2008-09-09 00:00:00,0.86984
2008-09-10 00:00:00,0.867516
2008-09-11 00:00:00,0.842407
2008-09-14 00:00:00,0.880073
2008-09-15 00:00:00,0.8750959999999999
2008-09-16 00:00:00,0.885288
2008-09-17 00:00:00,0.8718090000000001
2008-09-18 00:00:00,0.8390569999999999
2008-09-21 00:00:00,0.840878
2008-09-22 00:00:00,0.8412959999999999
2008-09-23 00:00:00,0.843412
2008-09-24 00:00:00,0.840307
2008-09-25 00:00:00,0.847073
2008-09-28 00:00:00,0.874058
2008-09-29 00:00:00,0.879724
2008-09-30 00:00:00,0.8784270000000001
2008-10-01 00:00:00,0.891733
2008-10-02 00:00:00,0.8890040000000001
2008-10-05 00:00:00,0.9449860000000001
2008-10-06 00:00:00,0.9580120000000001
2008-10-07 00:00:00,1.016897
2008-10-08 00:00:00,0.992476
2008-10-09 00:00:00,1.047475
2008-10-12 00:00:00,0.971464
2008-10-13 00:00:00,0.9726389999999999
2008-10-14 00:00:00,1.02983
2008-10-15 00:00:00,0.9872209999999999
2008-10-16 00:00:00,0.978772
2008-10-19 00:00:00,0.963507
2008-10-20 00:00:00,0.993798
2008-10-21 00:00:00,0.998733
2008-10-22 00:00:00,0.993999
2008-10-23 00:00:00,1.070498
2008-10-27 00:00:00,1.09404
2008-10-28 00:00:00,1.034174
2008-10-29 00:00:00,0.9988600000000001
2008-10-30 00:00:00,1.014197
2008-10-31 00:00:00,1.013767
2008-11-03 00:00:00,0.999865
2008-11-04 00:00:00,0.9743450000000001
2008-11-05 00:00:00,0.992922
2008-11-06 00:00:00,1.000067
2008-11-07 00:00:00,0.9931120000000001
2008-11-10 00:00:00,0.9973879999999999
2008-11-11 00:00:00,1.010281
2008-11-12 00:00:00,1.037858
2008-11-13 00:00:00,0.995755
2008-11-14 00:00:00,1.017782
2008-11-17 00:00:00,1.012276
2008-11-18 00:00:00,1.007866
2008-11-19 00:00:00,1.024653
2008-11-20 00:00:00,1.069551
2008-11-21 00:00:00,1.037421
2008-11-24 00:00:00,1.017796
2008-11-25 00:00:00,1.02154
2008-11-26 00:00:00,1.013308
2008-11-27 00:00:00,1.009272
2008-11-28 00:00:00,1.011312
2008-12-01 00:00:00,1.030638
2008-12-02 00:00:00,1.017539
2008-12-03 00:00:00,1.013002
2008-12-04 00:00:00,1.01795
2008-12-05 00:00:00,1.014269
2008-12-08 00:00:00,1.000464
2008-12-09 00:00:00,1.010969
2008-12-10 00:00:00,1.017217
2008-12-11 00:00:00,1.004237
2008-12-12 00:00:00,1.008649
2008-12-15 00:00:00,1.013832
2008-12-16 00:00:00,0.988067
2008-12-17 00:00:00,0.987532
2008-12-18 00:00:00,1.003822
2008-12-19 00:00:00,0.994392
2008-12-22 00:00:00,1.0100200000000001
2008-12-23 00:00:00,1.013988
2008-12-24 00:00:00,1.0153459999999999
2008-12-25 00:00:00,1.0144540000000002
2008-12-26 00:00:00,1.016053
2008-12-29 00:00:00,1.003464
2008-12-30 00:00:00,1.007871
2008-12-31 00:00:00,0.9911200000000001
2009-01-01 00:00:00,0.987675
2009-01-02 00:00:00,0.966875
2009-01-05 00:00:00,0.9513450000000001
2009-01-06 00:00:00,0.944997
2009-01-07 00:00:00,0.9541200000000001
2009-01-08 00:00:00,0.949307
2009-01-09 00:00:00,0.953177
2009-01-12 00:00:00,0.9882479999999999
2009-01-13 00:00:00,1.005774
2009-01-14 00:00:00,1.007636
2009-01-15 00:00:00,1.0047549999999998
2009-01-16 00:00:00,1.000739
2009-01-19 00:00:00,1.001203
2009-01-20 00:00:00,1.0205959999999998
2009-01-21 00:00:00,1.0140850000000001
2009-01-22 00:00:00,1.0198260000000001
2009-01-23 00:00:00,1.0196209999999999
2009-01-26 00:00:00,1.0070649999999999
2009-01-27 00:00:00,1.0039360000000002
2009-01-28 00:00:00,1.002334
2009-01-29 00:00:00,1.0201639999999998
2009-01-30 00:00:00,1.0372190000000001
2009-02-02 00:00:00,1.0479020000000001
2009-02-03 00:00:00,1.023044
2009-02-04 00:00:00,1.030329
2009-02-05 00:00:00,1.019943
2009-02-06 00:00:00,0.991226
2009-02-09 00:00:00,0.990641
2009-02-10 00:00:00,1.0105600000000001
2009-02-11 00:00:00,1.0148030000000001
2009-02-12 00:00:00,1.00908
2009-02-13 00:00:00,1.0066389999999998
2009-02-16 00:00:00,1.011825
2009-02-17 00:00:00,1.025623
2009-02-18 00:00:00,1.021752
2009-02-19 00:00:00,1.0159049999999998
2009-02-20 00:00:00,1.0111729999999999
2009-02-23 00:00:00,1.018266
2009-02-24 00:00:00,1.007957
2009-02-25 00:00:00,1.008746
2009-02-26 00:00:00,1.002139
2009-02-27 00:00:00,1.0080930000000001
2009-03-02 00:00:00,1.020886
2009-03-03 00:00:00,1.008752
2009-03-04 00:00:00,0.9985790000000001
2009-03-05 00:00:00,1.0064309999999999
2009-03-06 00:00:00,1.008286
2009-03-09 00:00:00,1.015536
2009-03-10 00:00:00,1.005277
2009-03-11 00:00:00,1.007708
2009-03-12 00:00:00,1.000524
2009-03-13 00:00:00,0.987131
2009-03-16 00:00:00,0.9896219999999999
2009-03-17 00:00:00,0.98756
2009-03-18 00:00:00,0.974741
2009-03-19 00:00:00,0.9619409999999999
2009-03-20 00:00:00,0.960676
2009-03-23 00:00:00,0.9424610000000001
2009-03-24 00:00:00,0.946728
2009-03-25 00:00:00,0.948674
2009-03-26 00:00:00,0.9439649999999999
2009-03-27 00:00:00,0.947775
2009-03-29 00:00:00,0.965784
2009-03-30 00:00:00,0.950049
2009-03-31 00:00:00,0.9418040000000001
2009-04-01 00:00:00,0.9289379999999999
2009-04-02 00:00:00,0.9285
2009-04-05 00:00:00,0.931817
2009-04-06 00:00:00,0.9282879999999999
2009-04-07 00:00:00,0.9304870000000001
2009-04-08 00:00:00,0.9189459999999999
2009-04-09 00:00:00,0.9181729999999999
2009-04-12 00:00:00,0.904281
2009-04-13 00:00:00,0.922118
2009-04-14 00:00:00,0.9152170000000001
2009-04-15 00:00:00,0.926802
2009-04-16 00:00:00,0.9225180000000001
2009-04-19 00:00:00,0.9460930000000001
2009-04-20 00:00:00,0.936657
2009-04-21 00:00:00,0.9378110000000001
2009-04-22 00:00:00,0.935322
2009-04-23 00:00:00,0.9297700000000001
2009-04-26 00:00:00,0.9435620000000001
2009-04-27 00:00:00,0.9452379999999999
2009-04-28 00:00:00,0.927457
2009-04-29 00:00:00,0.927791
2009-04-30 00:00:00,0.9215909999999999
2009-05-03 00:00:00,0.91733
2009-05-04 00:00:00,0.915559
2009-05-05 00:00:00,0.9063389999999999
2009-05-06 00:00:00,0.9004620000000001
2009-05-07 00:00:00,0.8928280000000001
2009-05-10 00:00:00,0.8981030000000001
2009-05-11 00:00:00,0.8936129999999999
2009-05-12 00:00:00,0.905048
2009-05-13 00:00:00,0.898476
2009-05-14 00:00:00,0.907084
2009-05-17 00:00:00,0.8913700000000001
2009-05-18 00:00:00,0.882856
2009-05-19 00:00:00,0.8835620000000001
2009-05-20 00:00:00,0.8849020000000001
2009-05-21 00:00:00,0.884431
2009-05-24 00:00:00,0.8857459999999999
2009-05-25 00:00:00,0.87626
2009-05-26 00:00:00,0.883392
2009-05-27 00:00:00,0.8778739999999999
2009-05-28 00:00:00,0.865022
2009-05-31 00:00:00,0.856102
2009-06-01 00:00:00,0.8479469999999999
2009-06-02 00:00:00,0.861926
2009-06-03 00:00:00,0.861165
2009-06-04 00:00:00,0.86462
2009-06-07 00:00:00,0.8695709999999999
2009-06-08 00:00:00,0.8575649999999999
2009-06-09 00:00:00,0.8562690000000001
2009-06-10 00:00:00,0.8408200000000001
2009-06-11 00:00:00,0.847326
2009-06-14 00:00:00,0.8619530000000001
2009-06-15 00:00:00,0.863142
2009-06-16 00:00:00,0.8678870000000001
2009-06-17 00:00:00,0.8587239999999999
2009-06-18 00:00:00,0.8512549999999999
2009-06-21 00:00:00,0.8705719999999999
2009-06-22 00:00:00,0.8659190000000001
2009-06-23 00:00:00,0.8602209999999999
2009-06-24 00:00:00,0.8547290000000001
2009-06-25 00:00:00,0.8506440000000001
2009-06-28 00:00:00,0.850958
2009-06-29 00:00:00,0.8569260000000001
2009-06-30 00:00:00,0.8557290000000001
2009-07-01 00:00:00,0.8679049999999999
2009-07-02 00:00:00,0.8658239999999999
2009-07-05 00:00:00,0.863358
2009-07-06 00:00:00,0.8693860000000001
2009-07-07 00:00:00,0.879699
2009-07-08 00:00:00,0.8740399999999999
2009-07-09 00:00:00,0.87665
2009-07-12 00:00:00,0.8733049999999999
2009-07-13 00:00:00,0.86349
2009-07-14 00:00:00,0.8580479999999999
2009-07-15 00:00:00,0.856297
2009-07-16 00:00:00,0.8581469999999999
2009-07-19 00:00:00,0.853184
2009-07-20 00:00:00,0.8503780000000001
2009-07-21 00:00:00,0.850239
2009-07-22 00:00:00,0.8511479999999999
2009-07-23 00:00:00,0.8491139999999999
2009-07-26 00:00:00,0.844616
2009-07-27 00:00:00,0.841609
2009-07-28 00:00:00,0.848191
2009-07-29 00:00:00,0.840277
2009-07-30 00:00:00,0.831793
2009-08-02 00:00:00,0.8280629999999999
2009-08-03 00:00:00,0.826375
2009-08-04 00:00:00,0.829566
2009-08-05 00:00:00,0.828723
2009-08-06 00:00:00,0.829709
2009-08-09 00:00:00,0.827426
2009-08-10 00:00:00,0.8326309999999999
2009-08-11 00:00:00,0.830849
2009-08-12 00:00:00,0.822493
2009-08-13 00:00:00,0.832778
2009-08-16 00:00:00,0.837793
2009-08-17 00:00:00,0.832723
2009-08-18 00:00:00,0.83301
2009-08-19 00:00:00,0.833715
2009-08-20 00:00:00,0.833542
2009-08-23 00:00:00,0.8276389999999999
2009-08-24 00:00:00,0.8311280000000001
2009-08-25 00:00:00,0.8362620000000001
2009-08-26 00:00:00,0.8251700000000001
2009-08-27 00:00:00,0.822893
2009-08-30 00:00:00,0.8231459999999999
2009-08-31 00:00:00,0.838283
2009-09-01 00:00:00,0.830664
2009-09-02 00:00:00,0.827119
2009-09-03 00:00:00,0.816241
2009-09-06 00:00:00,0.81543
2009-09-07 00:00:00,0.812022
2009-09-08 00:00:00,0.814562
2009-09-09 00:00:00,0.814326
2009-09-10 00:00:00,0.81524
2009-09-13 00:00:00,0.81533
2009-09-14 00:00:00,0.8155220000000001
2009-09-15 00:00:00,0.811623
2009-09-16 00:00:00,0.811908
2009-09-17 00:00:00,0.814032
2009-09-20 00:00:00,0.816501
2009-09-21 00:00:00,0.808723
2009-09-22 00:00:00,0.813132
2009-09-23 00:00:00,0.815673
2009-09-24 00:00:00,0.8167220000000001
2009-09-27 00:00:00,0.807955
2009-09-28 00:00:00,0.8068810000000001
2009-09-29 00:00:00,0.8033939999999999
2009-09-30 00:00:00,0.8134359999999999
2009-10-01 00:00:00,0.8171649999999999
2009-10-04 00:00:00,0.8097340000000001
2009-10-05 00:00:00,0.801313
2009-10-06 00:00:00,0.800887
2009-10-07 00:00:00,0.795639
2009-10-08 00:00:00,0.792876
2009-10-11 00:00:00,0.78861
2009-10-12 00:00:00,0.790613
2009-10-13 00:00:00,0.785822
2009-10-14 00:00:00,0.7791779999999999
2009-10-15 00:00:00,0.784077
2009-10-18 00:00:00,0.775562
2009-10-19 00:00:00,0.775818
2009-10-20 00:00:00,0.775397
2009-10-21 00:00:00,0.7732140000000001
2009-10-22 00:00:00,0.777483
2009-10-26 00:00:00,0.780176
2009-10-27 00:00:00,0.780076
2009-10-28 00:00:00,0.792153
2009-10-29 00:00:00,0.782814
2009-10-30 00:00:00,0.793126
2009-11-02 00:00:00,0.7900159999999999
2009-11-03 00:00:00,0.790083
2009-11-04 00:00:00,0.787829
2009-11-05 00:00:00,0.787158
2009-11-06 00:00:00,0.781831
2009-11-09 00:00:00,0.774515
2009-11-10 00:00:00,0.774263
2009-11-11 00:00:00,0.7749659999999999
2009-11-12 00:00:00,0.777698
2009-11-13 00:00:00,0.7729729999999999
2009-11-16 00:00:00,0.771722
2009-11-17 00:00:00,0.775307
2009-11-18 00:00:00,0.7782680000000001
2009-11-19 00:00:00,0.783235
2009-11-20 00:00:00,0.787036
2009-11-23 00:00:00,0.781266
2009-11-24 00:00:00,0.783682
2009-11-25 00:00:00,0.780341
2009-11-26 00:00:00,0.797016
2009-11-27 00:00:00,0.793747
2009-11-30 00:00:00,0.788567
2009-12-01 00:00:00,0.782842
2009-12-02 00:00:00,0.781071
2009-12-03 00:00:00,0.783175
2009-12-04 00:00:00,0.78665
2009-12-07 00:00:00,0.786794
2009-12-08 00:00:00,0.794978
2009-12-09 00:00:00,0.790821
2009-12-10 00:00:00,0.785601
2009-12-11 00:00:00,0.787193
2009-12-14 00:00:00,0.785473
2009-12-15 00:00:00,0.791452
2009-12-16 00:00:00,0.795848
2009-12-17 00:00:00,0.804374
2009-12-18 00:00:00,0.8009850000000001
2009-12-21 00:00:00,0.807624
2009-12-22 00:00:00,0.810932
2009-12-23 00:00:00,0.8070149999999999
2009-12-24 00:00:00,0.804054
2009-12-25 00:00:00,0.802828
2009-12-28 00:00:00,0.802562
2009-12-29 00:00:00,0.796313
2009-12-30 00:00:00,0.796141
2009-12-31 00:00:00,0.792934
2010-01-01 00:00:00,0.793187
2010-01-04 00:00:00,0.784467
2010-01-05 00:00:00,0.7851520000000001
2010-01-06 00:00:00,0.779732
2010-01-07 00:00:00,0.779734
2010-01-08 00:00:00,0.775188
2010-01-11 00:00:00,0.774928
2010-01-12 00:00:00,0.780909
2010-01-13 00:00:00,0.77982
2010-01-14 00:00:00,0.774173
2010-01-15 00:00:00,0.779488
2010-01-18 00:00:00,0.777265
2010-01-19 00:00:00,0.779672
2010-01-20 00:00:00,0.7838109999999999
2010-01-21 00:00:00,0.787449
2010-01-22 00:00:00,0.790032
2010-01-25 00:00:00,0.789737
2010-01-26 00:00:00,0.792142
2010-01-27 00:00:00,0.7942060000000001
2010-01-28 00:00:00,0.797137
2010-01-29 00:00:00,0.804439
2010-02-01 00:00:00,0.795671
2010-02-02 00:00:00,0.800938
2010-02-03 00:00:00,0.802933
2010-02-04 00:00:00,0.810308
2010-02-05 00:00:00,0.809805
2010-02-08 00:00:00,0.813844
2010-02-09 00:00:00,0.804621
2010-02-10 00:00:00,0.804642
2010-02-11 00:00:00,0.796271
2010-02-12 00:00:00,0.796953
2010-02-15 00:00:00,0.796388
2010-02-16 00:00:00,0.7901859999999999
2010-02-17 00:00:00,0.791507
2010-02-18 00:00:00,0.7947390000000001
2010-02-19 00:00:00,0.787177
2010-02-22 00:00:00,0.788157
2010-02-23 00:00:00,0.7942
2010-02-24 00:00:00,0.793502
2010-02-25 00:00:00,0.8005680000000001
2010-02-26 00:00:00,0.79394
2010-03-01 00:00:00,0.790729
2010-03-02 00:00:00,0.788722
2010-03-03 00:00:00,0.7895449999999999
2010-03-04 00:00:00,0.793053
2010-03-05 00:00:00,0.786153
2010-03-08 00:00:00,0.786503
2010-03-09 00:00:00,0.781151
2010-03-10 00:00:00,0.7827729999999999
2010-03-11 00:00:00,0.781466
2010-03-12 00:00:00,0.784243
2010-03-15 00:00:00,0.783352
2010-03-16 00:00:00,0.780504
2010-03-17 00:00:00,0.7775380000000001
2010-03-18 00:00:00,0.77808
2010-03-19 00:00:00,0.780926
2010-03-22 00:00:00,0.777543
2010-03-23 00:00:00,0.7773100000000001
2010-03-24 00:00:00,0.779976
2010-03-25 00:00:00,0.782176
2010-03-26 00:00:00,0.787985
2010-03-28 00:00:00,0.7797
2010-03-29 00:00:00,0.777877
2010-03-30 00:00:00,0.780578
2010-03-31 00:00:00,0.777356
2010-04-01 00:00:00,0.776825
2010-04-04 00:00:00,0.777092
2010-04-05 00:00:00,0.772008
2010-04-06 00:00:00,0.7730630000000001
2010-04-07 00:00:00,0.772333
2010-04-08 00:00:00,0.770925
2010-04-11 00:00:00,0.77599
2010-04-12 00:00:00,0.774695
2010-04-13 00:00:00,0.77815
2010-04-14 00:00:00,0.7793479999999999
2010-04-15 00:00:00,0.786722
2010-04-18 00:00:00,0.784482
2010-04-19 00:00:00,0.781043
2010-04-20 00:00:00,0.78573
2010-04-21 00:00:00,0.7873180000000001
2010-04-22 00:00:00,0.7868149999999999
2010-04-25 00:00:00,0.788673
2010-04-26 00:00:00,0.79409
2010-04-27 00:00:00,0.787095
2010-04-28 00:00:00,0.7853640000000001
2010-04-29 00:00:00,0.78927
2010-05-02 00:00:00,0.787576
2010-05-03 00:00:00,0.796609
2010-05-04 00:00:00,0.791934
2010-05-05 00:00:00,0.8035770000000001
2010-05-06 00:00:00,0.80753
2010-05-09 00:00:00,0.802294
2010-05-10 00:00:00,0.8083600000000001
2010-05-11 00:00:00,0.809557
2010-05-12 00:00:00,0.8079729999999999
2010-05-13 00:00:00,0.813509
2010-05-16 00:00:00,0.820742
2010-05-17 00:00:00,0.8310540000000001
2010-05-18 00:00:00,0.84536
2010-05-19 00:00:00,0.872534
2010-05-20 00:00:00,0.854784
2010-05-23 00:00:00,0.861202
2010-05-24 00:00:00,0.856049
2010-05-25 00:00:00,0.8575780000000001
2010-05-26 00:00:00,0.8438040000000001
2010-05-27 00:00:00,0.838735
2010-05-30 00:00:00,0.8439610000000001
2010-05-31 00:00:00,0.85006
2010-06-01 00:00:00,0.84639
2010-06-02 00:00:00,0.842775
2010-06-03 00:00:00,0.8586090000000001
2010-06-06 00:00:00,0.8685510000000001
2010-06-07 00:00:00,0.856799
2010-06-08 00:00:00,0.852827
2010-06-09 00:00:00,0.8406129999999999
2010-06-10 00:00:00,0.8392229999999999
2010-06-13 00:00:00,0.834145
2010-06-14 00:00:00,0.831883
2010-06-15 00:00:00,0.831491
2010-06-16 00:00:00,0.8283510000000001
2010-06-17 00:00:00,0.8284809999999999
2010-06-20 00:00:00,0.828082
2010-06-21 00:00:00,0.82716
2010-06-22 00:00:00,0.8235459999999999
2010-06-23 00:00:00,0.8285530000000001
2010-06-24 00:00:00,0.824989
2010-06-27 00:00:00,0.8294860000000001
2010-06-28 00:00:00,0.8392299999999999
2010-06-29 00:00:00,0.849425
2010-06-30 00:00:00,0.850209
2010-07-01 00:00:00,0.8532120000000001
2010-07-04 00:00:00,0.85782
2010-07-05 00:00:00,0.847174
2010-07-06 00:00:00,0.837068
2010-07-07 00:00:00,0.8267680000000001
2010-07-08 00:00:00,0.8247270000000001
2010-07-11 00:00:00,0.825785
2010-07-12 00:00:00,0.823089
2010-07-13 00:00:00,0.8257129999999999
2010-07-14 00:00:00,0.824384
2010-07-15 00:00:00,0.83634
2010-07-18 00:00:00,0.836892
2010-07-19 00:00:00,0.8253459999999999
2010-07-20 00:00:00,0.8276030000000001
2010-07-21 00:00:00,0.815358
2010-07-22 00:00:00,0.814864
2010-07-25 00:00:00,0.814913
2010-07-26 00:00:00,0.8147310000000001
2010-07-27 00:00:00,0.819832
2010-07-28 00:00:00,0.813665
2010-07-29 00:00:00,0.8133739999999999
2010-08-01 00:00:00,0.8123239999999999
2010-08-02 00:00:00,0.811546
2010-08-03 00:00:00,0.811768
2010-08-04 00:00:00,0.806941
2010-08-05 00:00:00,0.807493
2010-08-08 00:00:00,0.809018
2010-08-09 00:00:00,0.809866
2010-08-10 00:00:00,0.8091649999999999
2010-08-11 00:00:00,0.818584
2010-08-12 00:00:00,0.818469
2010-08-15 00:00:00,0.8212450000000001
2010-08-16 00:00:00,0.819758
2010-08-17 00:00:00,0.815611
2010-08-18 00:00:00,0.823421
2010-08-19 00:00:00,0.828141
2010-08-22 00:00:00,0.8296620000000001
2010-08-23 00:00:00,0.82796
2010-08-24 00:00:00,0.831289
2010-08-25 00:00:00,0.8325110000000001
2010-08-26 00:00:00,0.8340219999999999
2010-08-29 00:00:00,0.8198639999999999
2010-08-30 00:00:00,0.827467
2010-08-31 00:00:00,0.8263209999999999
2010-09-01 00:00:00,0.815901
2010-09-02 00:00:00,0.8167220000000001
2010-09-05 00:00:00,0.813045
2010-09-06 00:00:00,0.811124
2010-09-07 00:00:00,0.8139029999999999
2010-09-08 00:00:00,0.810569
2010-09-09 00:00:00,0.807122
2010-09-12 00:00:00,0.804455
2010-09-13 00:00:00,0.8011520000000001
2010-09-14 00:00:00,0.79799
2010-09-15 00:00:00,0.7963210000000001
2010-09-16 00:00:00,0.798535
2010-09-19 00:00:00,0.798458
2010-09-20 00:00:00,0.792351
2010-09-21 00:00:00,0.789149
2010-09-22 00:00:00,0.791566
2010-09-23 00:00:00,0.792473
2010-09-26 00:00:00,0.787812
2010-09-27 00:00:00,0.78879
2010-09-28 00:00:00,0.784582
2010-09-29 00:00:00,0.782879
2010-09-30 00:00:00,0.788277
2010-10-03 00:00:00,0.784674
2010-10-04 00:00:00,0.786867
2010-10-05 00:00:00,0.786277
2010-10-06 00:00:00,0.782652
2010-10-07 00:00:00,0.7790279999999999
2010-10-10 00:00:00,0.774406
2010-10-11 00:00:00,0.776937
2010-10-12 00:00:00,0.776807
2010-10-13 00:00:00,0.774255
2010-10-14 00:00:00,0.776895
2010-10-17 00:00:00,0.779208
2010-10-18 00:00:00,0.777069
2010-10-19 00:00:00,0.7838229999999999
2010-10-20 00:00:00,0.779049
2010-10-21 00:00:00,0.78488
2010-10-24 00:00:00,0.7828430000000001
2010-10-25 00:00:00,0.780586
2010-10-26 00:00:00,0.781289
2010-10-27 00:00:00,0.788162
2010-10-28 00:00:00,0.788162
2010-11-01 00:00:00,0.784424
2010-11-02 00:00:00,0.783501
2010-11-03 00:00:00,0.7776569999999999
2010-11-04 00:00:00,0.774918
2010-11-05 00:00:00,0.7675529999999999
2010-11-08 00:00:00,0.766231
2010-11-09 00:00:00,0.7678119999999999
2010-11-10 00:00:00,0.7714810000000001
2010-11-11 00:00:00,0.773622
2010-11-12 00:00:00,0.777623
2010-11-15 00:00:00,0.77955
2010-11-16 00:00:00,0.779021
2010-11-17 00:00:00,0.785525
2010-11-18 00:00:00,0.783539
2010-11-19 00:00:00,0.7794770000000001
2010-11-22 00:00:00,0.7799659999999999
2010-11-23 00:00:00,0.780353
2010-11-24 00:00:00,0.780881
2010-11-25 00:00:00,0.777276
2010-11-26 00:00:00,0.7817850000000001
2010-11-29 00:00:00,0.785289
2010-11-30 00:00:00,0.7880229999999999
2010-12-01 00:00:00,0.789258
2010-12-02 00:00:00,0.7900159999999999
2010-12-03 00:00:00,0.7831670000000001
2010-12-06 00:00:00,0.774687
2010-12-07 00:00:00,0.774621
2010-12-08 00:00:00,0.7767430000000001
2010-12-09 00:00:00,0.7768729999999999
2010-12-10 00:00:00,0.77536
2010-12-13 00:00:00,0.7766569999999999
2010-12-14 00:00:00,0.771108
2010-12-15 00:00:00,0.769928
2010-12-16 00:00:00,0.769365
2010-12-17 00:00:00,0.76871
2010-12-20 00:00:00,0.769582
2010-12-21 00:00:00,0.764827
2010-12-22 00:00:00,0.763971
2010-12-23 00:00:00,0.76645
2010-12-24 00:00:00,0.762828
2010-12-27 00:00:00,0.767979
2010-12-28 00:00:00,0.765794
2010-12-29 00:00:00,0.7623409999999999
2010-12-30 00:00:00,0.760682
2010-12-31 00:00:00,0.764269
2011-01-03 00:00:00,0.76342
2011-01-04 00:00:00,0.765328
2011-01-05 00:00:00,0.771457
2011-01-06 00:00:00,0.773892
2011-01-07 00:00:00,0.776467
2011-01-10 00:00:00,0.775608
2011-01-11 00:00:00,0.774798
2011-01-12 00:00:00,0.786846
2011-01-13 00:00:00,0.779586
2011-01-14 00:00:00,0.77952
2011-01-17 00:00:00,0.784088
2011-01-18 00:00:00,0.781849
2011-01-19 00:00:00,0.781216
2011-01-20 00:00:00,0.7816569999999999
2011-01-21 00:00:00,0.788112
2011-01-24 00:00:00,0.787546
2011-01-25 00:00:00,0.78288
2011-01-26 00:00:00,0.785116
2011-01-27 00:00:00,0.782935
2011-01-28 00:00:00,0.7894329999999999
2011-01-31 00:00:00,0.786732
2011-02-01 00:00:00,0.7840159999999999
2011-02-02 00:00:00,0.778435
2011-02-03 00:00:00,0.777055
2011-02-04 00:00:00,0.773596
2011-02-07 00:00:00,0.774435
2011-02-08 00:00:00,0.774845
2011-02-09 00:00:00,0.7743180000000001
2011-02-10 00:00:00,0.777217
2011-02-11 00:00:00,0.781255
2011-02-14 00:00:00,0.778366
2011-02-15 00:00:00,0.778454
2011-02-16 00:00:00,0.782687
2011-02-17 00:00:00,0.7798039999999999
2011-02-18 00:00:00,0.774438
2011-02-21 00:00:00,0.774564
2011-02-22 00:00:00,0.777225
2011-02-23 00:00:00,0.780754
2011-02-24 00:00:00,0.781283
2011-02-25 00:00:00,0.775929
2011-02-28 00:00:00,0.773409
2011-03-01 00:00:00,0.772509
2011-03-02 00:00:00,0.774742
2011-03-03 00:00:00,0.77554
2011-03-04 00:00:00,0.778921
2011-03-07 00:00:00,0.777891
2011-03-08 00:00:00,0.780517
2011-03-09 00:00:00,0.781574
2011-03-10 00:00:00,0.781158
2011-03-11 00:00:00,0.783992
2011-03-14 00:00:00,0.779957
2011-03-15 00:00:00,0.781881
2011-03-16 00:00:00,0.787907
2011-03-17 00:00:00,0.794381
2011-03-18 00:00:00,0.795456
2011-03-21 00:00:00,0.787836
2011-03-22 00:00:00,0.785455
2011-03-23 00:00:00,0.783817
2011-03-24 00:00:00,0.781068
2011-03-25 00:00:00,0.777418
2011-03-27 00:00:00,0.773645
2011-03-28 00:00:00,0.773201
2011-03-29 00:00:00,0.7707069999999999
2011-03-30 00:00:00,0.768493
2011-03-31 00:00:00,0.767939
2011-04-03 00:00:00,0.7635529999999999
2011-04-04 00:00:00,0.7655350000000001
2011-04-05 00:00:00,0.768989
2011-04-06 00:00:00,0.7606
2011-04-07 00:00:00,0.758554
2011-04-10 00:00:00,0.752988
2011-04-11 00:00:00,0.757846
2011-04-12 00:00:00,0.7617550000000001
2011-04-13 00:00:00,0.75871
2011-04-17 00:00:00,0.761943
2011-04-18 00:00:00,0.763948
2011-04-19 00:00:00,0.763519
2011-04-20 00:00:00,0.756053
2011-04-21 00:00:00,0.753235
2011-04-24 00:00:00,0.75345
2011-04-25 00:00:00,0.754663
2011-04-26 00:00:00,0.7520859999999999
2011-04-27 00:00:00,0.749508
2011-04-28 00:00:00,0.745158
2011-05-01 00:00:00,0.745957
2011-05-02 00:00:00,0.746843
2011-05-03 00:00:00,0.750383
2011-05-04 00:00:00,0.755793
2011-05-05 00:00:00,0.760678
2011-05-08 00:00:00,0.755436
2011-05-09 00:00:00,0.752043
2011-05-10 00:00:00,0.748725
2011-05-11 00:00:00,0.755708
2011-05-12 00:00:00,0.757156
2011-05-15 00:00:00,0.759965
2011-05-16 00:00:00,0.756463
2011-05-17 00:00:00,0.755545
2011-05-18 00:00:00,0.758959
2011-05-19 00:00:00,0.757525
2011-05-22 00:00:00,0.75853
2011-05-23 00:00:00,0.762278
2011-05-24 00:00:00,0.75941
2011-05-25 00:00:00,0.761242
2011-05-26 00:00:00,0.75725
2011-05-29 00:00:00,0.7557
2011-05-30 00:00:00,0.7577619999999999
2011-05-31 00:00:00,0.7598
2011-06-01 00:00:00,0.759343
2011-06-02 00:00:00,0.760205
2011-06-05 00:00:00,0.758134
2011-06-06 00:00:00,0.757576
2011-06-07 00:00:00,0.760621
2011-06-08 00:00:00,0.762883
2011-06-09 00:00:00,0.765352
2011-06-12 00:00:00,0.76781
2011-06-13 00:00:00,0.763809
2011-06-14 00:00:00,0.760545
2011-06-15 00:00:00,0.764196
2011-06-16 00:00:00,0.763725
2011-06-19 00:00:00,0.76485
2011-06-20 00:00:00,0.76446
2011-06-21 00:00:00,0.7655850000000001
2011-06-22 00:00:00,0.7677229999999999
2011-06-23 00:00:00,0.768838
2011-06-26 00:00:00,0.770786
2011-06-27 00:00:00,0.7705489999999999
2011-06-28 00:00:00,0.765911
2011-06-29 00:00:00,0.758492
2011-06-30 00:00:00,0.760275
2011-07-03 00:00:00,0.757033
2011-07-04 00:00:00,0.759731
2011-07-05 00:00:00,0.761467
2011-07-06 00:00:00,0.761424
2011-07-07 00:00:00,0.759367
2011-07-10 00:00:00,0.7632869999999999
2011-07-11 00:00:00,0.765578
2011-07-12 00:00:00,0.770556
2011-07-13 00:00:00,0.763135
2011-07-14 00:00:00,0.7663949999999999
2011-07-17 00:00:00,0.770608
2011-07-18 00:00:00,0.774605
2011-07-19 00:00:00,0.766058
2011-07-20 00:00:00,0.765575
2011-07-21 00:00:00,0.762562
2011-07-24 00:00:00,0.7631819999999999
2011-07-25 00:00:00,0.763676
2011-07-26 00:00:00,0.758256
2011-07-27 00:00:00,0.752729
2011-07-28 00:00:00,0.756252
2011-07-31 00:00:00,0.75456
2011-08-01 00:00:00,0.7580180000000001
2011-08-02 00:00:00,0.770077
2011-08-03 00:00:00,0.771041
2011-08-04 00:00:00,0.781212
2011-08-07 00:00:00,0.793075
2011-08-08 00:00:00,0.8073600000000001
2011-08-09 00:00:00,0.797606
2011-08-10 00:00:00,0.808824
2011-08-11 00:00:00,0.797888
2011-08-14 00:00:00,0.7969470000000001
2011-08-15 00:00:00,0.7944100000000001
2011-08-16 00:00:00,0.7950689999999999
2011-08-17 00:00:00,0.7892939999999999
2011-08-18 00:00:00,0.791668
2011-08-21 00:00:00,0.795613
2011-08-22 00:00:00,0.795665
2011-08-23 00:00:00,0.78967
2011-08-24 00:00:00,0.792471
2011-08-25 00:00:00,0.791087
2011-08-28 00:00:00,0.7855800000000001
2011-08-29 00:00:00,0.777522
2011-08-30 00:00:00,0.776812
2011-08-31 00:00:00,0.777341
2011-09-01 00:00:00,0.77456
2011-09-04 00:00:00,0.782304
2011-09-05 00:00:00,0.787195
2011-09-06 00:00:00,0.787694
2011-09-07 00:00:00,0.777493
2011-09-08 00:00:00,0.7765569999999999
2011-09-11 00:00:00,0.778467
2011-09-12 00:00:00,0.782844
2011-09-13 00:00:00,0.781941
2011-09-14 00:00:00,0.782698
2011-09-15 00:00:00,0.7801739999999999
2011-09-18 00:00:00,0.779273
2011-09-19 00:00:00,0.7790590000000001
2011-09-20 00:00:00,0.773774
2011-09-21 00:00:00,0.771405
2011-09-22 00:00:00,0.7855770000000001
2011-09-25 00:00:00,0.785565
2011-09-26 00:00:00,0.78741
2011-09-27 00:00:00,0.7865989999999999
2011-09-28 00:00:00,0.7900050000000001
2011-09-29 00:00:00,0.7893600000000001
2011-10-02 00:00:00,0.791392
2011-10-03 00:00:00,0.7978569999999999
2011-10-04 00:00:00,0.800122
2011-10-05 00:00:00,0.796575
2011-10-06 00:00:00,0.78998
2011-10-09 00:00:00,0.788752
2011-10-10 00:00:00,0.785199
2011-10-11 00:00:00,0.7825479999999999
2011-10-12 00:00:00,0.771145
2011-10-13 00:00:00,0.771025
2011-10-16 00:00:00,0.764545
2011-10-17 00:00:00,0.772594
2011-10-18 00:00:00,0.768937
2011-10-19 00:00:00,0.770998
2011-10-20 00:00:00,0.76818
2011-10-23 00:00:00,0.760776
2011-10-24 00:00:00,0.7561220000000001
2011-10-25 00:00:00,0.758796
2011-10-26 00:00:00,0.7581439999999999
2011-10-27 00:00:00,0.752265
2011-10-31 00:00:00,0.7529819999999999
2011-11-01 00:00:00,0.756711
2011-11-02 00:00:00,0.7592220000000001
2011-11-03 00:00:00,0.762147
2011-11-04 00:00:00,0.759618
2011-11-07 00:00:00,0.759563
2011-11-08 00:00:00,0.760241
2011-11-09 00:00:00,0.760406
2011-11-10 00:00:00,0.765575
2011-11-11 00:00:00,0.763401
2011-11-14 00:00:00,0.758797
2011-11-15 00:00:00,0.759625
2011-11-16 00:00:00,0.7624609999999999
2011-11-17 00:00:00,0.766947
2011-11-18 00:00:00,0.7720060000000001
2011-11-21 00:00:00,0.7706890000000001
2011-11-22 00:00:00,0.778613
2011-11-23 00:00:00,0.781
2011-11-24 00:00:00,0.786867
2011-11-25 00:00:00,0.787101
2011-11-28 00:00:00,0.78095
2011-11-29 00:00:00,0.7767430000000001
2011-11-30 00:00:00,0.769741
2011-12-01 00:00:00,0.7607659999999999
2011-12-02 00:00:00,0.7625430000000001
2011-12-05 00:00:00,0.7618659999999999
2011-12-06 00:00:00,0.760278
2011-12-07 00:00:00,0.7606609999999999
2011-12-08 00:00:00,0.757858
2011-12-09 00:00:00,0.7594420000000001
2011-12-12 00:00:00,0.757594
2011-12-13 00:00:00,0.7644
2011-12-14 00:00:00,0.7661279999999999
2011-12-15 00:00:00,0.771016
2011-12-16 00:00:00,0.7705029999999999
2011-12-19 00:00:00,0.770187
2011-12-20 00:00:00,0.771166
2011-12-21 00:00:00,0.764258
2011-12-22 00:00:00,0.766115
2011-12-23 00:00:00,0.762699
2011-12-26 00:00:00,0.760781
2011-12-27 00:00:00,0.76198
2011-12-28 00:00:00,0.760355
2011-12-29 00:00:00,0.7636189999999999
2011-12-30 00:00:00,0.7590060000000001
2012-01-02 00:00:00,0.755821
2012-01-03 00:00:00,0.752318
2012-01-04 00:00:00,0.75097
2012-01-05 00:00:00,0.750835
2012-01-06 00:00:00,0.754948
2012-01-09 00:00:00,0.756504
2012-01-10 00:00:00,0.753422
2012-01-11 00:00:00,0.752923
2012-01-12 00:00:00,0.751271
2012-01-13 00:00:00,0.7504689999999999
2012-01-16 00:00:00,0.7520100000000001
2012-01-17 00:00:00,0.750631
2012-01-18 00:00:00,0.750682
2012-01-19 00:00:00,0.75168
2012-01-20 00:00:00,0.754713
2012-01-23 00:00:00,0.750483
2012-01-24 00:00:00,0.749442
2012-01-25 00:00:00,0.753058
2012-01-26 00:00:00,0.749052
2012-01-27 00:00:00,0.748502
2012-01-30 00:00:00,0.751359
2012-01-31 00:00:00,0.751384
2012-02-01 00:00:00,0.749289
2012-02-02 00:00:00,0.7462529999999999
2012-02-03 00:00:00,0.74887
2012-02-06 00:00:00,0.747937
2012-02-07 00:00:00,0.746965
2012-02-08 00:00:00,0.743617
2012-02-09 00:00:00,0.743829
2012-02-10 00:00:00,0.743935
2012-02-13 00:00:00,0.743819
2012-02-14 00:00:00,0.742265
2012-02-15 00:00:00,0.739223
2012-02-16 00:00:00,0.7399680000000001
2012-02-17 00:00:00,0.737477
2012-02-20 00:00:00,0.740504
2012-02-21 00:00:00,0.743345
2012-02-22 00:00:00,0.74605
2012-02-23 00:00:00,0.748322
2012-02-24 00:00:00,0.7447590000000001
2012-02-27 00:00:00,0.745139
2012-02-28 00:00:00,0.740885
2012-02-29 00:00:00,0.741777
2012-03-01 00:00:00,0.744133
2012-03-02 00:00:00,0.741097
2012-03-05 00:00:00,0.743767
2012-03-06 00:00:00,0.745455
2012-03-07 00:00:00,0.749291
2012-03-08 00:00:00,0.751163
2012-03-09 00:00:00,0.750771
2012-03-12 00:00:00,0.7532979999999999
2012-03-13 00:00:00,0.7554109999999999
2012-03-14 00:00:00,0.753735
2012-03-15 00:00:00,0.754866
2012-03-16 00:00:00,0.752021
2012-03-19 00:00:00,0.750374
2012-03-20 00:00:00,0.750883
2012-03-21 00:00:00,0.755011
2012-03-22 00:00:00,0.756536
2012-03-23 00:00:00,0.760601
2012-03-25 00:00:00,0.757252
2012-03-26 00:00:00,0.75566
2012-03-27 00:00:00,0.7616
2012-03-28 00:00:00,0.7652329999999999
2012-03-29 00:00:00,0.765655
2012-04-01 00:00:00,0.765536
2012-04-02 00:00:00,0.76548
2012-04-03 00:00:00,0.772438
2012-04-04 00:00:00,0.772942
2012-04-05 00:00:00,0.7712640000000001
2012-04-08 00:00:00,0.770397
2012-04-09 00:00:00,0.769289
2012-04-10 00:00:00,0.773972
2012-04-11 00:00:00,0.7711819999999999
2012-04-12 00:00:00,0.766054
2012-04-15 00:00:00,0.774035
2012-04-16 00:00:00,0.772834
2012-04-17 00:00:00,0.770429
2012-04-18 00:00:00,0.770733
2012-04-19 00:00:00,0.772907
2012-04-22 00:00:00,0.771836
2012-04-23 00:00:00,0.7774270000000001
2012-04-24 00:00:00,0.7771279999999999
2012-04-25 00:00:00,0.7763329999999999
2012-04-26 00:00:00,0.776838
2012-04-29 00:00:00,0.772816
2012-04-30 00:00:00,0.775926
2012-05-01 00:00:00,0.783193
2012-05-02 00:00:00,0.7820560000000001
2012-05-03 00:00:00,0.783634
2012-05-06 00:00:00,0.7899470000000001
2012-05-07 00:00:00,0.786194
2012-05-08 00:00:00,0.792609
2012-05-09 00:00:00,0.794322
2012-05-10 00:00:00,0.793766
2012-05-13 00:00:00,0.796566
2012-05-14 00:00:00,0.7973600000000001
2012-05-15 00:00:00,0.797367
2012-05-16 00:00:00,0.794837
2012-05-17 00:00:00,0.794309
2012-05-20 00:00:00,0.798617
2012-05-21 00:00:00,0.79588
2012-05-22 00:00:00,0.801896
2012-05-23 00:00:00,0.804367
2012-05-24 00:00:00,0.802272
2012-05-27 00:00:00,0.797557
2012-05-28 00:00:00,0.7965270000000001
2012-05-29 00:00:00,0.795435
2012-05-30 00:00:00,0.799752
2012-05-31 00:00:00,0.798916
2012-06-03 00:00:00,0.801215
2012-06-04 00:00:00,0.798661
2012-06-05 00:00:00,0.7961550000000001
2012-06-06 00:00:00,0.791809
2012-06-07 00:00:00,0.790583
2012-06-10 00:00:00,0.784673
2012-06-11 00:00:00,0.787492
2012-06-12 00:00:00,0.783636
2012-06-13 00:00:00,0.784609
2012-06-14 00:00:00,0.781112
2012-06-17 00:00:00,0.780746
2012-06-18 00:00:00,0.779036
2012-06-19 00:00:00,0.77559
2012-06-20 00:00:00,0.772749
2012-06-21 00:00:00,0.7788430000000001
2012-06-24 00:00:00,0.779559
2012-06-25 00:00:00,0.779547
2012-06-26 00:00:00,0.778271
2012-06-27 00:00:00,0.777197
2012-06-28 00:00:00,0.778224
2012-07-01 00:00:00,0.7714989999999999
2012-07-02 00:00:00,0.77063
2012-07-03 00:00:00,0.770063
2012-07-04 00:00:00,0.76874
2012-07-05 00:00:00,0.768986
2012-07-08 00:00:00,0.7707510000000001
2012-07-09 00:00:00,0.772073
2012-07-10 00:00:00,0.773886
2012-07-11 00:00:00,0.772356
2012-07-12 00:00:00,0.777315
2012-07-15 00:00:00,0.77273
2012-07-16 00:00:00,0.772478
2012-07-17 00:00:00,0.769158
2012-07-18 00:00:00,0.767279
2012-07-19 00:00:00,0.765167
2012-07-22 00:00:00,0.768601
2012-07-23 00:00:00,0.772049
2012-07-24 00:00:00,0.775396
2012-07-25 00:00:00,0.7725390000000001
2012-07-26 00:00:00,0.7688
2012-07-29 00:00:00,0.765917
2012-07-30 00:00:00,0.76398
2012-07-31 00:00:00,0.765613
2012-08-01 00:00:00,0.7656810000000001
2012-08-02 00:00:00,0.7657
2012-08-05 00:00:00,0.763389
2012-08-06 00:00:00,0.762545
2012-08-07 00:00:00,0.7636310000000001
2012-08-08 00:00:00,0.760763
2012-08-09 00:00:00,0.759798
2012-08-12 00:00:00,0.7612180000000001
2012-08-13 00:00:00,0.763208
2012-08-14 00:00:00,0.764786
2012-08-15 00:00:00,0.762741
2012-08-16 00:00:00,0.760777
2012-08-19 00:00:00,0.765141
2012-08-20 00:00:00,0.763933
2012-08-21 00:00:00,0.763971
2012-08-22 00:00:00,0.7633850000000001
2012-08-23 00:00:00,0.7684380000000001
2012-08-26 00:00:00,0.76881
2012-08-27 00:00:00,0.770335
2012-08-28 00:00:00,0.76961
2012-08-29 00:00:00,0.7711979999999999
2012-08-30 00:00:00,0.775963
2012-09-02 00:00:00,0.779038
2012-09-03 00:00:00,0.7838729999999999
2012-09-04 00:00:00,0.7847729999999999
2012-09-05 00:00:00,0.786618
2012-09-06 00:00:00,0.782455
2012-09-09 00:00:00,0.780658
2012-09-10 00:00:00,0.782469
2012-09-11 00:00:00,0.77955
2012-09-12 00:00:00,0.777671
2012-09-13 00:00:00,0.774781
2012-09-16 00:00:00,0.777396
2012-09-17 00:00:00,0.779992
2012-09-18 00:00:00,0.780928
2012-09-19 00:00:00,0.780257
2012-09-20 00:00:00,0.782989
2012-09-23 00:00:00,0.782317
2012-09-24 00:00:00,0.781608
2012-09-25 00:00:00,0.785225
2012-09-26 00:00:00,0.783343
2012-09-27 00:00:00,0.78146
2012-09-30 00:00:00,0.785745
2012-10-01 00:00:00,0.785321
2012-10-02 00:00:00,0.791715
2012-10-03 00:00:00,0.79469
2012-10-04 00:00:00,0.794782
2012-10-07 00:00:00,0.799714
2012-10-08 00:00:00,0.7965909999999999
2012-10-09 00:00:00,0.7973279999999999
2012-10-10 00:00:00,0.794936
2012-10-11 00:00:00,0.79401
2012-10-14 00:00:00,0.799828
2012-10-15 00:00:00,0.797478
2012-10-16 00:00:00,0.795955
2012-10-17 00:00:00,0.792075
2012-10-18 00:00:00,0.790697
2012-10-21 00:00:00,0.793687
2012-10-22 00:00:00,0.792461
2012-10-23 00:00:00,0.795198
2012-10-24 00:00:00,0.790603
2012-10-25 00:00:00,0.791215
2012-10-29 00:00:00,0.790814
2012-10-30 00:00:00,0.791959
2012-10-31 00:00:00,0.791183
2012-11-01 00:00:00,0.790226
2012-11-02 00:00:00,0.787115
2012-11-05 00:00:00,0.789773
2012-11-06 00:00:00,0.7870739999999999
2012-11-07 00:00:00,0.7839
2012-11-08 00:00:00,0.785462
2012-11-09 00:00:00,0.785022
2012-11-12 00:00:00,0.786237
2012-11-13 00:00:00,0.784468
2012-11-14 00:00:00,0.783088
2012-11-15 00:00:00,0.788669
2012-11-16 00:00:00,0.790171
2012-11-19 00:00:00,0.787284
2012-11-20 00:00:00,0.7850199999999999
2012-11-21 00:00:00,0.786259
2012-11-22 00:00:00,0.786617
2012-11-23 00:00:00,0.7866810000000001
2012-11-26 00:00:00,0.782267
2012-11-27 00:00:00,0.782012
2012-11-28 00:00:00,0.782903
2012-11-29 00:00:00,0.781219
2012-11-30 00:00:00,0.785733
2012-12-03 00:00:00,0.78618
2012-12-05 00:00:00,0.784089
2012-12-06 00:00:00,0.785619
2012-12-07 00:00:00,0.782377
2012-12-10 00:00:00,0.7816069999999999
2012-12-11 00:00:00,0.7804449999999999
2012-12-12 00:00:00,0.777621
2012-12-13 00:00:00,0.776895
2012-12-14 00:00:00,0.777573
2012-12-17 00:00:00,0.7764220000000001
2012-12-18 00:00:00,0.777345
2012-12-19 00:00:00,0.780764
2012-12-20 00:00:00,0.782356
2012-12-21 00:00:00,0.783213
2012-12-24 00:00:00,0.787602
2012-12-25 00:00:00,0.790129
2012-12-26 00:00:00,0.789166
2012-12-27 00:00:00,0.7883359999999999
2012-12-28 00:00:00,0.788633
2012-12-31 00:00:00,0.786884
2013-01-01 00:00:00,0.7877689999999999
2013-01-02 00:00:00,0.7879390000000001
2013-01-03 00:00:00,0.78055
2013-01-04 00:00:00,0.779528
2013-01-07 00:00:00,0.776775
2013-01-08 00:00:00,0.774035
2013-01-09 00:00:00,0.7745569999999999
2013-01-10 00:00:00,0.774942
2013-01-11 00:00:00,0.773097
2013-01-14 00:00:00,0.773317
2013-01-15 00:00:00,0.772563
2013-01-16 00:00:00,0.77275
2013-01-17 00:00:00,0.774105
2013-01-18 00:00:00,0.7750630000000001
2013-01-21 00:00:00,0.775662
2013-01-22 00:00:00,0.773995
2013-01-23 00:00:00,0.771565
2013-01-24 00:00:00,0.7736609999999999
2013-01-25 00:00:00,0.777995
2013-01-28 00:00:00,0.776946
2013-01-29 00:00:00,0.774924
2013-01-30 00:00:00,0.77388
2013-01-31 00:00:00,0.776619
2013-02-01 00:00:00,0.774489
2013-02-04 00:00:00,0.773313
2013-02-05 00:00:00,0.773135
2013-02-06 00:00:00,0.778148
2013-02-07 00:00:00,0.782137
2013-02-08 00:00:00,0.784656
2013-02-11 00:00:00,0.782787
2013-02-12 00:00:00,0.78478
2013-02-13 00:00:00,0.780895
2013-02-14 00:00:00,0.781171
2013-02-15 00:00:00,0.782165
2013-02-18 00:00:00,0.784431
2013-02-19 00:00:00,0.782212
2013-02-20 00:00:00,0.781123
2013-02-21 00:00:00,0.7867890000000001
2013-02-22 00:00:00,0.783292
2013-02-25 00:00:00,0.783602
2013-02-26 00:00:00,0.785606
2013-02-27 00:00:00,0.789034
2013-02-28 00:00:00,0.790504
2013-03-01 00:00:00,0.790572
2013-03-04 00:00:00,0.789273
2013-03-05 00:00:00,0.787481
2013-03-06 00:00:00,0.782438
2013-03-07 00:00:00,0.782953
2013-03-08 00:00:00,0.782111
2013-03-11 00:00:00,0.7840020000000001
2013-03-12 00:00:00,0.779061
2013-03-13 00:00:00,0.776695
2013-03-14 00:00:00,0.777754
2013-03-15 00:00:00,0.771313
2013-03-18 00:00:00,0.771977
2013-03-19 00:00:00,0.770235
2013-03-20 00:00:00,0.771371
2013-03-21 00:00:00,0.770332
2013-03-22 00:00:00,0.766955
2013-03-25 00:00:00,0.76779
2013-03-26 00:00:00,0.768328
2013-03-27 00:00:00,0.7695489999999999
2013-03-28 00:00:00,0.770456
2013-03-29 00:00:00,0.7737609999999999
2013-03-31 00:00:00,0.7738550000000001
2013-04-01 00:00:00,0.773299
2013-04-02 00:00:00,0.771972
2013-04-03 00:00:00,0.772299
2013-04-04 00:00:00,0.773491
2013-04-07 00:00:00,0.7793140000000001
2013-04-08 00:00:00,0.773055
2013-04-09 00:00:00,0.769426
2013-04-10 00:00:00,0.766459
2013-04-11 00:00:00,0.766887
2013-04-14 00:00:00,0.7687729999999999
2013-04-15 00:00:00,0.781107
2013-04-16 00:00:00,0.780396
2013-04-17 00:00:00,0.7855850000000001
2013-04-18 00:00:00,0.785736
2013-04-21 00:00:00,0.786664
2013-04-22 00:00:00,0.785258
2013-04-23 00:00:00,0.784986
2013-04-24 00:00:00,0.783307
2013-04-25 00:00:00,0.784313
2013-04-28 00:00:00,0.786612
2013-04-29 00:00:00,0.783674
2013-04-30 00:00:00,0.783122
2013-05-01 00:00:00,0.7881670000000001
2013-05-02 00:00:00,0.789722
2013-05-05 00:00:00,0.787563
2013-05-06 00:00:00,0.792913
2013-05-07 00:00:00,0.797079
2013-05-08 00:00:00,0.799927
2013-05-09 00:00:00,0.8045479999999999
2013-05-12 00:00:00,0.807792
2013-05-13 00:00:00,0.808673
2013-05-14 00:00:00,0.8117300000000001
2013-05-15 00:00:00,0.811076
2013-05-16 00:00:00,0.813639
2013-05-19 00:00:00,0.814693
2013-05-20 00:00:00,0.812665
2013-05-21 00:00:00,0.809346
2013-05-22 00:00:00,0.815825
2013-05-23 00:00:00,0.8163229999999999
2013-05-26 00:00:00,0.820607
2013-05-27 00:00:00,0.8236829999999999
2013-05-28 00:00:00,0.822686
2013-05-29 00:00:00,0.819934
2013-05-30 00:00:00,0.821315
2013-06-02 00:00:00,0.8237549999999999
2013-06-03 00:00:00,0.8186359999999999
2013-06-04 00:00:00,0.8265959999999999
2013-06-05 00:00:00,0.8411360000000001
2013-06-06 00:00:00,0.842274
2013-06-09 00:00:00,0.848083
2013-06-10 00:00:00,0.8403209999999999
2013-06-11 00:00:00,0.843623
2013-06-12 00:00:00,0.8403370000000001
2013-06-13 00:00:00,0.8306979999999999
2013-06-16 00:00:00,0.8355739999999999
2013-06-17 00:00:00,0.834894
2013-06-18 00:00:00,0.835169
2013-06-19 00:00:00,0.84975
2013-06-20 00:00:00,0.853568
2013-06-23 00:00:00,0.849843
2013-06-24 00:00:00,0.84691
2013-06-25 00:00:00,0.849873
2013-06-26 00:00:00,0.845626
2013-06-27 00:00:00,0.8505299999999999
2013-06-30 00:00:00,0.863193
2013-07-01 00:00:00,0.856039
2013-07-02 00:00:00,0.860197
2013-07-03 00:00:00,0.8639709999999999
2013-07-04 00:00:00,0.858769
2013-07-07 00:00:00,0.86145
2013-07-08 00:00:00,0.855454
2013-07-09 00:00:00,0.8539030000000001
2013-07-10 00:00:00,0.854685
2013-07-11 00:00:00,0.865353
2013-07-14 00:00:00,0.873207
2013-07-15 00:00:00,0.8714360000000001
2013-07-16 00:00:00,0.859649
2013-07-17 00:00:00,0.8594780000000001
2013-07-18 00:00:00,0.8601479999999999
2013-07-21 00:00:00,0.8587739999999999
2013-07-22 00:00:00,0.857426
2013-07-23 00:00:00,0.8521200000000001
2013-07-24 00:00:00,0.862713
2013-07-25 00:00:00,0.8556879999999999
2013-07-28 00:00:00,0.8554780000000001
2013-07-29 00:00:00,0.858081
2013-07-30 00:00:00,0.867833
2013-07-31 00:00:00,0.8791959999999999
2013-08-01 00:00:00,0.87661
2013-08-04 00:00:00,0.8836579999999999
2013-08-05 00:00:00,0.884603
2013-08-06 00:00:00,0.8783219999999999
2013-08-07 00:00:00,0.8769520000000001
2013-08-08 00:00:00,0.871726
2013-08-11 00:00:00,0.8656
2013-08-12 00:00:00,0.8681549999999999
2013-08-13 00:00:00,0.8676159999999999
2013-08-14 00:00:00,0.86175
2013-08-15 00:00:00,0.863282
2013-08-18 00:00:00,0.855751
2013-08-19 00:00:00,0.858567
2013-08-20 00:00:00,0.8653
2013-08-21 00:00:00,0.8679549999999999
2013-08-22 00:00:00,0.865398
2013-08-25 00:00:00,0.866267
2013-08-26 00:00:00,0.8659540000000001
2013-08-27 00:00:00,0.87029
2013-08-28 00:00:00,0.875337
2013-08-29 00:00:00,0.8782530000000001
2013-09-01 00:00:00,0.8780319999999999
2013-09-02 00:00:00,0.8724639999999999
2013-09-03 00:00:00,0.864358
2013-09-04 00:00:00,0.855453
2013-09-05 00:00:00,0.856311
2013-09-08 00:00:00,0.8527819999999999
2013-09-09 00:00:00,0.8536530000000001
2013-09-10 00:00:00,0.8481299999999999
2013-09-11 00:00:00,0.846691
2013-09-12 00:00:00,0.8517889999999999
2013-09-15 00:00:00,0.8489450000000001
2013-09-16 00:00:00,0.8503370000000001
2013-09-17 00:00:00,0.848748
2013-09-18 00:00:00,0.845424
2013-09-19 00:00:00,0.849693
2013-09-22 00:00:00,0.850526
2013-09-23 00:00:00,0.848498
2013-09-24 00:00:00,0.8492190000000001
2013-09-25 00:00:00,0.851564
2013-09-26 00:00:00,0.8512059999999999
2013-09-29 00:00:00,0.85529
2013-09-30 00:00:00,0.854771
2013-10-01 00:00:00,0.8503299999999999
2013-10-02 00:00:00,0.853284
2013-10-03 00:00:00,0.8517520000000001
2013-10-06 00:00:00,0.849409
2013-10-08 00:00:00,0.847608
2013-10-09 00:00:00,0.846601
2013-10-10 00:00:00,0.8467879999999999
2013-10-13 00:00:00,0.8488030000000001
2013-10-14 00:00:00,0.84526
2013-10-15 00:00:00,0.843809
2013-10-16 00:00:00,0.842161
2013-10-17 00:00:00,0.838988
2013-10-20 00:00:00,0.8355870000000001
2013-10-21 00:00:00,0.833749
2013-10-22 00:00:00,0.834203
2013-10-23 00:00:00,0.837593
2013-10-24 00:00:00,0.8399469999999999
2013-10-28 00:00:00,0.84314
2013-10-29 00:00:00,0.8462719999999999
2013-10-30 00:00:00,0.8498950000000001
2013-10-31 00:00:00,0.851632
2013-11-01 00:00:00,0.8511799999999999
2013-11-04 00:00:00,0.849825
2013-11-05 00:00:00,0.8463139999999999
2013-11-06 00:00:00,0.846625
2013-11-07 00:00:00,0.8446600000000001
2013-11-08 00:00:00,0.849691
2013-11-11 00:00:00,0.8554280000000001
2013-11-12 00:00:00,0.855209
2013-11-13 00:00:00,0.860503
2013-11-14 00:00:00,0.857342
2013-11-15 00:00:00,0.8614649999999999
2013-11-18 00:00:00,0.856295
2013-11-19 00:00:00,0.85615
2013-11-20 00:00:00,0.852569
2013-11-21 00:00:00,0.8600909999999999
2013-11-22 00:00:00,0.8669290000000001
2013-11-25 00:00:00,0.8728629999999999
2013-11-26 00:00:00,0.8704770000000001
2013-11-27 00:00:00,0.8760530000000001
2013-11-28 00:00:00,0.877124
2013-11-29 00:00:00,0.876719
2013-12-02 00:00:00,0.8736229999999999
2013-12-03 00:00:00,0.873384
2013-12-04 00:00:00,0.8738229999999999
2013-12-05 00:00:00,0.882569
2013-12-06 00:00:00,0.879969
2013-12-09 00:00:00,0.8781030000000001
2013-12-10 00:00:00,0.880763
2013-12-11 00:00:00,0.8755860000000001
2013-12-12 00:00:00,0.882973
2013-12-13 00:00:00,0.891655
2013-12-16 00:00:00,0.889898
2013-12-17 00:00:00,0.8908149999999999
2013-12-18 00:00:00,0.8916129999999999
2013-12-19 00:00:00,0.8957120000000001
2013-12-20 00:00:00,0.8911379999999999
2013-12-23 00:00:00,0.8852030000000001
2013-12-24 00:00:00,0.8837149999999999
2013-12-25 00:00:00,0.883724
2013-12-26 00:00:00,0.8848870000000001
2013-12-27 00:00:00,0.886719
2013-12-30 00:00:00,0.889619
2013-12-31 00:00:00,0.8848600000000001
2014-01-01 00:00:00,0.888609
2014-01-02 00:00:00,0.8897079999999999
2014-01-03 00:00:00,0.886223
2014-01-06 00:00:00,0.8807299999999999
2014-01-07 00:00:00,0.8800370000000001
2014-01-08 00:00:00,0.882027
2014-01-09 00:00:00,0.8834569999999999
2014-01-10 00:00:00,0.8845430000000001
2014-01-13 00:00:00,0.878179
2014-01-14 00:00:00,0.873318
2014-01-15 00:00:00,0.879548
2014-01-16 00:00:00,0.882159
2014-01-17 00:00:00,0.8914569999999999
2014-01-20 00:00:00,0.8937139999999999
2014-01-21 00:00:00,0.889805
2014-01-22 00:00:00,0.888416
2014-01-23 00:00:00,0.88382
2014-01-24 00:00:00,0.892389
2014-01-27 00:00:00,0.899401
2014-01-28 00:00:00,0.897436
2014-01-29 00:00:00,0.893452
2014-01-30 00:00:00,0.8956139999999999
2014-01-31 00:00:00,0.8919870000000001
2014-02-03 00:00:00,0.894115
2014-02-04 00:00:00,0.8961309999999999
2014-02-05 00:00:00,0.884519
2014-02-06 00:00:00,0.8833780000000001
2014-02-07 00:00:00,0.8810120000000001
2014-02-10 00:00:00,0.88139
2014-02-11 00:00:00,0.8800110000000001
2014-02-12 00:00:00,0.874784
2014-02-13 00:00:00,0.8755809999999999
2014-02-14 00:00:00,0.8802530000000001
2014-02-17 00:00:00,0.8770549999999999
2014-02-18 00:00:00,0.87864
2014-02-19 00:00:00,0.87876
2014-02-20 00:00:00,0.87926
2014-02-21 00:00:00,0.8779399999999999
2014-02-24 00:00:00,0.879122
2014-02-25 00:00:00,0.87629
2014-02-26 00:00:00,0.877801
2014-02-27 00:00:00,0.881117
2014-02-28 00:00:00,0.8825
2014-03-03 00:00:00,0.885073
2014-03-04 00:00:00,0.882267
2014-03-05 00:00:00,0.880091
2014-03-06 00:00:00,0.8775959999999999
2014-03-07 00:00:00,0.8694959999999999
2014-03-10 00:00:00,0.8705799999999999
2014-03-11 00:00:00,0.873992
2014-03-12 00:00:00,0.880007
2014-03-13 00:00:00,0.8771969999999999
2014-03-14 00:00:00,0.874302
2014-03-17 00:00:00,0.875273
2014-03-18 00:00:00,0.8706379999999999
2014-03-19 00:00:00,0.866541
2014-03-20 00:00:00,0.8695860000000001
2014-03-21 00:00:00,0.866297
2014-03-24 00:00:00,0.863359
2014-03-25 00:00:00,0.8619180000000001
2014-03-26 00:00:00,0.8607870000000001
2014-03-27 00:00:00,0.856108
2014-03-28 00:00:00,0.8542120000000001
2014-03-30 00:00:00,0.85754
2014-03-31 00:00:00,0.8573649999999999
2014-04-01 00:00:00,0.859218
2014-04-02 00:00:00,0.8570639999999999
2014-04-03 00:00:00,0.857799
2014-04-06 00:00:00,0.855066
2014-04-07 00:00:00,0.856769
2014-04-08 00:00:00,0.854447
2014-04-09 00:00:00,0.8552770000000001
2014-04-10 00:00:00,0.8515799999999999
2014-04-13 00:00:00,0.853424
2014-04-14 00:00:00,0.847931
2014-04-15 00:00:00,0.85421
2014-04-16 00:00:00,0.85344
2014-04-17 00:00:00,0.855505
2014-04-20 00:00:00,0.8555459999999999
2014-04-21 00:00:00,0.8549760000000001
2014-04-22 00:00:00,0.849817
2014-04-23 00:00:00,0.857657
2014-04-24 00:00:00,0.8578809999999999
2014-04-27 00:00:00,0.858376
2014-04-28 00:00:00,0.860136
2014-04-29 00:00:00,0.858925
2014-04-30 00:00:00,0.8597520000000001
2014-05-01 00:00:00,0.8604040000000001
2014-05-04 00:00:00,0.8616389999999999
2014-05-05 00:00:00,0.862226
2014-05-06 00:00:00,0.857633
2014-05-07 00:00:00,0.85835
2014-05-08 00:00:00,0.855949
2014-05-11 00:00:00,0.8551120000000001
2014-05-12 00:00:00,0.8543940000000001
2014-05-13 00:00:00,0.8530530000000001
2014-05-14 00:00:00,0.853619
2014-05-15 00:00:00,0.85346
2014-05-18 00:00:00,0.853843
2014-05-19 00:00:00,0.856656
2014-05-20 00:00:00,0.864267
2014-05-21 00:00:00,0.8651629999999999
2014-05-22 00:00:00,0.8657549999999999
2014-05-25 00:00:00,0.8638040000000001
2014-05-26 00:00:00,0.862233
2014-05-27 00:00:00,0.859295
2014-05-28 00:00:00,0.8629680000000001
2014-05-29 00:00:00,0.8565209999999999
2014-06-01 00:00:00,0.8572569999999999
2014-06-02 00:00:00,0.861243
2014-06-03 00:00:00,0.859258
2014-06-04 00:00:00,0.8572770000000001
2014-06-05 00:00:00,0.8557469999999999
2014-06-08 00:00:00,0.856022
2014-06-09 00:00:00,0.856023
2014-06-10 00:00:00,0.853901
2014-06-11 00:00:00,0.852543
2014-06-12 00:00:00,0.850203
2014-06-15 00:00:00,0.851391
2014-06-16 00:00:00,0.8511860000000001
2014-06-17 00:00:00,0.8546870000000001
2014-06-18 00:00:00,0.8519329999999999
2014-06-19 00:00:00,0.851517
2014-06-22 00:00:00,0.852642
2014-06-23 00:00:00,0.8504370000000001
2014-06-24 00:00:00,0.8545790000000001
2014-06-25 00:00:00,0.851125
2014-06-26 00:00:00,0.850369
2014-06-29 00:00:00,0.8497170000000001
2014-06-30 00:00:00,0.8506389999999999
2014-07-01 00:00:00,0.845967
2014-07-02 00:00:00,0.849721
2014-07-03 00:00:00,0.8576790000000001
2014-07-06 00:00:00,0.857721
2014-07-07 00:00:00,0.856033
2014-07-08 00:00:00,0.855094
2014-07-09 00:00:00,0.8553290000000001
2014-07-10 00:00:00,0.8579370000000001
2014-07-13 00:00:00,0.858563
2014-07-14 00:00:00,0.857817
2014-07-15 00:00:00,0.858721
2014-07-16 00:00:00,0.8596090000000001
2014-07-17 00:00:00,0.859909
2014-07-20 00:00:00,0.8577459999999999
2014-07-21 00:00:00,0.861151
2014-07-22 00:00:00,0.859284
2014-07-23 00:00:00,0.8561549999999999
2014-07-24 00:00:00,0.856226
2014-07-27 00:00:00,0.856844
2014-07-28 00:00:00,0.855668
2014-07-29 00:00:00,0.8574229999999999
2014-07-30 00:00:00,0.8615200000000001
2014-07-31 00:00:00,0.861682
2014-08-03 00:00:00,0.861293
2014-08-04 00:00:00,0.859952
2014-08-05 00:00:00,0.8612690000000001
2014-08-06 00:00:00,0.857202
2014-08-07 00:00:00,0.8617610000000001
2014-08-10 00:00:00,0.8617809999999999
2014-08-11 00:00:00,0.8637889999999999
2014-08-12 00:00:00,0.8625799999999999
2014-08-13 00:00:00,0.860339
2014-08-14 00:00:00,0.8613729999999999
2014-08-17 00:00:00,0.862241
2014-08-18 00:00:00,0.861734
2014-08-19 00:00:00,0.862325
2014-08-20 00:00:00,0.860775
2014-08-21 00:00:00,0.8602850000000001
2014-08-24 00:00:00,0.85974
2014-08-25 00:00:00,0.861764
2014-08-26 00:00:00,0.859224
2014-08-27 00:00:00,0.858783
2014-08-28 00:00:00,0.855599
2014-08-31 00:00:00,0.858044
2014-09-01 00:00:00,0.8572620000000001
2014-09-02 00:00:00,0.8596799999999999
2014-09-03 00:00:00,0.855561
2014-09-04 00:00:00,0.85295
2014-09-07 00:00:00,0.8518309999999999
2014-09-08 00:00:00,0.856246
2014-09-09 00:00:00,0.8607
2014-09-10 00:00:00,0.8648239999999999
2014-09-11 00:00:00,0.8697790000000001
2014-09-14 00:00:00,0.8772709999999999
2014-09-15 00:00:00,0.875606
2014-09-16 00:00:00,0.873243
2014-09-17 00:00:00,0.879611
2014-09-18 00:00:00,0.87825
2014-09-21 00:00:00,0.8832030000000001
2014-09-22 00:00:00,0.887754
2014-09-23 00:00:00,0.890501
2014-09-24 00:00:00,0.890128
2014-09-25 00:00:00,0.894653
2014-09-28 00:00:00,0.897551
2014-09-29 00:00:00,0.90028
2014-09-30 00:00:00,0.8969860000000001
2014-10-01 00:00:00,0.898655
2014-10-02 00:00:00,0.893854
2014-10-05 00:00:00,0.900748
2014-10-06 00:00:00,0.893862
2014-10-07 00:00:00,0.890022
2014-10-08 00:00:00,0.8887370000000001
2014-10-09 00:00:00,0.897106
2014-10-12 00:00:00,0.904077
2014-10-13 00:00:00,0.8985200000000001
2014-10-14 00:00:00,0.899752
2014-10-15 00:00:00,0.893633
2014-10-16 00:00:00,0.8946440000000001
2014-10-19 00:00:00,0.896141
2014-10-20 00:00:00,0.8969299999999999
2014-10-21 00:00:00,0.896601
2014-10-22 00:00:00,0.895966
2014-10-23 00:00:00,0.895033
2014-10-27 00:00:00,0.890425
2014-10-28 00:00:00,0.8911030000000001
2014-10-29 00:00:00,0.8867809999999999
2014-10-30 00:00:00,0.8921100000000001
2014-10-31 00:00:00,0.887149
2014-11-03 00:00:00,0.887797
2014-11-04 00:00:00,0.8913840000000001
2014-11-05 00:00:00,0.887131
2014-11-06 00:00:00,0.900975
2014-11-07 00:00:00,0.9015200000000001
2014-11-10 00:00:00,0.8978790000000001
2014-11-11 00:00:00,0.8979950000000001
2014-11-12 00:00:00,0.889285
2014-11-13 00:00:00,0.8893399999999999
2014-11-14 00:00:00,0.88864
2014-11-17 00:00:00,0.879858
2014-11-18 00:00:00,0.884417
2014-11-19 00:00:00,0.884401
2014-11-20 00:00:00,0.8927280000000001
2014-11-21 00:00:00,0.891602
2014-11-24 00:00:00,0.8869549999999999
2014-11-25 00:00:00,0.89179
2014-11-26 00:00:00,0.899324
2014-11-27 00:00:00,0.9028790000000001
2014-11-28 00:00:00,0.9023639999999999
2014-12-01 00:00:00,0.9068440000000001
2014-12-02 00:00:00,0.9031809999999999
2014-12-03 00:00:00,0.9018360000000001
2014-12-04 00:00:00,0.9072479999999999
2014-12-05 00:00:00,0.909049
2014-12-08 00:00:00,0.9104180000000001
2014-12-09 00:00:00,0.9136270000000001
2014-12-10 00:00:00,0.91571
2014-12-11 00:00:00,0.9166610000000001
2014-12-12 00:00:00,0.922932
2014-12-15 00:00:00,0.9290879999999999
2014-12-16 00:00:00,0.92805
2014-12-17 00:00:00,0.9334290000000001
2014-12-18 00:00:00,0.937976
2014-12-19 00:00:00,0.931063
2014-12-22 00:00:00,0.932901
2014-12-23 00:00:00,0.933047
2014-12-24 00:00:00,0.9304309999999999
2014-12-25 00:00:00,0.932251
2014-12-26 00:00:00,0.9324479999999999
2014-12-29 00:00:00,0.930983
2014-12-30 00:00:00,0.928318
2014-12-31 00:00:00,0.924743
2015-01-01 00:00:00,0.9243899999999999
2015-01-02 00:00:00,0.923718
2015-01-05 00:00:00,0.9289860000000001
2015-01-06 00:00:00,0.9252790000000001
2015-01-07 00:00:00,0.9277219999999999
2015-01-08 00:00:00,0.925998
2015-01-09 00:00:00,0.921269
2015-01-12 00:00:00,0.9136049999999999
2015-01-13 00:00:00,0.919054
2015-01-14 00:00:00,0.9174559999999999
2015-01-15 00:00:00,0.9205
2015-01-16 00:00:00,0.918665
2015-01-19 00:00:00,0.9161549999999999
2015-01-20 00:00:00,0.915283
2015-01-21 00:00:00,0.91515
2015-01-22 00:00:00,0.924284
2015-01-23 00:00:00,0.9306270000000001
2015-01-26 00:00:00,0.9429700000000001
2015-01-27 00:00:00,0.9395680000000001
2015-01-28 00:00:00,0.9425819999999999
2015-01-29 00:00:00,0.9359879999999999
2015-01-30 00:00:00,0.949945
2015-02-02 00:00:00,0.9504229999999999
2015-02-03 00:00:00,0.948154
2015-02-04 00:00:00,0.956994
2015-02-05 00:00:00,0.9557260000000001
2015-02-06 00:00:00,0.953681
2015-02-09 00:00:00,0.9522079999999999
2015-02-10 00:00:00,0.947154
2015-02-11 00:00:00,0.948293
2015-02-12 00:00:00,0.9522440000000001
2015-02-13 00:00:00,0.951095
2015-02-16 00:00:00,0.950564
2015-02-17 00:00:00,0.949946
2015-02-18 00:00:00,0.94404
2015-02-19 00:00:00,0.9439120000000001
2015-02-20 00:00:00,0.9441930000000001
2015-02-23 00:00:00,0.9368569999999999
2015-02-24 00:00:00,0.9431440000000001
2015-02-25 00:00:00,0.940544
2015-02-26 00:00:00,0.937098
2015-02-27 00:00:00,0.9443389999999999
2015-03-02 00:00:00,0.9413389999999999
2015-03-03 00:00:00,0.943895
2015-03-04 00:00:00,0.938874
2015-03-05 00:00:00,0.935109
2015-03-06 00:00:00,0.9370440000000001
2015-03-09 00:00:00,0.939157
2015-03-10 00:00:00,0.942318
2015-03-11 00:00:00,0.942361
2015-03-12 00:00:00,0.9475899999999999
2015-03-13 00:00:00,0.939902
2015-03-16 00:00:00,0.9433959999999999
2015-03-17 00:00:00,0.941679
2015-03-18 00:00:00,0.9447200000000001
2015-03-19 00:00:00,0.933082
2015-03-20 00:00:00,0.941891
2015-03-23 00:00:00,0.9324620000000001
2015-03-24 00:00:00,0.92842
2015-03-25 00:00:00,0.92995
2015-03-26 00:00:00,0.9319379999999999
2015-03-27 00:00:00,0.9320379999999999
2015-03-29 00:00:00,0.94375
2015-03-30 00:00:00,0.949148
2015-03-31 00:00:00,0.95641
2015-04-01 00:00:00,0.9645819999999999
2015-04-02 00:00:00,0.9718950000000001
2015-04-05 00:00:00,0.9701870000000001
2015-04-06 00:00:00,0.9713430000000001
2015-04-07 00:00:00,0.962151
2015-04-08 00:00:00,0.9596680000000001
2015-04-09 00:00:00,0.9550930000000001
2015-04-12 00:00:00,0.953304
2015-04-13 00:00:00,0.960788
2015-04-14 00:00:00,0.9654200000000001
2015-04-15 00:00:00,0.9601569999999999
2015-04-16 00:00:00,0.950203
2015-04-19 00:00:00,0.953782
2015-04-20 00:00:00,0.9604229999999999
2015-04-21 00:00:00,0.959044
2015-04-22 00:00:00,0.9574229999999999
2015-04-23 00:00:00,0.9574729999999999
2015-04-26 00:00:00,0.9580780000000001
2015-04-27 00:00:00,0.957731
2015-04-28 00:00:00,0.9487639999999999
2015-04-29 00:00:00,0.946679
2015-04-30 00:00:00,0.95586
2015-05-03 00:00:00,0.960059
2015-05-04 00:00:00,0.9572219999999999
2015-05-05 00:00:00,0.946082
2015-05-06 00:00:00,0.9497899999999999
2015-05-07 00:00:00,0.949794
2015-05-10 00:00:00,0.9484540000000001
2015-05-11 00:00:00,0.9469059999999999
2015-05-12 00:00:00,0.9379379999999999
2015-05-13 00:00:00,0.929759
2015-05-14 00:00:00,0.937067
2015-05-17 00:00:00,0.941283
2015-05-18 00:00:00,0.942109
2015-05-19 00:00:00,0.945692
2015-05-20 00:00:00,0.9497760000000001
2015-05-21 00:00:00,0.9477270000000001
2015-05-24 00:00:00,0.957335
2015-05-25 00:00:00,0.95209
2015-05-26 00:00:00,0.957175
2015-05-27 00:00:00,0.9569139999999999
2015-05-28 00:00:00,0.968493
2015-05-31 00:00:00,0.96965
2015-06-01 00:00:00,0.9682940000000001
2015-06-02 00:00:00,0.955256
2015-06-03 00:00:00,0.9571370000000001
2015-06-04 00:00:00,0.964825
2015-06-07 00:00:00,0.966058
2015-06-08 00:00:00,0.960727
2015-06-09 00:00:00,0.9621700000000001
2015-06-10 00:00:00,0.962781
2015-06-11 00:00:00,0.9594010000000001
2015-06-14 00:00:00,0.9619850000000001
2015-06-15 00:00:00,0.957318
2015-06-16 00:00:00,0.961024
2015-06-17 00:00:00,0.968717
2015-06-18 00:00:00,0.9619840000000001
2015-06-21 00:00:00,0.965039
2015-06-22 00:00:00,0.968698
2015-06-23 00:00:00,0.963471
2015-06-24 00:00:00,0.965866
2015-06-25 00:00:00,0.9629059999999999
2015-06-28 00:00:00,0.9678680000000001
2015-06-29 00:00:00,0.9676290000000001
2015-06-30 00:00:00,0.964599
2015-07-01 00:00:00,0.967148
2015-07-02 00:00:00,0.9707100000000001
2015-07-05 00:00:00,0.988554
2015-07-06 00:00:00,0.990577
2015-07-07 00:00:00,0.9900760000000001
2015-07-08 00:00:00,0.9973569999999999
2015-07-09 00:00:00,0.993109
2015-07-12 00:00:00,0.996721
2015-07-13 00:00:00,0.9957290000000001
2015-07-14 00:00:00,0.987028
2015-07-15 00:00:00,0.992898
2015-07-16 00:00:00,0.98724
2015-07-19 00:00:00,0.9913649999999999
2015-07-20 00:00:00,0.988892
2015-07-21 00:00:00,0.9877520000000001
2015-07-22 00:00:00,0.993093
2015-07-23 00:00:00,0.993017
2015-07-26 00:00:00,1.001676
2015-07-27 00:00:00,1.003893
2015-07-28 00:00:00,0.9984299999999999
2015-07-29 00:00:00,1.0003799999999998
2015-07-30 00:00:00,0.997366
2015-08-02 00:00:00,0.9978879999999999
2015-08-03 00:00:00,0.997822
2015-08-04 00:00:00,0.981232
2015-08-05 00:00:00,0.982844
2015-08-06 00:00:00,0.9839760000000001
2015-08-09 00:00:00,0.9758180000000001
2015-08-10 00:00:00,0.9758209999999999
2015-08-11 00:00:00,0.975643
2015-08-12 00:00:00,0.968406
2015-08-13 00:00:00,0.970677
2015-08-16 00:00:00,0.964559
2015-08-17 00:00:00,0.964182
2015-08-18 00:00:00,0.9703430000000001
2015-08-19 00:00:00,0.969843
2015-08-20 00:00:00,0.9713629999999999
2015-08-23 00:00:00,0.974562
2015-08-24 00:00:00,0.9887739999999999
2015-08-25 00:00:00,1.002565
2015-08-26 00:00:00,0.9991530000000001
2015-08-27 00:00:00,0.9959129999999999
2015-08-30 00:00:00,0.993868
2015-08-31 00:00:00,0.9976809999999999
2015-09-01 00:00:00,1.009496
2015-09-02 00:00:00,1.0026709999999999
2015-09-03 00:00:00,1.0061870000000002
2015-09-06 00:00:00,1.012848
2015-09-07 00:00:00,1.008985
2015-09-08 00:00:00,1.002894
2015-09-09 00:00:00,1.0106870000000001
2015-09-10 00:00:00,1.00092
2015-09-13 00:00:00,0.997613
2015-09-14 00:00:00,0.9936389999999999
2015-09-15 00:00:00,1.000349
2015-09-16 00:00:00,0.994401
2015-09-17 00:00:00,0.9960829999999999
2015-09-20 00:00:00,0.993202
2015-09-22 00:00:00,0.9965430000000001
2015-09-23 00:00:00,1.0020129999999998
2015-09-24 00:00:00,1.0011649999999999
2015-09-27 00:00:00,0.999109
2015-09-28 00:00:00,1.002404
2015-09-29 00:00:00,1.000224
2015-09-30 00:00:00,1.002086
2015-10-01 00:00:00,0.9934290000000001
2015-10-04 00:00:00,0.990741
2015-10-05 00:00:00,0.9932270000000001
2015-10-06 00:00:00,0.983108
2015-10-07 00:00:00,0.984613
2015-10-08 00:00:00,0.980406
2015-10-11 00:00:00,0.977561
2015-10-12 00:00:00,0.9719469999999999
2015-10-13 00:00:00,0.988258
2015-10-14 00:00:00,0.9911409999999999
2015-10-15 00:00:00,0.988624
2015-10-18 00:00:00,0.995749
2015-10-19 00:00:00,0.992038
2015-10-20 00:00:00,0.989252
2015-10-21 00:00:00,0.9949100000000001
2015-10-22 00:00:00,0.9944780000000001
2015-10-26 00:00:00,0.9913350000000001
2015-10-27 00:00:00,0.9908319999999999
2015-10-28 00:00:00,0.9957889999999999
2015-10-29 00:00:00,1.004415
2015-10-30 00:00:00,1.005454
2015-11-02 00:00:00,1.000721
2015-11-03 00:00:00,0.998977
2015-11-04 00:00:00,0.9961030000000001
2015-11-05 00:00:00,0.998318
2015-11-06 00:00:00,0.994717
2015-11-09 00:00:00,0.999683
2015-11-10 00:00:00,0.997265
2015-11-11 00:00:00,0.9988670000000001
2015-11-12 00:00:00,0.9969399999999999
2015-11-13 00:00:00,0.9882629999999999
2015-11-16 00:00:00,0.987489
2015-11-17 00:00:00,0.99093
2015-11-18 00:00:00,0.986934
2015-11-19 00:00:00,0.989157
2015-11-20 00:00:00,0.983993
2015-11-23 00:00:00,0.9790989999999999
2015-11-24 00:00:00,0.981333
2015-11-25 00:00:00,0.9775790000000001
2015-11-26 00:00:00,0.9813790000000001
2015-11-27 00:00:00,0.984023
2015-11-30 00:00:00,0.9851030000000001
2015-12-01 00:00:00,0.980477
2015-12-02 00:00:00,0.9710219999999999
2015-12-03 00:00:00,0.9700270000000001
2015-12-04 00:00:00,0.977348
2015-12-07 00:00:00,0.974165
2015-12-08 00:00:00,0.979334
2015-12-09 00:00:00,0.983284
2015-12-10 00:00:00,0.984241
2015-12-11 00:00:00,0.97996
2015-12-14 00:00:00,0.987756
2015-12-15 00:00:00,0.978894
2015-12-16 00:00:00,0.9879030000000001
2015-12-17 00:00:00,0.9835299999999999
2015-12-18 00:00:00,0.9894700000000001
2015-12-21 00:00:00,0.9880260000000001
2015-12-22 00:00:00,0.986834
2015-12-23 00:00:00,0.98492
2015-12-24 00:00:00,0.9843139999999999
2015-12-25 00:00:00,0.979507
2015-12-28 00:00:00,0.977692
2015-12-29 00:00:00,0.979247
2015-12-30 00:00:00,0.97145
2015-12-31 00:00:00,0.9704280000000001
2016-01-01 00:00:00,0.968942
2016-01-04 00:00:00,0.9674299999999999
2016-01-05 00:00:00,0.9758629999999999
2016-01-06 00:00:00,0.97908
2016-01-07 00:00:00,0.983641
2016-01-08 00:00:00,0.994417
2016-01-11 00:00:00,0.997769
2016-01-12 00:00:00,0.997609
2016-01-13 00:00:00,0.995943
2016-01-14 00:00:00,1.002406
2016-01-15 00:00:00,0.9949040000000001
2016-01-18 00:00:00,1.012329
2016-01-19 00:00:00,1.01063
2016-01-20 00:00:00,1.00611
2016-01-21 00:00:00,1.003187
2016-01-22 00:00:00,0.994453
2016-01-25 00:00:00,0.999041
2016-01-26 00:00:00,1.0070299999999999
2016-01-27 00:00:00,1.000414
2016-01-28 00:00:00,0.994974
2016-01-29 00:00:00,0.9886780000000001
2016-02-01 00:00:00,0.9931969999999999
2016-02-02 00:00:00,0.9881049999999999
2016-02-03 00:00:00,0.9948940000000001
2016-02-04 00:00:00,0.9866090000000001
2016-02-05 00:00:00,0.994359
2016-02-08 00:00:00,1.002721
2016-02-09 00:00:00,1.004137
2016-02-10 00:00:00,1.012559
2016-02-11 00:00:00,1.011998
2016-02-12 00:00:00,1.010125
2016-02-15 00:00:00,1.0060719999999999
2016-02-16 00:00:00,1.000293
2016-02-17 00:00:00,0.999516
2016-02-18 00:00:00,0.992182
2016-02-19 00:00:00,0.9964870000000001
2016-02-22 00:00:00,0.9953930000000001
2016-02-23 00:00:00,0.9876459999999999
2016-02-24 00:00:00,0.9869680000000001
2016-02-25 00:00:00,0.989612
2016-02-26 00:00:00,0.9865649999999999
2016-02-29 00:00:00,0.995798
2016-03-01 00:00:00,0.9968100000000001
2016-03-02 00:00:00,0.9938969999999999
2016-03-03 00:00:00,0.980975
2016-03-04 00:00:00,0.978347
2016-03-07 00:00:00,0.98019
2016-03-08 00:00:00,0.971982
2016-03-09 00:00:00,0.9707520000000001
2016-03-10 00:00:00,0.9685450000000001
2016-03-11 00:00:00,0.970742
2016-03-14 00:00:00,0.962615
2016-03-15 00:00:00,0.966033
2016-03-16 00:00:00,0.9700989999999999
2016-03-17 00:00:00,0.9696450000000001
2016-03-18 00:00:00,0.967601
2016-03-21 00:00:00,0.969269
2016-03-22 00:00:00,0.970475
2016-03-23 00:00:00,0.964714
2016-03-24 00:00:00,0.9709459999999999
2016-03-25 00:00:00,0.9706809999999999
2016-03-27 00:00:00,0.9707950000000001
2016-03-28 00:00:00,0.9671120000000001
2016-03-29 00:00:00,0.9663700000000001
2016-03-30 00:00:00,0.966102
2016-03-31 00:00:00,0.967017
2016-04-03 00:00:00,0.966778
2016-04-04 00:00:00,0.972721
2016-04-05 00:00:00,0.977798
2016-04-06 00:00:00,0.975959
2016-04-07 00:00:00,0.9837389999999999
2016-04-10 00:00:00,0.9806889999999999
2016-04-11 00:00:00,0.9798110000000001
2016-04-12 00:00:00,0.968493
2016-04-13 00:00:00,0.966526
2016-04-14 00:00:00,0.953702
2016-04-17 00:00:00,0.9614860000000001
2016-04-18 00:00:00,0.9532209999999999
2016-04-19 00:00:00,0.9582149999999999
2016-04-20 00:00:00,0.953823
2016-04-21 00:00:00,0.9570709999999999
2016-04-24 00:00:00,0.957722
2016-04-25 00:00:00,0.958411
2016-04-26 00:00:00,0.955183
2016-04-27 00:00:00,0.975384
2016-04-28 00:00:00,0.974389
2016-05-01 00:00:00,0.9770040000000001
2016-05-02 00:00:00,0.9728829999999999
2016-05-03 00:00:00,0.9867100000000001
2016-05-04 00:00:00,0.986468
2016-05-05 00:00:00,0.9849049999999999
2016-05-08 00:00:00,0.995828
2016-05-09 00:00:00,0.996224
2016-05-10 00:00:00,0.991317
2016-05-11 00:00:00,0.9941549999999999
2016-05-12 00:00:00,0.995143
2016-05-15 00:00:00,1.001319
2016-05-16 00:00:00,1.0019790000000002
2016-05-17 00:00:00,0.997658
2016-05-18 00:00:00,1.00152
2016-05-19 00:00:00,1.002538
2016-05-22 00:00:00,1.001839
2016-05-23 00:00:00,1.004171
2016-05-24 00:00:00,1.006528
2016-05-25 00:00:00,1.009519
2016-05-26 00:00:00,1.00755
2016-05-29 00:00:00,1.008543
2016-05-30 00:00:00,1.007591
2016-05-31 00:00:00,1.0031729999999999
2016-06-01 00:00:00,1.0014809999999998
2016-06-02 00:00:00,1.00538
2016-06-05 00:00:00,1.0018989999999999
2016-06-06 00:00:00,1.00062
2016-06-07 00:00:00,0.993725
2016-06-08 00:00:00,0.990841
2016-06-09 00:00:00,0.9957459999999999
2016-06-12 00:00:00,0.9964
2016-06-13 00:00:00,0.9990629999999999
2016-06-14 00:00:00,1.002796
2016-06-15 00:00:00,0.9983559999999999
2016-06-16 00:00:00,1.005093
2016-06-19 00:00:00,1.000446
2016-06-20 00:00:00,0.9980709999999999
2016-06-21 00:00:00,0.999218
2016-06-22 00:00:00,0.994976
2016-06-23 00:00:00,0.9876459999999999
2016-06-26 00:00:00,0.9916219999999999
2016-06-27 00:00:00,0.9980389999999999
2016-06-28 00:00:00,0.99841
2016-06-29 00:00:00,0.9941780000000001
2016-06-30 00:00:00,0.996556
2016-07-03 00:00:00,0.9956450000000001
2016-07-04 00:00:00,0.986202
2016-07-05 00:00:00,0.993088
2016-07-06 00:00:00,0.985025
2016-07-07 00:00:00,0.9887889999999999
2016-07-10 00:00:00,0.9828530000000001
2016-07-11 00:00:00,0.981801
2016-07-12 00:00:00,0.976131
2016-07-13 00:00:00,0.9769059999999999
2016-07-14 00:00:00,0.977352
2016-07-17 00:00:00,0.9780200000000001
2016-07-18 00:00:00,0.978722
2016-07-19 00:00:00,0.9838100000000001
2016-07-20 00:00:00,0.98625
2016-07-21 00:00:00,0.9837600000000001
2016-07-24 00:00:00,0.984376
2016-07-25 00:00:00,0.981977
2016-07-26 00:00:00,0.9797049999999999
2016-07-27 00:00:00,0.986115
2016-07-28 00:00:00,0.98401
2016-07-31 00:00:00,0.9818950000000001
2016-08-01 00:00:00,0.989489
2016-08-02 00:00:00,0.9814790000000001
2016-08-03 00:00:00,0.981978
2016-08-04 00:00:00,0.975517
2016-08-07 00:00:00,0.974794
2016-08-08 00:00:00,0.969606
2016-08-09 00:00:00,0.9705280000000001
2016-08-10 00:00:00,0.967116
2016-08-11 00:00:00,0.96711
2016-08-14 00:00:00,0.970717
2016-08-15 00:00:00,0.9700209999999999
2016-08-16 00:00:00,0.9696389999999999
2016-08-17 00:00:00,0.9731290000000001
2016-08-18 00:00:00,0.9720979999999999
2016-08-21 00:00:00,0.9742430000000001
2016-08-22 00:00:00,0.970412
2016-08-23 00:00:00,0.972097
2016-08-24 00:00:00,0.9699209999999999
2016-08-25 00:00:00,0.969844
2016-08-28 00:00:00,0.974245
2016-08-29 00:00:00,0.971267
2016-08-30 00:00:00,0.9748829999999999
2016-08-31 00:00:00,0.9765020000000001
2016-09-01 00:00:00,0.973902
2016-09-04 00:00:00,0.971842
2016-09-05 00:00:00,0.9705090000000001
2016-09-06 00:00:00,0.9671350000000001
2016-09-07 00:00:00,0.967996
2016-09-08 00:00:00,0.9680139999999999
2016-09-11 00:00:00,0.9746809999999999
2016-09-12 00:00:00,0.9748450000000001
2016-09-13 00:00:00,0.9794069999999999
2016-09-14 00:00:00,0.9806299999999999
2016-09-15 00:00:00,0.977814
2016-09-18 00:00:00,0.9748209999999999
2016-09-19 00:00:00,0.974261
2016-09-20 00:00:00,0.9722959999999999
2016-09-21 00:00:00,0.967966
2016-09-22 00:00:00,0.9641569999999999
2016-09-25 00:00:00,0.966102
2016-09-26 00:00:00,0.963015
2016-09-27 00:00:00,0.9590639999999999
2016-09-28 00:00:00,0.956858
2016-09-29 00:00:00,0.960634
2016-10-02 00:00:00,0.958824
2016-10-03 00:00:00,0.953183
2016-10-04 00:00:00,0.958421
2016-10-05 00:00:00,0.958355
2016-10-06 00:00:00,0.9610299999999999
2016-10-09 00:00:00,0.958598
2016-10-10 00:00:00,0.9570850000000001
2016-10-11 00:00:00,0.960109
2016-10-12 00:00:00,0.956011
2016-10-13 00:00:00,0.9569340000000001
2016-10-16 00:00:00,0.946118
2016-10-17 00:00:00,0.943415
2016-10-18 00:00:00,0.940197
2016-10-19 00:00:00,0.9340879999999999
2016-10-20 00:00:00,0.9420440000000001
2016-10-23 00:00:00,0.943758
2016-10-24 00:00:00,0.944823
2016-10-25 00:00:00,0.941783
2016-10-26 00:00:00,0.9398639999999999
2016-10-27 00:00:00,0.944749
2016-10-31 00:00:00,0.94631
2016-11-01 00:00:00,0.944868
2016-11-02 00:00:00,0.942024
2016-11-03 00:00:00,0.9438770000000001
2016-11-04 00:00:00,0.939918
2016-11-07 00:00:00,0.939658
2016-11-08 00:00:00,0.932407
2016-11-09 00:00:00,0.930531
2016-11-10 00:00:00,0.9345399999999999
2016-11-11 00:00:00,0.9315459999999999
2016-11-14 00:00:00,0.936875
2016-11-15 00:00:00,0.934226
2016-11-16 00:00:00,0.9360350000000001
2016-11-17 00:00:00,0.9438290000000001
2016-11-18 00:00:00,0.949714
2016-11-21 00:00:00,0.956675
2016-11-22 00:00:00,0.953198
2016-11-23 00:00:00,0.9481620000000001
2016-11-24 00:00:00,0.9466629999999999
2016-11-25 00:00:00,0.941945
2016-11-28 00:00:00,0.9422159999999999
2016-11-29 00:00:00,0.937693
2016-11-30 00:00:00,0.937759
2016-12-01 00:00:00,0.943636
2016-12-02 00:00:00,0.945448
2016-12-05 00:00:00,0.943326
2016-12-06 00:00:00,0.9428540000000001
2016-12-07 00:00:00,0.9422860000000001
2016-12-08 00:00:00,0.942909
2016-12-09 00:00:00,0.9422719999999999
2016-12-12 00:00:00,0.9376479999999999
2016-12-13 00:00:00,0.9365979999999999
2016-12-14 00:00:00,0.936673
2016-12-15 00:00:00,0.938191
2016-12-16 00:00:00,0.940625
2016-12-19 00:00:00,0.9496610000000001
2016-12-20 00:00:00,0.952483
2016-12-21 00:00:00,0.952421
2016-12-22 00:00:00,0.9564370000000001
2016-12-23 00:00:00,0.9551299999999999
2016-12-26 00:00:00,0.9627450000000001
2016-12-27 00:00:00,0.962039
2016-12-28 00:00:00,0.959564
2016-12-29 00:00:00,0.9596110000000001
2016-12-30 00:00:00,0.9557530000000001
2017-01-02 00:00:00,0.958542
2017-01-03 00:00:00,0.957418
2017-01-04 00:00:00,0.9547129999999999
2017-01-05 00:00:00,0.953993
2017-01-06 00:00:00,0.9539639999999999
2017-01-09 00:00:00,0.9504020000000001
2017-01-10 00:00:00,0.9469549999999999
2017-01-11 00:00:00,0.945263
2017-01-12 00:00:00,0.941774
2017-01-13 00:00:00,0.9366760000000001
2017-01-16 00:00:00,0.9340219999999999
2017-01-17 00:00:00,0.93595
2017-01-18 00:00:00,0.933852
2017-01-19 00:00:00,0.9317280000000001
2017-01-20 00:00:00,0.927308
2017-01-23 00:00:00,0.929538
2017-01-24 00:00:00,0.930154
2017-01-25 00:00:00,0.926869
2017-01-26 00:00:00,0.934276
2017-01-27 00:00:00,0.9306270000000001
2017-01-30 00:00:00,0.9268139999999999
2017-01-31 00:00:00,0.930707
2017-02-01 00:00:00,0.935902
2017-02-02 00:00:00,0.9331459999999999
2017-02-03 00:00:00,0.925258
2017-02-06 00:00:00,0.9252229999999999
2017-02-07 00:00:00,0.9274700000000001
2017-02-08 00:00:00,0.9249149999999999
2017-02-09 00:00:00,0.925099
2017-02-10 00:00:00,0.922335
2017-02-13 00:00:00,0.916057
2017-02-14 00:00:00,0.91938
2017-02-15 00:00:00,0.9181809999999999
2017-02-16 00:00:00,0.9132440000000001
2017-02-17 00:00:00,0.917056
2017-02-20 00:00:00,0.91945
2017-02-21 00:00:00,0.9167290000000001
2017-02-22 00:00:00,0.917278
2017-02-23 00:00:00,0.918877
2017-02-24 00:00:00,0.920868
2017-02-27 00:00:00,0.9274450000000001
2017-02-28 00:00:00,0.927004
2017-03-01 00:00:00,0.9306610000000001
2017-03-02 00:00:00,0.924924
2017-03-03 00:00:00,0.934945
2017-03-06 00:00:00,0.934333
2017-03-07 00:00:00,0.9329620000000001
2017-03-08 00:00:00,0.93353
2017-03-09 00:00:00,0.937399
2017-03-10 00:00:00,0.937262
2017-03-13 00:00:00,0.938578
2017-03-14 00:00:00,0.933643
2017-03-15 00:00:00,0.9342590000000001
2017-03-16 00:00:00,0.925811
2017-03-17 00:00:00,0.930375
2017-03-20 00:00:00,0.9260790000000001
2017-03-21 00:00:00,0.9259379999999999
2017-03-22 00:00:00,0.9306049999999999
2017-03-23 00:00:00,0.931809
2017-03-24 00:00:00,0.93589
2017-03-26 00:00:00,0.938649
2017-03-27 00:00:00,0.940147
2017-03-28 00:00:00,0.935205
2017-03-29 00:00:00,0.9348200000000001
2017-03-30 00:00:00,0.9349350000000001
2017-04-02 00:00:00,0.938107
2017-04-03 00:00:00,0.941825
2017-04-04 00:00:00,0.945267
2017-04-05 00:00:00,0.943607
2017-04-06 00:00:00,0.9456969999999999
2017-04-09 00:00:00,0.947559
2017-04-10 00:00:00,0.948357
2017-04-11 00:00:00,0.9498120000000001
2017-04-12 00:00:00,0.950845
2017-04-13 00:00:00,0.9452799999999999
2017-04-16 00:00:00,0.945097
2017-04-17 00:00:00,0.9422709999999999
2017-04-18 00:00:00,0.947867
2017-04-19 00:00:00,0.9542200000000001
2017-04-20 00:00:00,0.95099
2017-04-23 00:00:00,0.950149
2017-04-24 00:00:00,0.9494549999999999
2017-04-25 00:00:00,0.951752
2017-04-26 00:00:00,0.95824
2017-04-27 00:00:00,0.958824
2017-04-30 00:00:00,0.9566450000000001
2017-05-01 00:00:00,0.950659
2017-05-02 00:00:00,0.9516389999999999
2017-05-03 00:00:00,0.963406
2017-05-04 00:00:00,0.9637120000000001
2017-05-07 00:00:00,0.958823
2017-05-08 00:00:00,0.9629040000000001
2017-05-09 00:00:00,0.965929
2017-05-10 00:00:00,0.9624510000000001
2017-05-11 00:00:00,0.962685
2017-05-14 00:00:00,0.963412
2017-05-15 00:00:00,0.964501
2017-05-16 00:00:00,0.966151
2017-05-17 00:00:00,0.9672950000000001
2017-05-18 00:00:00,0.967492
2017-05-21 00:00:00,0.9680139999999999
2017-05-22 00:00:00,0.9657979999999999
2017-05-23 00:00:00,0.962268
2017-05-24 00:00:00,0.963693
2017-05-25 00:00:00,0.9675299999999999
2017-05-28 00:00:00,0.9714209999999999
2017-05-29 00:00:00,0.9691790000000001
2017-05-30 00:00:00,0.9675229999999999
2017-05-31 00:00:00,0.9731790000000001
2017-06-01 00:00:00,0.977409
2017-06-04 00:00:00,0.9742209999999999
2017-06-05 00:00:00,0.967195
2017-06-06 00:00:00,0.9651719999999999
2017-06-07 00:00:00,0.9590110000000001
2017-06-08 00:00:00,0.9606020000000001
2017-06-11 00:00:00,0.9595379999999999
2017-06-12 00:00:00,0.956938
2017-06-13 00:00:00,0.9601770000000001
2017-06-14 00:00:00,0.957909
2017-06-15 00:00:00,0.9527700000000001
2017-06-18 00:00:00,0.948735
2017-06-19 00:00:00,0.949422
2017-06-20 00:00:00,0.9504239999999999
2017-06-21 00:00:00,0.953586
2017-06-22 00:00:00,0.9540870000000001
2017-06-25 00:00:00,0.9525530000000001
2017-06-26 00:00:00,0.9500649999999999
2017-06-27 00:00:00,0.950736
2017-06-28 00:00:00,0.9476399999999999
2017-06-29 00:00:00,0.9439930000000001
2017-07-02 00:00:00,0.944994
2017-07-03 00:00:00,0.943953
2017-07-04 00:00:00,0.95084
2017-07-05 00:00:00,0.9525819999999999
2017-07-06 00:00:00,0.9543
2017-07-09 00:00:00,0.951427
2017-07-11 00:00:00,0.947688
2017-07-12 00:00:00,0.9454670000000001
2017-07-13 00:00:00,0.940932
2017-07-16 00:00:00,0.9327200000000001
2017-07-17 00:00:00,0.936582
2017-07-18 00:00:00,0.9241659999999999
2017-07-19 00:00:00,0.917909
2017-07-20 00:00:00,0.920645
2017-07-23 00:00:00,0.92658
2017-07-24 00:00:00,0.925955
2017-07-25 00:00:00,0.925211
2017-07-26 00:00:00,0.9217190000000001
2017-07-27 00:00:00,0.923377
2017-07-30 00:00:00,0.9227780000000001
2017-07-31 00:00:00,0.922316
2017-08-01 00:00:00,0.9247489999999999
2017-08-02 00:00:00,0.9240360000000001
2017-08-03 00:00:00,0.9255190000000001
2017-08-06 00:00:00,0.926594
2017-08-07 00:00:00,0.9272870000000001
2017-08-08 00:00:00,0.928839
2017-08-09 00:00:00,0.9298280000000001
2017-08-10 00:00:00,0.9320809999999999
2017-08-13 00:00:00,0.930142
2017-08-14 00:00:00,0.933826
2017-08-15 00:00:00,0.934939
2017-08-16 00:00:00,0.9249719999999999
2017-08-17 00:00:00,0.9290309999999999
2017-08-20 00:00:00,0.9250870000000001
2017-08-21 00:00:00,0.925718
2017-08-22 00:00:00,0.9275200000000001
2017-08-23 00:00:00,0.9294030000000001
2017-08-24 00:00:00,0.9296209999999999
2017-08-27 00:00:00,0.9288200000000001
2017-08-28 00:00:00,0.931092
2017-08-29 00:00:00,0.9274319999999999
2017-08-30 00:00:00,0.931639
2017-08-31 00:00:00,0.9289719999999999
2017-09-03 00:00:00,0.925055
2017-09-04 00:00:00,0.9274600000000001
2017-09-05 00:00:00,0.9231969999999999
2017-09-06 00:00:00,0.9248040000000001
2017-09-07 00:00:00,0.926527
2017-09-10 00:00:00,0.92514
2017-09-11 00:00:00,0.925688
2017-09-12 00:00:00,0.9258709999999999
2017-09-13 00:00:00,0.928228
2017-09-14 00:00:00,0.92847
2017-09-17 00:00:00,0.928773
2017-09-18 00:00:00,0.9311370000000001
2017-09-19 00:00:00,0.927465
2017-09-20 00:00:00,0.9234530000000001
2017-09-21 00:00:00,0.934293
2017-09-24 00:00:00,0.93185
2017-09-25 00:00:00,0.932882
2017-09-26 00:00:00,0.9362950000000001
2017-09-27 00:00:00,0.9370299999999999
2017-09-28 00:00:00,0.938291
2017-10-01 00:00:00,0.937833
2017-10-02 00:00:00,0.938184
2017-10-03 00:00:00,0.9370069999999999
2017-10-04 00:00:00,0.934098
2017-10-05 00:00:00,0.9409379999999999
2017-10-08 00:00:00,0.9419770000000001
2017-10-09 00:00:00,0.9455469999999999
2017-10-10 00:00:00,0.947332
2017-10-11 00:00:00,0.946909
2017-10-12 00:00:00,0.9450360000000001
2017-10-15 00:00:00,0.9394040000000001
2017-10-16 00:00:00,0.942573
2017-10-17 00:00:00,0.9404889999999999
2017-10-18 00:00:00,0.9402010000000001
2017-10-19 00:00:00,0.9361079999999999
Changes,"Date
2007-10-21         NaN
2007-10-22    0.989175
2007-10-23    0.995272
2007-10-24    0.998901
2007-10-25    0.992302
2007-10-29    0.994472
2007-10-30    1.004312
2007-10-31    0.988396
2007-11-01    1.016170
2007-11-02    0.992593
2007-11-05    1.001456
2007-11-06    0.991997
2007-11-07    1.009179
2007-11-08    1.000089
2007-11-09    1.012459
2007-11-12    1.030174
2007-11-13    0.983752
2007-11-14    1.003127
2007-11-15    1.004678
2007-11-16    0.997584
2007-11-19    1.010887
2007-11-20    0.992738
2007-11-21    1.020773
2007-11-22    0.997859
2007-11-23    1.001597
2007-11-26    1.002651
2007-11-27    0.996177
2007-11-28    0.989915
2007-11-29    0.999486
2007-11-30    0.997370
                ...   
2017-09-10    0.998503
2017-09-11    1.000592
2017-09-12    1.000198
2017-09-13    1.002546
2017-09-14    1.000261
2017-09-17    1.000326
2017-09-18    1.002545
2017-09-19    0.996056
2017-09-20    0.995674
2017-09-21    1.011739
2017-09-24    0.997385
2017-09-25    1.001107
2017-09-26    1.003659
2017-09-27    1.000785
2017-09-28    1.001346
2017-10-01    0.999512
2017-10-02    1.000374
2017-10-03    0.998745
2017-10-04    0.996895
2017-10-05    1.007323
2017-10-08    1.001104
2017-10-09    1.003790
2017-10-10    1.001888
2017-10-11    0.999553
2017-10-12    0.998022
2017-10-15    0.994040
2017-10-16    1.003373
2017-10-17    0.997789
2017-10-18    0.999694
2017-10-19    0.995647
Name: Adj Close, Length: 2601, dtype: float64"
