2007-10-21 00:00:00,5.123991999999999
2007-10-22 00:00:00,5.1246410000000004
2007-10-23 00:00:00,5.123434
2007-10-24 00:00:00,5.134543
2007-10-25 00:00:00,5.146249
2007-10-29 00:00:00,5.140693
2007-10-30 00:00:00,5.148703
2007-10-31 00:00:00,5.151546
2007-11-01 00:00:00,5.134195
2007-11-02 00:00:00,5.138017
2007-11-05 00:00:00,5.132947
2007-11-06 00:00:00,5.1520209999999995
2007-11-07 00:00:00,5.149508
2007-11-08 00:00:00,5.149965
2007-11-09 00:00:00,5.136799
2007-11-12 00:00:00,5.090783999999999
2007-11-13 00:00:00,5.140216000000001
2007-11-14 00:00:00,5.126841000000001
2007-11-15 00:00:00,5.098012000000001
2007-11-16 00:00:00,5.1071230000000005
2007-11-19 00:00:00,5.112391000000001
2007-11-20 00:00:00,5.126019
2007-11-21 00:00:00,5.09395
2007-11-22 00:00:00,5.101675
2007-11-23 00:00:00,5.130389
2007-11-26 00:00:00,5.138433999999999
2007-11-27 00:00:00,5.117794
2007-11-28 00:00:00,5.121359
2007-11-29 00:00:00,5.092567
2007-11-30 00:00:00,5.103267
2007-12-03 00:00:00,5.097573000000001
2007-12-04 00:00:00,5.108912999999999
2007-12-05 00:00:00,5.099668
2007-12-06 00:00:00,5.1286760000000005
2007-12-07 00:00:00,5.143314
2007-12-10 00:00:00,5.1323739999999995
2007-12-11 00:00:00,5.103233
2007-12-12 00:00:00,5.106980999999999
2007-12-13 00:00:00,5.106885
2007-12-14 00:00:00,5.073392
2007-12-17 00:00:00,5.048017
2007-12-19 00:00:00,5.045199
2007-12-20 00:00:00,5.043386
2007-12-21 00:00:00,5.056721
2007-12-24 00:00:00,5.067172
2007-12-25 00:00:00,5.060199
2007-12-26 00:00:00,5.060598000000001
2007-12-27 00:00:00,5.040014
2007-12-28 00:00:00,5.046073000000001
2007-12-31 00:00:00,5.068867
2008-01-01 00:00:00,5.066754
2008-01-02 00:00:00,5.064266
2008-01-03 00:00:00,5.0647839999999995
2008-01-04 00:00:00,5.067327
2008-01-07 00:00:00,5.060345
2008-01-08 00:00:00,5.062995
2008-01-09 00:00:00,5.068511
2008-01-10 00:00:00,5.083881
2008-01-11 00:00:00,5.060708
2008-01-14 00:00:00,5.068939
2008-01-15 00:00:00,5.052819
2008-01-16 00:00:00,5.04957
2008-01-17 00:00:00,5.028901
2008-01-18 00:00:00,5.028017
2008-01-21 00:00:00,4.986553
2008-01-22 00:00:00,5.036366
2008-01-23 00:00:00,5.051056
2008-01-24 00:00:00,5.055723
2008-01-25 00:00:00,5.05687
2008-01-28 00:00:00,5.0596309999999995
2008-01-29 00:00:00,5.056228
2008-01-30 00:00:00,5.0586459999999995
2008-01-31 00:00:00,5.062103
2008-02-01 00:00:00,5.074996
2008-02-04 00:00:00,5.080215
2008-02-05 00:00:00,5.052462
2008-02-06 00:00:00,5.068907
2008-02-07 00:00:00,5.066403
2008-02-08 00:00:00,5.067476
2008-02-11 00:00:00,5.065595
2008-02-12 00:00:00,5.071338
2008-02-13 00:00:00,5.06747
2008-02-14 00:00:00,5.064193
2008-02-15 00:00:00,5.077915
2008-02-18 00:00:00,5.0694300000000005
2008-02-19 00:00:00,5.057732
2008-02-20 00:00:00,5.057780999999999
2008-02-21 00:00:00,5.058164
2008-02-22 00:00:00,5.075784
2008-02-25 00:00:00,5.083273999999999
2008-02-26 00:00:00,5.097011
2008-02-27 00:00:00,5.110339
2008-02-28 00:00:00,5.101279
2008-02-29 00:00:00,5.090603
2008-03-03 00:00:00,5.099195
2008-03-04 00:00:00,5.107241
2008-03-05 00:00:00,5.1126949999999995
2008-03-06 00:00:00,5.110551
2008-03-07 00:00:00,5.124404
2008-03-10 00:00:00,5.109807
2008-03-11 00:00:00,5.110935
2008-03-12 00:00:00,5.127178
2008-03-13 00:00:00,5.13668
2008-03-14 00:00:00,5.1364529999999995
2008-03-17 00:00:00,5.1189029999999995
2008-03-18 00:00:00,5.136961
2008-03-19 00:00:00,5.077493
2008-03-20 00:00:00,5.068005
2008-03-21 00:00:00,5.0866739999999995
2008-03-24 00:00:00,5.074944
2008-03-25 00:00:00,5.099885
2008-03-26 00:00:00,5.089947
2008-03-27 00:00:00,5.076471
2008-03-28 00:00:00,5.068182
2008-03-30 00:00:00,5.081199
2008-04-01 00:00:00,5.081544999999999
2008-04-02 00:00:00,5.061692
2008-04-03 00:00:00,5.07606
2008-04-06 00:00:00,5.065561
2008-04-07 00:00:00,5.0685080000000005
2008-04-08 00:00:00,5.074389
2008-04-09 00:00:00,5.145194999999999
2008-04-10 00:00:00,5.156239
2008-04-13 00:00:00,5.15342
2008-04-14 00:00:00,5.145078
2008-04-15 00:00:00,5.1666419999999995
2008-04-16 00:00:00,5.161104
2008-04-17 00:00:00,5.15379
2008-04-20 00:00:00,5.166741
2008-04-21 00:00:00,5.169901
2008-04-22 00:00:00,5.1615720000000005
2008-04-23 00:00:00,5.133157
2008-04-24 00:00:00,5.142143
2008-04-27 00:00:00,5.138448
2008-04-28 00:00:00,5.124835
2008-04-29 00:00:00,5.142215
2008-05-01 00:00:00,5.12522
2008-05-04 00:00:00,5.136926
2008-05-05 00:00:00,5.135949
2008-05-06 00:00:00,5.107956
2008-05-07 00:00:00,5.095061
2008-05-08 00:00:00,5.116065
2008-05-11 00:00:00,5.116439
2008-05-12 00:00:00,5.086358000000001
2008-05-13 00:00:00,5.067469
2008-05-14 00:00:00,5.077125
2008-05-15 00:00:00,5.1067800000000005
2008-05-18 00:00:00,5.079863
2008-05-19 00:00:00,5.103333999999999
2008-05-20 00:00:00,5.116404
2008-05-21 00:00:00,5.100772
2008-05-22 00:00:00,5.103144
2008-05-25 00:00:00,5.08695
2008-05-26 00:00:00,5.089842
2008-05-27 00:00:00,5.082380000000001
2008-05-28 00:00:00,5.070843
2008-05-29 00:00:00,5.093681
2008-06-01 00:00:00,5.080355
2008-06-02 00:00:00,5.072398000000001
2008-06-03 00:00:00,5.068184
2008-06-04 00:00:00,5.081392
2008-06-05 00:00:00,5.062761
2008-06-08 00:00:00,5.065729
2008-06-09 00:00:00,5.031603
2008-06-10 00:00:00,5.03932
2008-06-11 00:00:00,5.006896
2008-06-12 00:00:00,4.998476999999999
2008-06-15 00:00:00,5.024567
2008-06-16 00:00:00,5.036153
2008-06-17 00:00:00,5.024271
2008-06-18 00:00:00,5.018778
2008-06-19 00:00:00,5.043756
2008-06-22 00:00:00,5.017323
2008-06-23 00:00:00,5.017333
2008-06-24 00:00:00,5.019991
2008-06-25 00:00:00,5.0233
2008-06-26 00:00:00,5.032907
2008-06-29 00:00:00,5.037091
2008-07-01 00:00:00,5.035983
2008-07-02 00:00:00,5.009621
2008-07-03 00:00:00,5.032780000000001
2008-07-06 00:00:00,5.034276
2008-07-07 00:00:00,5.023916000000001
2008-07-08 00:00:00,5.041139
2008-07-09 00:00:00,5.025741
2008-07-10 00:00:00,5.04151
2008-07-13 00:00:00,5.053978
2008-07-14 00:00:00,5.052897
2008-07-15 00:00:00,5.040768
2008-07-16 00:00:00,5.039885
2008-07-17 00:00:00,5.039526
2008-07-20 00:00:00,5.0488599999999995
2008-07-21 00:00:00,5.01561
2008-07-22 00:00:00,5.001613
2008-07-23 00:00:00,5.01014
2008-07-24 00:00:00,5.0067639999999995
2008-07-27 00:00:00,5.011744
2008-07-28 00:00:00,4.985156
2008-07-29 00:00:00,4.987712
2008-07-30 00:00:00,4.9883
2008-07-31 00:00:00,4.988707
2008-08-03 00:00:00,4.997449
2008-08-04 00:00:00,4.976424
2008-08-05 00:00:00,4.96285
2008-08-06 00:00:00,4.933688
2008-08-07 00:00:00,4.8892050000000005
2008-08-10 00:00:00,4.859571
2008-08-11 00:00:00,4.87816
2008-08-12 00:00:00,4.884681
2008-08-13 00:00:00,4.858741
2008-08-14 00:00:00,4.846316000000001
2008-08-17 00:00:00,4.865869
2008-08-18 00:00:00,4.874244999999999
2008-08-19 00:00:00,4.858418
2008-08-20 00:00:00,4.880424
2008-08-21 00:00:00,4.843414
2008-08-24 00:00:00,4.828578
2008-08-25 00:00:00,4.798597
2008-08-26 00:00:00,4.820158
2008-08-27 00:00:00,4.814287
2008-08-28 00:00:00,4.815634999999999
2008-08-31 00:00:00,4.782722
2008-09-01 00:00:00,4.7653300000000005
2008-09-02 00:00:00,4.765953
2008-09-03 00:00:00,4.739396
2008-09-04 00:00:00,4.758602
2008-09-07 00:00:00,4.763081
2008-09-08 00:00:00,4.76565
2008-09-09 00:00:00,4.747116
2008-09-10 00:00:00,4.759468
2008-09-11 00:00:00,4.7651449999999995
2008-09-14 00:00:00,4.801783
2008-09-15 00:00:00,4.761679
2008-09-16 00:00:00,4.779535
2008-09-17 00:00:00,4.765438
2008-09-18 00:00:00,4.766734
2008-09-21 00:00:00,4.840594
2008-09-22 00:00:00,4.793311
2008-09-23 00:00:00,4.783434
2008-09-24 00:00:00,4.788974
2008-09-25 00:00:00,4.803641000000001
2008-09-28 00:00:00,4.769118
2008-09-29 00:00:00,4.765793
2008-09-30 00:00:00,4.756507
2008-10-01 00:00:00,4.716465
2008-10-02 00:00:00,4.726902
2008-10-05 00:00:00,4.658054
2008-10-06 00:00:00,4.638538
2008-10-07 00:00:00,4.628807
2008-10-08 00:00:00,4.616349
2008-10-09 00:00:00,4.603075
2008-10-12 00:00:00,4.6704989999999995
2008-10-13 00:00:00,4.654203
2008-10-14 00:00:00,4.615666
2008-10-15 00:00:00,4.6071
2008-10-16 00:00:00,4.61344
2008-10-19 00:00:00,4.617264
2008-10-20 00:00:00,4.599906
2008-10-21 00:00:00,4.544411
2008-10-22 00:00:00,4.544339
2008-10-23 00:00:00,4.534286
2008-10-27 00:00:00,4.524239
2008-10-28 00:00:00,4.587151
2008-10-29 00:00:00,4.573277
2008-10-30 00:00:00,4.638407
2008-10-31 00:00:00,4.63174
2008-11-03 00:00:00,4.612849
2008-11-04 00:00:00,4.639333000000001
2008-11-05 00:00:00,4.589417
2008-11-06 00:00:00,4.535246
2008-11-07 00:00:00,4.551394
2008-11-10 00:00:00,4.565946
2008-11-11 00:00:00,4.517543
2008-11-12 00:00:00,4.513667
2008-11-13 00:00:00,4.523447
2008-11-14 00:00:00,4.4878160000000005
2008-11-17 00:00:00,4.475152
2008-11-18 00:00:00,4.46765
2008-11-19 00:00:00,4.459848
2008-11-20 00:00:00,4.4533830000000005
2008-11-21 00:00:00,4.471132
2008-11-24 00:00:00,4.508733
2008-11-25 00:00:00,4.516967
2008-11-26 00:00:00,4.514499
2008-11-27 00:00:00,4.516127
2008-11-28 00:00:00,4.508765
2008-12-01 00:00:00,4.500818
2008-12-02 00:00:00,4.497251
2008-12-03 00:00:00,4.508044
2008-12-04 00:00:00,4.502653
2008-12-05 00:00:00,4.514203
2008-12-08 00:00:00,4.556911
2008-12-09 00:00:00,4.5628910000000005
2008-12-10 00:00:00,4.574574
2008-12-11 00:00:00,4.60078
2008-12-12 00:00:00,4.580959
2008-12-15 00:00:00,4.637443
2008-12-16 00:00:00,4.687607
2008-12-17 00:00:00,4.755381
2008-12-18 00:00:00,4.727974
2008-12-19 00:00:00,4.660557
2008-12-22 00:00:00,4.726625
2008-12-23 00:00:00,4.712307
2008-12-24 00:00:00,4.748629
2008-12-25 00:00:00,4.729253
2008-12-26 00:00:00,4.731871
2008-12-29 00:00:00,4.7355220000000005
2008-12-30 00:00:00,4.745629
2008-12-31 00:00:00,4.764213
2009-01-01 00:00:00,4.744308
2009-01-02 00:00:00,4.665661
2009-01-05 00:00:00,4.63543
2009-01-06 00:00:00,4.647039
2009-01-07 00:00:00,4.62395
2009-01-08 00:00:00,4.612842
2009-01-09 00:00:00,4.598464
2009-01-12 00:00:00,4.58438
2009-01-13 00:00:00,4.5822199999999995
2009-01-14 00:00:00,4.571332
2009-01-15 00:00:00,4.571429
2009-01-16 00:00:00,4.584341
2009-01-19 00:00:00,4.559268
2009-01-20 00:00:00,4.523775
2009-01-21 00:00:00,4.5592120000000005
2009-01-22 00:00:00,4.557477
2009-01-23 00:00:00,4.542534
2009-01-26 00:00:00,4.552223000000001
2009-01-27 00:00:00,4.556475
2009-01-28 00:00:00,4.5537410000000005
2009-01-29 00:00:00,4.5301800000000005
2009-01-30 00:00:00,4.5229800000000004
2009-02-02 00:00:00,4.5186660000000005
2009-02-03 00:00:00,4.5359940000000005
2009-02-04 00:00:00,4.517183999999999
2009-02-05 00:00:00,4.536994
2009-02-06 00:00:00,4.569792
2009-02-09 00:00:00,4.565612000000001
2009-02-10 00:00:00,4.525935
2009-02-11 00:00:00,4.52924
2009-02-12 00:00:00,4.522069999999999
2009-02-13 00:00:00,4.53409
2009-02-16 00:00:00,4.503699
2009-02-17 00:00:00,4.462056
2009-02-18 00:00:00,4.458946
2009-02-19 00:00:00,4.46819
2009-02-20 00:00:00,4.461056
2009-02-23 00:00:00,4.452998
2009-02-24 00:00:00,4.4904980000000005
2009-02-25 00:00:00,4.456272
2009-02-26 00:00:00,4.425673000000001
2009-02-27 00:00:00,4.421144
2009-03-02 00:00:00,4.392648
2009-03-03 00:00:00,4.396525
2009-03-04 00:00:00,4.414912
2009-03-05 00:00:00,4.393466
2009-03-06 00:00:00,4.421284
2009-03-09 00:00:00,4.404074
2009-03-10 00:00:00,4.4499319999999996
2009-03-11 00:00:00,4.462212
2009-03-12 00:00:00,4.469403
2009-03-13 00:00:00,4.437736
2009-03-16 00:00:00,4.457115
2009-03-17 00:00:00,4.470045
2009-03-18 00:00:00,4.512861
2009-03-19 00:00:00,4.511782
2009-03-20 00:00:00,4.4976910000000005
2009-03-23 00:00:00,4.52867
2009-03-24 00:00:00,4.512805
2009-03-25 00:00:00,4.523143
2009-03-26 00:00:00,4.5238059999999995
2009-03-27 00:00:00,4.504093
2009-03-29 00:00:00,4.482564
2009-03-30 00:00:00,4.486559
2009-03-31 00:00:00,4.4924290000000004
2009-04-01 00:00:00,4.545122
2009-04-02 00:00:00,4.531301999999999
2009-04-05 00:00:00,4.52663
2009-04-06 00:00:00,4.5111040000000004
2009-04-07 00:00:00,4.497661
2009-04-08 00:00:00,4.508852
2009-04-09 00:00:00,4.504091000000001
2009-04-12 00:00:00,4.518496
2009-04-13 00:00:00,4.547708999999999
2009-04-14 00:00:00,4.5474239999999995
2009-04-15 00:00:00,4.556869
2009-04-16 00:00:00,4.54931
2009-04-19 00:00:00,4.518543
2009-04-20 00:00:00,4.526193
2009-04-21 00:00:00,4.526116
2009-04-22 00:00:00,4.551662
2009-04-23 00:00:00,4.576944
2009-04-26 00:00:00,4.547165000000001
2009-04-27 00:00:00,4.552958
2009-04-28 00:00:00,4.58182
2009-04-29 00:00:00,4.591087
2009-04-30 00:00:00,4.598838
2009-05-03 00:00:00,4.632878
2009-05-04 00:00:00,4.617946
2009-05-05 00:00:00,4.622166
2009-05-06 00:00:00,4.631357
2009-05-07 00:00:00,4.670187
2009-05-10 00:00:00,4.648922
2009-05-11 00:00:00,4.66386
2009-05-12 00:00:00,4.646453
2009-05-13 00:00:00,4.65512
2009-05-14 00:00:00,4.628608
2009-05-17 00:00:00,4.654172
2009-05-18 00:00:00,4.660534999999999
2009-05-19 00:00:00,4.66774
2009-05-20 00:00:00,4.694104
2009-05-21 00:00:00,4.729923
2009-05-24 00:00:00,4.712567
2009-05-25 00:00:00,4.708880000000001
2009-05-26 00:00:00,4.685976
2009-05-27 00:00:00,4.693859
2009-05-28 00:00:00,4.724432
2009-05-31 00:00:00,4.739818
2009-06-01 00:00:00,4.745858999999999
2009-06-02 00:00:00,4.716588
2009-06-03 00:00:00,4.708391000000001
2009-06-04 00:00:00,4.686105
2009-06-07 00:00:00,4.690558
2009-06-08 00:00:00,4.694567
2009-06-09 00:00:00,4.687805
2009-06-10 00:00:00,4.710895
2009-06-11 00:00:00,4.703198
2009-06-14 00:00:00,4.672918
2009-06-15 00:00:00,4.667259
2009-06-16 00:00:00,4.698892
2009-06-17 00:00:00,4.692080000000001
2009-06-18 00:00:00,4.681525
2009-06-21 00:00:00,4.676259
2009-06-22 00:00:00,4.696959
2009-06-23 00:00:00,4.68229
2009-06-24 00:00:00,4.687754
2009-06-25 00:00:00,4.675391
2009-06-28 00:00:00,4.704812
2009-06-29 00:00:00,4.711917
2009-06-30 00:00:00,4.723088
2009-07-01 00:00:00,4.693842
2009-07-02 00:00:00,4.68951
2009-07-05 00:00:00,4.691594
2009-07-06 00:00:00,4.678437000000001
2009-07-07 00:00:00,4.664183
2009-07-08 00:00:00,4.681257
2009-07-09 00:00:00,4.665094
2009-07-12 00:00:00,4.672922
2009-07-13 00:00:00,4.678025
2009-07-14 00:00:00,4.699015
2009-07-15 00:00:00,4.697032
2009-07-16 00:00:00,4.701751
2009-07-19 00:00:00,4.738315
2009-07-20 00:00:00,4.729737
2009-07-21 00:00:00,4.729668
2009-07-22 00:00:00,4.731706
2009-07-23 00:00:00,4.739493
2009-07-26 00:00:00,4.736097
2009-07-27 00:00:00,4.7301660000000005
2009-07-28 00:00:00,4.718445
2009-07-29 00:00:00,4.729705
2009-07-30 00:00:00,4.74185
2009-08-02 00:00:00,4.761606
2009-08-03 00:00:00,4.761449
2009-08-04 00:00:00,4.759104
2009-08-05 00:00:00,4.753188
2009-08-06 00:00:00,4.739666000000001
2009-08-09 00:00:00,4.724284
2009-08-10 00:00:00,4.714375
2009-08-11 00:00:00,4.731439
2009-08-12 00:00:00,4.731313
2009-08-13 00:00:00,4.734527
2009-08-16 00:00:00,4.706828
2009-08-17 00:00:00,4.717288
2009-08-18 00:00:00,4.7221910000000005
2009-08-19 00:00:00,4.734401999999999
2009-08-20 00:00:00,4.743082
2009-08-23 00:00:00,4.727632
2009-08-24 00:00:00,4.725151
2009-08-25 00:00:00,4.718733
2009-08-26 00:00:00,4.73276
2009-08-27 00:00:00,4.7320150000000005
2009-08-30 00:00:00,4.732672
2009-08-31 00:00:00,4.721634
2009-09-01 00:00:00,4.729769
2009-09-02 00:00:00,4.735609999999999
2009-09-03 00:00:00,4.742056
2009-09-06 00:00:00,4.757464
2009-09-07 00:00:00,4.781932
2009-09-08 00:00:00,4.787389
2009-09-09 00:00:00,4.7889040000000005
2009-09-10 00:00:00,4.796524
2009-09-13 00:00:00,4.795147
2009-09-14 00:00:00,4.806851
2009-09-15 00:00:00,4.831608999999999
2009-09-16 00:00:00,4.82011
2009-09-17 00:00:00,4.817424
2009-09-20 00:00:00,4.8125480000000005
2009-09-21 00:00:00,4.834752
2009-09-22 00:00:00,4.817372
2009-09-23 00:00:00,4.79955
2009-09-24 00:00:00,4.823442
2009-09-27 00:00:00,4.808661
2009-09-28 00:00:00,4.806881
2009-09-29 00:00:00,4.839818
2009-09-30 00:00:00,4.815273
2009-10-01 00:00:00,4.823109
2009-10-04 00:00:00,4.842912999999999
2009-10-05 00:00:00,4.864687
2009-10-06 00:00:00,4.875197
2009-10-07 00:00:00,4.905015000000001
2009-10-08 00:00:00,4.8845410000000005
2009-10-11 00:00:00,4.881876
2009-10-12 00:00:00,4.884199
2009-10-13 00:00:00,4.904498
2009-10-14 00:00:00,4.907337
2009-10-15 00:00:00,4.898325
2009-10-18 00:00:00,4.908266
2009-10-19 00:00:00,4.888196
2009-10-20 00:00:00,4.9012150000000005
2009-10-21 00:00:00,4.895727
2009-10-22 00:00:00,4.889279
2009-10-26 00:00:00,4.872293
2009-10-27 00:00:00,4.880913
2009-10-28 00:00:00,4.8553120000000005
2009-10-29 00:00:00,4.883351
2009-10-30 00:00:00,4.871731
2009-11-02 00:00:00,4.876913
2009-11-03 00:00:00,4.871391
2009-11-04 00:00:00,4.887535
2009-11-05 00:00:00,4.8857669999999995
2009-11-06 00:00:00,4.895799
2009-11-09 00:00:00,4.918465
2009-11-10 00:00:00,4.912313
2009-11-11 00:00:00,4.914846
2009-11-12 00:00:00,4.904029
2009-11-13 00:00:00,4.92045
2009-11-16 00:00:00,4.927353
2009-11-17 00:00:00,4.922599
2009-11-18 00:00:00,4.92515
2009-11-19 00:00:00,4.9098370000000005
2009-11-20 00:00:00,4.9100470000000005
2009-11-23 00:00:00,4.922927
2009-11-24 00:00:00,4.923321
2009-11-25 00:00:00,4.946319
2009-11-26 00:00:00,4.913573
2009-11-27 00:00:00,4.91211
2009-11-30 00:00:00,4.932851
2009-12-01 00:00:00,4.940511
2009-12-02 00:00:00,4.940068
2009-12-03 00:00:00,4.934989
2009-12-04 00:00:00,4.908266
2009-12-07 00:00:00,4.90985
2009-12-08 00:00:00,4.89089
2009-12-09 00:00:00,4.904618
2009-12-10 00:00:00,4.907559
2009-12-11 00:00:00,4.899957
2009-12-14 00:00:00,4.9042069999999995
2009-12-15 00:00:00,4.889988
2009-12-16 00:00:00,4.880959
2009-12-17 00:00:00,4.858303
2009-12-18 00:00:00,4.865492
2009-12-21 00:00:00,4.849157
2009-12-22 00:00:00,4.846826
2009-12-23 00:00:00,4.840954
2009-12-24 00:00:00,4.859886
2009-12-25 00:00:00,4.855052
2009-12-28 00:00:00,4.8540220000000005
2009-12-29 00:00:00,4.852822
2009-12-30 00:00:00,4.854173
2009-12-31 00:00:00,4.865375
2010-01-04 00:00:00,4.879671
2010-01-05 00:00:00,4.880441
2010-01-06 00:00:00,4.893633
2010-01-07 00:00:00,4.878918
2010-01-08 00:00:00,4.888849
2010-01-11 00:00:00,4.911023
2010-01-12 00:00:00,4.899799
2010-01-13 00:00:00,4.913009
2010-01-14 00:00:00,4.915279
2010-01-15 00:00:00,4.9029050000000005
2010-01-18 00:00:00,4.913717
2010-01-19 00:00:00,4.903467
2010-01-20 00:00:00,4.870543
2010-01-21 00:00:00,4.856257
2010-01-22 00:00:00,4.853683999999999
2010-01-25 00:00:00,4.8719980000000005
2010-01-26 00:00:00,4.860666999999999
2010-01-27 00:00:00,4.852648
2010-01-28 00:00:00,4.855688
2010-01-29 00:00:00,4.849469999999999
2010-02-01 00:00:00,4.838183
2010-02-02 00:00:00,4.8432949999999995
2010-02-03 00:00:00,4.828858
2010-02-04 00:00:00,4.799958
2010-02-05 00:00:00,4.796019
2010-02-08 00:00:00,4.790584
2010-02-09 00:00:00,4.812896
2010-02-10 00:00:00,4.810921
2010-02-11 00:00:00,4.837173
2010-02-12 00:00:00,4.835932
2010-02-15 00:00:00,4.8324370000000005
2010-02-16 00:00:00,4.8596260000000004
2010-02-17 00:00:00,4.853749
2010-02-18 00:00:00,4.824578
2010-02-19 00:00:00,4.831102
2010-02-22 00:00:00,4.83714
2010-02-23 00:00:00,4.834403
2010-02-24 00:00:00,4.837943
2010-02-25 00:00:00,4.838112000000001
2010-02-26 00:00:00,4.848637999999999
2010-03-01 00:00:00,4.853603
2010-03-02 00:00:00,4.866167
2010-03-03 00:00:00,4.871423
2010-03-04 00:00:00,4.8640669999999995
2010-03-05 00:00:00,4.865453
2010-03-08 00:00:00,4.87019
2010-03-09 00:00:00,4.874969
2010-03-10 00:00:00,4.876132
2010-03-11 00:00:00,4.87697
2010-03-12 00:00:00,4.890149
2010-03-15 00:00:00,4.8784
2010-03-16 00:00:00,4.889176
2010-03-17 00:00:00,4.89516
2010-03-18 00:00:00,4.886746
2010-03-19 00:00:00,4.876941
2010-03-22 00:00:00,4.868517
2010-03-23 00:00:00,4.863789
2010-03-24 00:00:00,4.848783999999999
2010-03-25 00:00:00,4.845001
2010-03-26 00:00:00,4.858181
2010-03-28 00:00:00,4.8725510000000005
2010-03-29 00:00:00,4.870556
2010-03-30 00:00:00,4.871214
2010-03-31 00:00:00,4.878265
2010-04-01 00:00:00,4.869553
2010-04-04 00:00:00,4.877951
2010-04-05 00:00:00,4.882172
2010-04-06 00:00:00,4.885242
2010-04-07 00:00:00,4.890219999999999
2010-04-08 00:00:00,4.903490000000001
2010-04-11 00:00:00,4.9009160000000005
2010-04-12 00:00:00,4.900144
2010-04-13 00:00:00,4.964239
2010-04-14 00:00:00,4.961131
2010-04-15 00:00:00,4.956442
2010-04-18 00:00:00,4.948201999999999
2010-04-19 00:00:00,4.9581
2010-04-20 00:00:00,4.968369999999999
2010-04-21 00:00:00,4.968222
2010-04-22 00:00:00,4.977733
2010-04-25 00:00:00,4.988731
2010-04-26 00:00:00,4.961496
2010-04-27 00:00:00,4.9598260000000005
2010-04-28 00:00:00,4.982673999999999
2010-04-29 00:00:00,4.975183
2010-05-02 00:00:00,4.974816000000001
2010-05-03 00:00:00,4.93899
2010-05-04 00:00:00,4.895443
2010-05-05 00:00:00,4.856655
2010-05-06 00:00:00,4.887558
2010-05-09 00:00:00,4.935845
2010-05-10 00:00:00,4.930358999999999
2010-05-11 00:00:00,4.940683
2010-05-12 00:00:00,4.932783000000001
2010-05-13 00:00:00,4.913926999999999
2010-05-16 00:00:00,4.910119
2010-05-17 00:00:00,4.882189
2010-05-18 00:00:00,4.885346
2010-05-19 00:00:00,4.838822
2010-05-20 00:00:00,4.852149
2010-05-23 00:00:00,4.84181
2010-05-24 00:00:00,4.834715
2010-05-25 00:00:00,4.828612000000001
2010-05-26 00:00:00,4.87478
2010-05-27 00:00:00,4.847405999999999
2010-05-30 00:00:00,4.871498
2010-05-31 00:00:00,4.82952
2010-06-01 00:00:00,4.860241
2010-06-02 00:00:00,4.847537
2010-06-03 00:00:00,4.825348
2010-06-06 00:00:00,4.807302
2010-06-07 00:00:00,4.827281
2010-06-08 00:00:00,4.825019
2010-06-09 00:00:00,4.858639
2010-06-10 00:00:00,4.870636
2010-06-13 00:00:00,4.886351
2010-06-14 00:00:00,4.905531
2010-06-15 00:00:00,4.898981
2010-06-16 00:00:00,4.900894
2010-06-17 00:00:00,4.926378
2010-06-20 00:00:00,4.927472
2010-06-21 00:00:00,4.910837
2010-06-22 00:00:00,4.899776
2010-06-23 00:00:00,4.881748
2010-06-24 00:00:00,4.892656
2010-06-27 00:00:00,4.893321
2010-06-28 00:00:00,4.8423680000000004
2010-06-29 00:00:00,4.839562
2010-06-30 00:00:00,4.8761339999999995
2010-07-01 00:00:00,4.858169
2010-07-04 00:00:00,4.861269
2010-07-05 00:00:00,4.880694999999999
2010-07-06 00:00:00,4.892295
2010-07-07 00:00:00,4.9079440000000005
2010-07-08 00:00:00,4.8988190000000005
2010-07-11 00:00:00,4.891984
2010-07-12 00:00:00,4.91911
2010-07-13 00:00:00,4.923630999999999
2010-07-14 00:00:00,4.929183
2010-07-15 00:00:00,4.920424
2010-07-18 00:00:00,4.9157589999999995
2010-07-19 00:00:00,4.929716
2010-07-20 00:00:00,4.909406
2010-07-21 00:00:00,4.935536
2010-07-22 00:00:00,4.941962
2010-07-25 00:00:00,4.97622
2010-07-26 00:00:00,4.969599
2010-07-27 00:00:00,4.953019
2010-07-28 00:00:00,4.966241
2010-07-29 00:00:00,4.976607
2010-08-01 00:00:00,5.0157940000000005
2010-08-02 00:00:00,5.012376000000001
2010-08-03 00:00:00,5.012376000000001
2010-08-04 00:00:00,5.002145
2010-08-05 00:00:00,4.996675
2010-08-08 00:00:00,5.020279
2010-08-09 00:00:00,5.0114980000000005
2010-08-10 00:00:00,4.998522
2010-08-11 00:00:00,4.950956
2010-08-12 00:00:00,4.977079
2010-08-15 00:00:00,4.981647
2010-08-16 00:00:00,4.990158
2010-08-17 00:00:00,5.008344
2010-08-18 00:00:00,5.015535
2010-08-19 00:00:00,5.005168
2010-08-22 00:00:00,4.9958
2010-08-23 00:00:00,5.003869
2010-08-24 00:00:00,4.984869000000001
2010-08-25 00:00:00,5.000737
2010-08-26 00:00:00,5.011218
2010-08-29 00:00:00,5.023683
2010-08-30 00:00:00,5.013135
2010-08-31 00:00:00,5.018305000000001
2010-09-01 00:00:00,5.0485489999999995
2010-09-02 00:00:00,5.05091
2010-09-05 00:00:00,5.057926
2010-09-06 00:00:00,5.039411
2010-09-07 00:00:00,5.025643
2010-09-08 00:00:00,5.051507
2010-09-09 00:00:00,5.045668
2010-09-12 00:00:00,5.053521
2010-09-13 00:00:00,5.049525
2010-09-14 00:00:00,5.052885
2010-09-15 00:00:00,5.031778
2010-09-16 00:00:00,5.019436
2010-09-19 00:00:00,5.0287489999999995
2010-09-20 00:00:00,5.027222
2010-09-21 00:00:00,5.039281
2010-09-22 00:00:00,5.0497879999999995
2010-09-23 00:00:00,5.038765
2010-09-26 00:00:00,5.067373
2010-09-27 00:00:00,5.059933999999999
2010-09-28 00:00:00,5.0693529999999996
2010-09-29 00:00:00,5.068225
2010-09-30 00:00:00,5.08066
2010-10-03 00:00:00,5.0934040000000005
2010-10-04 00:00:00,5.08294
2010-10-05 00:00:00,5.104302
2010-10-06 00:00:00,5.106457
2010-10-07 00:00:00,5.112897
2010-10-10 00:00:00,5.1049809999999995
2010-10-11 00:00:00,5.092146
2010-10-12 00:00:00,5.108071
2010-10-13 00:00:00,5.108996
2010-10-14 00:00:00,5.1268720000000005
2010-10-17 00:00:00,5.110204
2010-10-18 00:00:00,5.101661
2010-10-19 00:00:00,5.048394999999999
2010-10-20 00:00:00,5.099839
2010-10-21 00:00:00,5.100492
2010-10-24 00:00:00,5.1201300000000005
2010-10-25 00:00:00,5.13811
2010-10-26 00:00:00,5.126002
2010-10-27 00:00:00,5.113394
2010-10-28 00:00:00,5.118837999999999
2010-11-01 00:00:00,5.155221
2010-11-02 00:00:00,5.1765300000000005
2010-11-03 00:00:00,5.180703
2010-11-04 00:00:00,5.185312000000001
2010-11-05 00:00:00,5.18617
2010-11-08 00:00:00,5.175857
2010-11-09 00:00:00,5.175485
2010-11-10 00:00:00,5.142248
2010-11-11 00:00:00,5.148441
2010-11-12 00:00:00,5.125523
2010-11-15 00:00:00,5.110291
2010-11-16 00:00:00,5.082446
2010-11-17 00:00:00,5.0826080000000005
2010-11-18 00:00:00,5.102539
2010-11-19 00:00:00,5.1142
2010-11-22 00:00:00,5.118937
2010-11-23 00:00:00,5.10609
2010-11-24 00:00:00,5.049319000000001
2010-11-25 00:00:00,5.0869
2010-11-26 00:00:00,5.072968
2010-11-29 00:00:00,5.050673000000001
2010-11-30 00:00:00,5.034825
2010-12-01 00:00:00,5.042876000000001
2010-12-02 00:00:00,5.078391000000001
2010-12-03 00:00:00,5.088982
2010-12-06 00:00:00,5.11281
2010-12-07 00:00:00,5.083474
2010-12-08 00:00:00,5.06658
2010-12-09 00:00:00,5.059947
2010-12-10 00:00:00,5.071629
2010-12-13 00:00:00,5.080868
2010-12-14 00:00:00,5.107265
2010-12-15 00:00:00,5.1029029999999995
2010-12-16 00:00:00,5.046823000000001
2010-12-17 00:00:00,5.062367
2010-12-20 00:00:00,5.053992
2010-12-21 00:00:00,5.060976999999999
2010-12-22 00:00:00,5.0620519999999996
2010-12-23 00:00:00,5.08311
2010-12-24 00:00:00,5.085038
2010-12-27 00:00:00,5.099141
2010-12-28 00:00:00,5.100823999999999
2010-12-29 00:00:00,5.091973
2010-12-30 00:00:00,5.117442
2010-12-31 00:00:00,5.133373000000001
2011-01-03 00:00:00,5.140048999999999
2011-01-04 00:00:00,5.121021
2011-01-05 00:00:00,5.125954
2011-01-06 00:00:00,5.089763
2011-01-07 00:00:00,5.101781
2011-01-10 00:00:00,5.108066
2011-01-11 00:00:00,5.106744
2011-01-12 00:00:00,5.108586
2011-01-13 00:00:00,5.119244
2011-01-14 00:00:00,5.1322410000000005
2011-01-17 00:00:00,5.1116470000000005
2011-01-18 00:00:00,5.110861
2011-01-19 00:00:00,5.124396
2011-01-20 00:00:00,5.121716999999999
2011-01-21 00:00:00,5.110024
2011-01-24 00:00:00,5.1232169999999995
2011-01-25 00:00:00,5.133083
2011-01-26 00:00:00,5.135606
2011-01-27 00:00:00,5.141847
2011-01-28 00:00:00,5.136705
2011-01-31 00:00:00,5.105449
2011-02-01 00:00:00,5.157022
2011-02-02 00:00:00,5.182637000000001
2011-02-03 00:00:00,5.147583999999999
2011-02-04 00:00:00,5.139908
2011-02-07 00:00:00,5.135273000000001
2011-02-08 00:00:00,5.145267
2011-02-09 00:00:00,5.1425
2011-02-10 00:00:00,5.169455999999999
2011-02-11 00:00:00,5.143561
2011-02-14 00:00:00,5.129649
2011-02-15 00:00:00,5.1371400000000005
2011-02-16 00:00:00,5.137304
2011-02-17 00:00:00,5.145561
2011-02-18 00:00:00,5.153014
2011-02-21 00:00:00,5.159123
2011-02-22 00:00:00,5.143003
2011-02-23 00:00:00,5.130828
2011-02-24 00:00:00,5.144156
2011-02-25 00:00:00,5.1486279999999995
2011-02-28 00:00:00,5.149471
2011-03-01 00:00:00,5.162522
2011-03-02 00:00:00,5.152226000000001
2011-03-03 00:00:00,5.171551999999999
2011-03-04 00:00:00,5.177027
2011-03-07 00:00:00,5.177204
2011-03-08 00:00:00,5.172237
2011-03-09 00:00:00,5.172187999999999
2011-03-10 00:00:00,5.166417
2011-03-11 00:00:00,5.155369
2011-03-14 00:00:00,5.172536
2011-03-15 00:00:00,5.1750419999999995
2011-03-16 00:00:00,5.139724
2011-03-17 00:00:00,5.106701
2011-03-18 00:00:00,5.141148
2011-03-21 00:00:00,5.154329
2011-03-22 00:00:00,5.178952
2011-03-23 00:00:00,5.1748
2011-03-24 00:00:00,5.18243
2011-03-25 00:00:00,5.195346
2011-03-27 00:00:00,5.190175
2011-03-28 00:00:00,5.1906550000000005
2011-03-29 00:00:00,5.197826
2011-03-30 00:00:00,5.19318
2011-03-31 00:00:00,5.1864930000000005
2011-04-03 00:00:00,5.190253
2011-04-04 00:00:00,5.180895
2011-04-05 00:00:00,5.182114
2011-04-06 00:00:00,5.187555000000001
2011-04-07 00:00:00,5.1852089999999995
2011-04-10 00:00:00,5.192458
2011-04-11 00:00:00,5.19664
2011-04-12 00:00:00,5.199984
2011-04-13 00:00:00,5.196098
2011-04-17 00:00:00,5.2473849999999995
2011-04-18 00:00:00,5.22264
2011-04-19 00:00:00,5.246802
2011-04-20 00:00:00,5.261407
2011-04-21 00:00:00,5.2750379999999994
2011-04-24 00:00:00,5.256587000000001
2011-04-25 00:00:00,5.2485029999999995
2011-04-26 00:00:00,5.291362
2011-04-27 00:00:00,5.289887
2011-04-28 00:00:00,5.299151999999999
2011-05-01 00:00:00,5.299158
2011-05-02 00:00:00,5.309126999999999
2011-05-03 00:00:00,5.295651
2011-05-04 00:00:00,5.275024
2011-05-05 00:00:00,5.231222
2011-05-08 00:00:00,5.247713
2011-05-09 00:00:00,5.274146
2011-05-10 00:00:00,5.272498000000001
2011-05-11 00:00:00,5.256639
2011-05-12 00:00:00,5.248344
2011-05-15 00:00:00,5.204187999999999
2011-05-16 00:00:00,5.205327
2011-05-17 00:00:00,5.220186
2011-05-18 00:00:00,5.2480839999999995
2011-05-19 00:00:00,5.257032
2011-05-22 00:00:00,5.227508
2011-05-23 00:00:00,5.208492
2011-05-24 00:00:00,5.210087000000001
2011-05-25 00:00:00,5.208149
2011-05-26 00:00:00,5.222079
2011-05-29 00:00:00,5.244113
2011-05-30 00:00:00,5.250446
2011-05-31 00:00:00,5.258502
2011-06-01 00:00:00,5.230943
2011-06-02 00:00:00,5.258939
2011-06-05 00:00:00,5.272861
2011-06-06 00:00:00,5.258738
2011-06-07 00:00:00,5.285004
2011-06-08 00:00:00,5.257815
2011-06-09 00:00:00,5.267181
2011-06-12 00:00:00,5.237336
2011-06-13 00:00:00,5.252369
2011-06-14 00:00:00,5.2620569999999995
2011-06-15 00:00:00,5.230906
2011-06-16 00:00:00,5.222231
2011-06-19 00:00:00,5.240876
2011-06-20 00:00:00,5.246830999999999
2011-06-21 00:00:00,5.245822
2011-06-22 00:00:00,5.236085
2011-06-23 00:00:00,5.238558
2011-06-26 00:00:00,5.217872
2011-06-27 00:00:00,5.224067
2011-06-28 00:00:00,5.220725
2011-06-29 00:00:00,5.241687000000001
2011-06-30 00:00:00,5.266868
2011-07-03 00:00:00,5.267053
2011-07-04 00:00:00,5.266041
2011-07-05 00:00:00,5.2641860000000005
2011-07-06 00:00:00,5.266844
2011-07-07 00:00:00,5.288777
2011-07-10 00:00:00,5.283739
2011-07-11 00:00:00,5.268861
2011-07-12 00:00:00,5.272171
2011-07-13 00:00:00,5.341915
2011-07-14 00:00:00,5.288779
2011-07-17 00:00:00,4.8108629999999994
2011-07-18 00:00:00,5.3179870000000005
2011-07-19 00:00:00,5.319671
2011-07-20 00:00:00,5.315551
2011-07-21 00:00:00,5.331818
2011-07-24 00:00:00,5.32787
2011-07-25 00:00:00,5.337972
2011-07-26 00:00:00,5.349871
2011-07-27 00:00:00,5.351691000000001
2011-07-28 00:00:00,5.359787
2011-07-31 00:00:00,5.344334
2011-08-01 00:00:00,5.347092
2011-08-02 00:00:00,5.321745
2011-08-03 00:00:00,5.332548
2011-08-04 00:00:00,5.236924
2011-08-07 00:00:00,5.295372
2011-08-08 00:00:00,5.254580000000001
2011-08-09 00:00:00,5.318039
2011-08-10 00:00:00,5.250062000000001
2011-08-11 00:00:00,5.264539
2011-08-14 00:00:00,5.280347
2011-08-15 00:00:00,5.315588
2011-08-16 00:00:00,5.308679
2011-08-17 00:00:00,5.305549
2011-08-18 00:00:00,5.248562000000001
2011-08-21 00:00:00,5.273073
2011-08-22 00:00:00,5.294944999999999
2011-08-23 00:00:00,5.314552
2011-08-24 00:00:00,5.296849
2011-08-25 00:00:00,5.2783739999999995
2011-08-28 00:00:00,5.299369
2011-08-29 00:00:00,5.286058000000001
2011-08-30 00:00:00,5.291342
2011-08-31 00:00:00,5.299543
2011-09-01 00:00:00,5.299834
2011-09-04 00:00:00,5.288429
2011-09-05 00:00:00,5.279116
2011-09-06 00:00:00,5.2809919999999995
2011-09-07 00:00:00,5.293144
2011-09-08 00:00:00,5.2553540000000005
2011-09-11 00:00:00,5.184198
2011-09-12 00:00:00,5.188007
2011-09-13 00:00:00,5.162995
2011-09-14 00:00:00,5.144788
2011-09-15 00:00:00,5.146217
2011-09-18 00:00:00,5.128988
2011-09-19 00:00:00,5.045866999999999
2011-09-20 00:00:00,5.064255
2011-09-21 00:00:00,4.952925
2011-09-22 00:00:00,4.894898
2011-09-25 00:00:00,4.924817
2011-09-26 00:00:00,4.95012
2011-09-27 00:00:00,4.9840279999999995
2011-09-28 00:00:00,4.922994
2011-09-29 00:00:00,4.9233839999999995
2011-10-02 00:00:00,4.887809
2011-10-03 00:00:00,4.859792
2011-10-04 00:00:00,4.8669519999999995
2011-10-05 00:00:00,4.887882
2011-10-06 00:00:00,4.901493
2011-10-09 00:00:00,4.903698
2011-10-10 00:00:00,4.969034
2011-10-11 00:00:00,4.959486
2011-10-12 00:00:00,4.981980999999999
2011-10-13 00:00:00,4.996477
2011-10-16 00:00:00,5.0374
2011-10-17 00:00:00,5.005107
2011-10-18 00:00:00,5.032324
2011-10-19 00:00:00,5.037101
2011-10-20 00:00:00,5.008213
2011-10-23 00:00:00,5.003925
2011-10-24 00:00:00,5.047883000000001
2011-10-25 00:00:00,5.0375879999999995
2011-10-26 00:00:00,5.009461
2011-10-27 00:00:00,5.118693
2011-10-31 00:00:00,5.102717
2011-11-01 00:00:00,5.063198000000001
2011-11-02 00:00:00,4.966195
2011-11-03 00:00:00,4.959834
2011-11-04 00:00:00,5.017372
2011-11-07 00:00:00,4.998658
2011-11-08 00:00:00,5.002363
2011-11-09 00:00:00,5.009076
2011-11-10 00:00:00,4.923541999999999
2011-11-11 00:00:00,4.919392
2011-11-14 00:00:00,4.965344
2011-11-15 00:00:00,4.9193739999999995
2011-11-16 00:00:00,4.901609
2011-11-17 00:00:00,4.884734
2011-11-18 00:00:00,4.88739
2011-11-21 00:00:00,4.891047
2011-11-22 00:00:00,4.87197
2011-11-23 00:00:00,4.885923
2011-11-24 00:00:00,4.844458
2011-11-25 00:00:00,4.854425
2011-11-28 00:00:00,4.890782
2011-11-29 00:00:00,4.907188
2011-11-30 00:00:00,4.9083120000000005
2011-12-01 00:00:00,4.975815
2011-12-02 00:00:00,4.9657
2011-12-05 00:00:00,4.955921
2011-12-06 00:00:00,4.943855
2011-12-07 00:00:00,4.938022
2011-12-08 00:00:00,4.959501
2011-12-09 00:00:00,4.912267
2011-12-12 00:00:00,4.91378
2011-12-13 00:00:00,4.886014
2011-12-14 00:00:00,4.868371
2011-12-15 00:00:00,4.864473
2011-12-16 00:00:00,4.880159
2011-12-19 00:00:00,4.864319
2011-12-20 00:00:00,4.818356
2011-12-21 00:00:00,4.8890769999999995
2011-12-22 00:00:00,4.886392
2011-12-23 00:00:00,4.886381
2011-12-26 00:00:00,4.899536
2011-12-27 00:00:00,4.898505999999999
2011-12-28 00:00:00,4.876544
2011-12-29 00:00:00,4.861848999999999
2011-12-30 00:00:00,4.856065
2012-01-02 00:00:00,4.849163
2012-01-03 00:00:00,4.847643
2012-01-04 00:00:00,4.903823
2012-01-05 00:00:00,4.888578
2012-01-06 00:00:00,4.885008
2012-01-09 00:00:00,4.859898
2012-01-10 00:00:00,4.8771629999999995
2012-01-11 00:00:00,4.894085
2012-01-12 00:00:00,4.894606
2012-01-13 00:00:00,4.900939
2012-01-16 00:00:00,4.86779
2012-01-17 00:00:00,4.885041999999999
2012-01-18 00:00:00,4.9221580000000005
2012-01-19 00:00:00,4.942594000000001
2012-01-20 00:00:00,4.958101
2012-01-23 00:00:00,4.968655
2012-01-24 00:00:00,4.982285
2012-01-25 00:00:00,4.989346
2012-01-26 00:00:00,5.009521
2012-01-27 00:00:00,5.032976000000001
2012-01-30 00:00:00,5.054348
2012-01-31 00:00:00,5.021954
2012-02-01 00:00:00,5.014387
2012-02-02 00:00:00,5.044391
2012-02-03 00:00:00,5.053872
2012-02-06 00:00:00,5.070044
2012-02-07 00:00:00,5.054862
2012-02-08 00:00:00,5.065441000000001
2012-02-09 00:00:00,5.054085
2012-02-10 00:00:00,5.043583
2012-02-13 00:00:00,5.012983999999999
2012-02-14 00:00:00,5.002066
2012-02-15 00:00:00,4.98275
2012-02-16 00:00:00,4.980704
2012-02-17 00:00:00,4.995719
2012-02-20 00:00:00,5.0381599999999995
2012-02-21 00:00:00,5.020722
2012-02-22 00:00:00,5.0124580000000005
2012-02-23 00:00:00,5.005804
2012-02-24 00:00:00,5.032358
2012-02-27 00:00:00,5.018489
2012-02-28 00:00:00,5.0233550000000005
2012-02-29 00:00:00,5.045582
2012-03-01 00:00:00,5.030932
2012-03-02 00:00:00,5.045415
2012-03-05 00:00:00,5.023048
2012-03-06 00:00:00,5.020455
2012-03-07 00:00:00,4.999129
2012-03-08 00:00:00,5.009606
2012-03-09 00:00:00,5.04795
2012-03-12 00:00:00,5.021882
2012-03-13 00:00:00,5.032782
2012-03-14 00:00:00,5.027575
2012-03-15 00:00:00,4.989912
2012-03-16 00:00:00,5.007674
2012-03-19 00:00:00,5.030151
2012-03-20 00:00:00,5.029131
2012-03-21 00:00:00,5.003721
2012-03-22 00:00:00,5.0006330000000005
2012-03-23 00:00:00,4.984255999999999
2012-03-25 00:00:00,5.0073870000000005
2012-03-26 00:00:00,5.016307
2012-03-27 00:00:00,5.013203
2012-03-28 00:00:00,5.011212
2012-03-29 00:00:00,5.009254
2012-04-01 00:00:00,5.024583
2012-04-02 00:00:00,5.026026
2012-04-03 00:00:00,5.013299
2012-04-04 00:00:00,5.003337
2012-04-05 00:00:00,5.010878
2012-04-08 00:00:00,4.9984150000000005
2012-04-09 00:00:00,5.002142
2012-04-10 00:00:00,4.997623
2012-04-11 00:00:00,5.01926
2012-04-12 00:00:00,5.042623000000001
2012-04-15 00:00:00,5.043394999999999
2012-04-16 00:00:00,5.051053
2012-04-17 00:00:00,5.051394
2012-04-18 00:00:00,5.037253
2012-04-19 00:00:00,5.0403839999999995
2012-04-22 00:00:00,5.0552220000000005
2012-04-23 00:00:00,5.0546690000000005
2012-04-24 00:00:00,5.063683999999999
2012-04-25 00:00:00,5.069182
2012-04-26 00:00:00,5.069823
2012-04-29 00:00:00,5.094304
2012-04-30 00:00:00,5.083616
2012-05-01 00:00:00,5.090269
2012-05-02 00:00:00,5.071342
2012-05-03 00:00:00,5.060026000000001
2012-05-06 00:00:00,5.0311900000000005
2012-05-07 00:00:00,5.05871
2012-05-08 00:00:00,5.051409
2012-05-09 00:00:00,5.039374
2012-05-10 00:00:00,5.042363
2012-05-13 00:00:00,5.039048
2012-05-14 00:00:00,5.027358
2012-05-15 00:00:00,5.011103
2012-05-16 00:00:00,4.987449
2012-05-17 00:00:00,4.967932
2012-05-20 00:00:00,4.972342
2012-05-21 00:00:00,4.9914760000000005
2012-05-22 00:00:00,4.9515709999999995
2012-05-23 00:00:00,4.953831
2012-05-24 00:00:00,4.966941
2012-05-27 00:00:00,4.965854
2012-05-28 00:00:00,4.9589300000000005
2012-05-29 00:00:00,4.957008
2012-05-30 00:00:00,4.929137
2012-05-31 00:00:00,4.9460239999999995
2012-06-03 00:00:00,4.921880000000001
2012-06-04 00:00:00,4.954921
2012-06-05 00:00:00,4.956024
2012-06-06 00:00:00,4.993057
2012-06-07 00:00:00,4.989659
2012-06-10 00:00:00,4.994436
2012-06-11 00:00:00,4.957063
2012-06-12 00:00:00,4.968957
2012-06-13 00:00:00,4.958705
2012-06-14 00:00:00,4.986075
2012-06-17 00:00:00,5.027718
2012-06-18 00:00:00,5.008744999999999
2012-06-19 00:00:00,5.018322
2012-06-20 00:00:00,5.003191
2012-06-21 00:00:00,4.979269
2012-06-24 00:00:00,4.978643
2012-06-25 00:00:00,4.967525
2012-06-26 00:00:00,4.976692
2012-06-27 00:00:00,4.979051
2012-06-28 00:00:00,4.9641589999999995
2012-07-01 00:00:00,5.019433
2012-07-02 00:00:00,5.008955
2012-07-03 00:00:00,5.033835
2012-07-04 00:00:00,5.010736
2012-07-05 00:00:00,5.024903
2012-07-08 00:00:00,5.001807
2012-07-09 00:00:00,5.020884
2012-07-10 00:00:00,5.019080000000001
2012-07-11 00:00:00,5.044015
2012-07-12 00:00:00,5.024269
2012-07-15 00:00:00,5.055916000000001
2012-07-16 00:00:00,5.046119999999999
2012-07-17 00:00:00,5.056971
2012-07-18 00:00:00,5.063519
2012-07-19 00:00:00,5.083433
2012-07-22 00:00:00,5.065485
2012-07-23 00:00:00,5.064956
2012-07-24 00:00:00,5.059886
2012-07-25 00:00:00,5.085776
2012-07-26 00:00:00,5.101974
2012-07-29 00:00:00,5.113968
2012-07-30 00:00:00,5.116943
2012-07-31 00:00:00,5.1069260000000005
2012-08-01 00:00:00,5.105659999999999
2012-08-02 00:00:00,5.099383
2012-08-05 00:00:00,5.135821
2012-08-06 00:00:00,5.134112
2012-08-07 00:00:00,5.122868
2012-08-08 00:00:00,5.109559
2012-08-09 00:00:00,5.1115129999999995
2012-08-12 00:00:00,5.108526
2012-08-13 00:00:00,5.105601
2012-08-14 00:00:00,5.100095
2012-08-15 00:00:00,5.093507
2012-08-16 00:00:00,5.097118
2012-08-19 00:00:00,5.077863
2012-08-20 00:00:00,5.077691000000001
2012-08-21 00:00:00,5.083779
2012-08-22 00:00:00,5.095788
2012-08-23 00:00:00,5.094437
2012-08-26 00:00:00,5.083433
2012-08-27 00:00:00,5.076258999999999
2012-08-28 00:00:00,5.074257
2012-08-29 00:00:00,5.065633999999999
2012-08-30 00:00:00,5.065975
2012-09-02 00:00:00,5.083353
2012-09-03 00:00:00,5.091194000000001
2012-09-04 00:00:00,5.086873000000001
2012-09-05 00:00:00,5.090844000000001
2012-09-06 00:00:00,5.1051910000000005
2012-09-09 00:00:00,5.130885
2012-09-10 00:00:00,5.124686
2012-09-11 00:00:00,5.151116
2012-09-12 00:00:00,5.149964
2012-09-13 00:00:00,5.166841000000001
2012-09-16 00:00:00,5.173931
2012-09-17 00:00:00,5.153944
2012-09-18 00:00:00,5.158883
2012-09-19 00:00:00,5.1559029999999995
2012-09-20 00:00:00,5.14993
2012-09-23 00:00:00,5.147767
2012-09-24 00:00:00,5.141507
2012-09-25 00:00:00,5.131671
2012-09-26 00:00:00,5.120501
2012-09-27 00:00:00,5.140619999999999
2012-09-30 00:00:00,5.113751000000001
2012-10-01 00:00:00,5.113751000000001
2012-10-02 00:00:00,5.137032
2012-10-03 00:00:00,5.1410800000000005
2012-10-04 00:00:00,5.146614
2012-10-07 00:00:00,5.143676999999999
2012-10-08 00:00:00,5.115206
2012-10-09 00:00:00,5.108034
2012-10-10 00:00:00,5.118474
2012-10-11 00:00:00,5.111924
2012-10-14 00:00:00,5.1251430000000004
2012-10-15 00:00:00,5.134469
2012-10-16 00:00:00,5.139657
2012-10-17 00:00:00,5.141729
2012-10-18 00:00:00,5.128384
2012-10-21 00:00:00,5.115168
2012-10-22 00:00:00,5.1234459999999995
2012-10-23 00:00:00,5.104769
2012-10-24 00:00:00,5.110424
2012-10-25 00:00:00,5.115932
2012-10-29 00:00:00,5.127231
2012-10-30 00:00:00,5.113004
2012-10-31 00:00:00,5.119248000000001
2012-11-01 00:00:00,5.114382
2012-11-02 00:00:00,5.114836
2012-11-05 00:00:00,5.101127
2012-11-06 00:00:00,5.09911
2012-11-07 00:00:00,5.106787000000001
2012-11-08 00:00:00,5.102394
2012-11-09 00:00:00,5.117699
2012-11-12 00:00:00,5.1037550000000005
2012-11-13 00:00:00,5.086864
2012-11-14 00:00:00,5.098511
2012-11-15 00:00:00,5.0936069999999996
2012-11-16 00:00:00,5.095224
2012-11-19 00:00:00,5.089641
2012-11-20 00:00:00,5.0948080000000004
2012-11-21 00:00:00,5.091741000000001
2012-11-22 00:00:00,5.089475
2012-11-23 00:00:00,5.0935
2012-11-26 00:00:00,5.098304
2012-11-27 00:00:00,5.098269999999999
2012-11-28 00:00:00,5.087817
2012-11-29 00:00:00,5.096154
2012-11-30 00:00:00,5.106449
2012-12-03 00:00:00,5.10377
2012-12-04 00:00:00,5.112114
2012-12-05 00:00:00,5.113179
2012-12-06 00:00:00,5.110071
2012-12-07 00:00:00,5.1039080000000006
2012-12-10 00:00:00,5.0994589999999995
2012-12-11 00:00:00,5.0911029999999995
2012-12-12 00:00:00,5.117171
2012-12-13 00:00:00,5.123966
2012-12-14 00:00:00,5.115468
2012-12-17 00:00:00,5.118176999999999
2012-12-18 00:00:00,5.117498
2012-12-19 00:00:00,5.122218
2012-12-20 00:00:00,5.109179
2012-12-21 00:00:00,5.117961
2012-12-24 00:00:00,5.105306
2012-12-25 00:00:00,5.108462
2012-12-26 00:00:00,5.10389
2012-12-27 00:00:00,5.095569
2012-12-28 00:00:00,5.102879
2012-12-31 00:00:00,5.098372
2013-01-01 00:00:00,5.104121
2013-01-02 00:00:00,5.107345
2013-01-03 00:00:00,5.105163
2013-01-04 00:00:00,5.07851
2013-01-07 00:00:00,5.079447
2013-01-08 00:00:00,5.068834
2013-01-09 00:00:00,5.068649
2013-01-10 00:00:00,5.068308
2013-01-11 00:00:00,5.091489
2013-01-14 00:00:00,5.065641
2013-01-15 00:00:00,5.0783510000000005
2013-01-16 00:00:00,5.0754779999999995
2013-01-17 00:00:00,5.083409
2013-01-18 00:00:00,5.0827599999999995
2013-01-21 00:00:00,5.057417
2013-01-22 00:00:00,5.063242
2013-01-23 00:00:00,5.071393
2013-01-24 00:00:00,5.0718190000000005
2013-01-25 00:00:00,5.05441
2013-01-28 00:00:00,5.032039
2013-01-29 00:00:00,5.02641
2013-01-30 00:00:00,5.043993
2013-01-31 00:00:00,5.032487000000001
2013-02-01 00:00:00,5.023755
2013-02-04 00:00:00,5.023301
2013-02-05 00:00:00,5.029383
2013-02-06 00:00:00,5.03517
2013-02-07 00:00:00,5.027928
2013-02-08 00:00:00,5.029006
2013-02-11 00:00:00,5.052766
2013-02-12 00:00:00,5.020298
2013-02-13 00:00:00,5.031769000000001
2013-02-14 00:00:00,5.044637000000001
2013-02-15 00:00:00,5.045823
2013-02-18 00:00:00,5.028802
2013-02-19 00:00:00,5.038946
2013-02-20 00:00:00,5.047129
2013-02-21 00:00:00,5.032092
2013-02-22 00:00:00,5.030843
2013-02-25 00:00:00,5.021224
2013-02-26 00:00:00,5.028965
2013-02-27 00:00:00,5.029474
2013-02-28 00:00:00,5.036156
2013-03-01 00:00:00,5.026984
2013-03-04 00:00:00,5.005955
2013-03-05 00:00:00,5.0
2013-03-06 00:00:00,4.998394
2013-03-07 00:00:00,4.982653
2013-03-08 00:00:00,4.995903
2013-03-11 00:00:00,5.024754
2013-03-12 00:00:00,4.982303
2013-03-13 00:00:00,4.985158
2013-03-14 00:00:00,4.977329
2013-03-15 00:00:00,4.975101
2013-03-18 00:00:00,5.025578
2013-03-19 00:00:00,4.975022
2013-03-20 00:00:00,4.966272
2013-03-21 00:00:00,4.963744999999999
2013-03-22 00:00:00,4.974698
2013-03-25 00:00:00,4.951625
2013-03-26 00:00:00,4.992203
2013-03-27 00:00:00,5.006931
2013-03-28 00:00:00,5.002979
2013-03-29 00:00:00,5.008141999999999
2013-03-31 00:00:00,5.0087019999999995
2013-04-01 00:00:00,5.000888
2013-04-02 00:00:00,5.003996
2013-04-03 00:00:00,5.0065800000000005
2013-04-04 00:00:00,5.001208999999999
2013-04-07 00:00:00,4.975354
2013-04-08 00:00:00,4.996375
2013-04-09 00:00:00,5.007021
2013-04-10 00:00:00,5.003108999999999
2013-04-11 00:00:00,5.010190000000001
2013-04-14 00:00:00,5.010185
2013-04-15 00:00:00,4.9952760000000005
2013-04-16 00:00:00,5.010211
2013-04-17 00:00:00,4.99571
2013-04-18 00:00:00,5.025974
2013-04-21 00:00:00,5.003798000000001
2013-04-22 00:00:00,4.985288
2013-04-23 00:00:00,4.977366
2013-04-24 00:00:00,4.976208
2013-04-25 00:00:00,4.983126
2013-04-28 00:00:00,4.981433999999999
2013-04-29 00:00:00,4.997730000000001
2013-04-30 00:00:00,5.0071069999999995
2013-05-01 00:00:00,4.997162
2013-05-02 00:00:00,4.985177999999999
2013-05-05 00:00:00,4.992617
2013-05-06 00:00:00,5.009301
2013-05-07 00:00:00,4.992293
2013-05-08 00:00:00,4.993886
2013-05-09 00:00:00,4.969842
2013-05-12 00:00:00,4.945717
2013-05-13 00:00:00,4.948153
2013-05-14 00:00:00,4.932798
2013-05-15 00:00:00,4.925941000000001
2013-05-16 00:00:00,4.908059
2013-05-19 00:00:00,4.879005
2013-05-20 00:00:00,4.8878699999999995
2013-05-21 00:00:00,4.868155000000001
2013-05-22 00:00:00,4.825806
2013-05-23 00:00:00,4.841336
2013-05-26 00:00:00,4.841391000000001
2013-05-27 00:00:00,4.847081
2013-05-28 00:00:00,4.8141
2013-05-29 00:00:00,4.833082
2013-05-30 00:00:00,4.860943
2013-06-02 00:00:00,4.855018
2013-06-03 00:00:00,4.88778
2013-06-04 00:00:00,4.878179
2013-06-05 00:00:00,4.896199
2013-06-06 00:00:00,4.933681
2013-06-09 00:00:00,4.8931309999999995
2013-06-10 00:00:00,4.868981
2013-06-11 00:00:00,4.889499
2013-06-12 00:00:00,4.878466
2013-06-13 00:00:00,4.903168
2013-06-16 00:00:00,4.897424
2013-06-17 00:00:00,4.872937
2013-06-18 00:00:00,4.847258999999999
2013-06-19 00:00:00,4.823976999999999
2013-06-20 00:00:00,4.806089
2013-06-23 00:00:00,4.806437
2013-06-24 00:00:00,4.812334
2013-06-25 00:00:00,4.830223
2013-06-26 00:00:00,4.870871
2013-06-27 00:00:00,4.917955
2013-06-30 00:00:00,4.828646
2013-07-01 00:00:00,4.845403
2013-07-02 00:00:00,4.816633
2013-07-03 00:00:00,4.808321
2013-07-04 00:00:00,4.801225
2013-07-07 00:00:00,4.779622
2013-07-08 00:00:00,4.7880720000000005
2013-07-09 00:00:00,4.789165000000001
2013-07-10 00:00:00,4.855002
2013-07-11 00:00:00,4.863702
2013-07-14 00:00:00,4.857273999999999
2013-07-15 00:00:00,4.854814
2013-07-16 00:00:00,4.865861
2013-07-17 00:00:00,4.860192
2013-07-18 00:00:00,4.841481
2013-07-21 00:00:00,4.851553
2013-07-22 00:00:00,4.866953
2013-07-23 00:00:00,4.850236
2013-07-24 00:00:00,4.825141
2013-07-25 00:00:00,4.8423110000000005
2013-07-28 00:00:00,4.847258999999999
2013-07-29 00:00:00,4.830451
2013-07-30 00:00:00,4.820009
2013-07-31 00:00:00,4.814922
2013-08-01 00:00:00,4.79772
2013-08-04 00:00:00,4.815698
2013-08-05 00:00:00,4.821786
2013-08-06 00:00:00,4.825204
2013-08-07 00:00:00,4.823078
2013-08-08 00:00:00,4.851974
2013-08-11 00:00:00,4.859430000000001
2013-08-12 00:00:00,4.837211
2013-08-13 00:00:00,4.825016000000001
2013-08-14 00:00:00,4.814765
2013-08-15 00:00:00,4.811558
2013-08-18 00:00:00,4.806216
2013-08-19 00:00:00,4.784263
2013-08-20 00:00:00,4.7947120000000005
2013-08-21 00:00:00,4.759399
2013-08-22 00:00:00,4.769602
2013-08-25 00:00:00,4.779484
2013-08-26 00:00:00,4.770164
2013-08-27 00:00:00,4.7584089999999994
2013-08-28 00:00:00,4.785415
2013-08-29 00:00:00,4.7902949999999995
2013-09-01 00:00:00,4.79515
2013-09-02 00:00:00,4.7974120000000005
2013-09-03 00:00:00,4.783323
2013-09-04 00:00:00,4.794002
2013-09-05 00:00:00,4.771086
2013-09-08 00:00:00,4.792098
2013-09-09 00:00:00,4.815982
2013-09-10 00:00:00,4.819637999999999
2013-09-11 00:00:00,4.828243
2013-09-12 00:00:00,4.819125
2013-09-15 00:00:00,4.835015
2013-09-16 00:00:00,4.843678
2013-09-17 00:00:00,4.85186
2013-09-18 00:00:00,4.906979
2013-09-19 00:00:00,4.9047339999999995
2013-09-22 00:00:00,4.886927
2013-09-23 00:00:00,4.8861419999999995
2013-09-24 00:00:00,4.870019
2013-09-25 00:00:00,4.873147
2013-09-26 00:00:00,4.869021
2013-09-29 00:00:00,4.8607
2013-09-30 00:00:00,4.868983999999999
2013-10-01 00:00:00,4.880532
2013-10-02 00:00:00,4.895192
2013-10-03 00:00:00,4.894211
2013-10-06 00:00:00,4.9019449999999996
2013-10-08 00:00:00,4.894009
2013-10-09 00:00:00,4.889115
2013-10-10 00:00:00,4.888865
2013-10-13 00:00:00,4.900044
2013-10-14 00:00:00,4.902794
2013-10-15 00:00:00,4.903265
2013-10-16 00:00:00,4.894629
2013-10-17 00:00:00,4.912414
2013-10-20 00:00:00,4.913583999999999
2013-10-21 00:00:00,4.89561
2013-10-22 00:00:00,4.922593
2013-10-23 00:00:00,4.904669
2013-10-24 00:00:00,4.907301
2013-10-28 00:00:00,4.916228
2013-10-29 00:00:00,4.907908
2013-10-30 00:00:00,4.898134
2013-10-31 00:00:00,4.906725
2013-11-01 00:00:00,4.90065
2013-11-04 00:00:00,4.898719
2013-11-05 00:00:00,4.901748
2013-11-06 00:00:00,4.89572
2013-11-07 00:00:00,4.89502
2013-11-08 00:00:00,4.885944
2013-11-11 00:00:00,4.873526
2013-11-12 00:00:00,4.870185
2013-11-13 00:00:00,4.869807
2013-11-14 00:00:00,4.884451
2013-11-15 00:00:00,4.878131
2013-11-18 00:00:00,4.880205999999999
2013-11-19 00:00:00,4.879303
2013-11-20 00:00:00,4.895854
2013-11-21 00:00:00,4.8803730000000005
2013-11-22 00:00:00,4.865697
2013-11-25 00:00:00,4.867311
2013-11-26 00:00:00,4.8674040000000005
2013-11-27 00:00:00,4.8615699999999995
2013-11-28 00:00:00,4.846495
2013-11-29 00:00:00,4.844256
2013-12-02 00:00:00,4.848485
2013-12-03 00:00:00,4.843462000000001
2013-12-04 00:00:00,4.85427
2013-12-05 00:00:00,4.847751000000001
2013-12-06 00:00:00,4.852075
2013-12-09 00:00:00,4.854915
2013-12-10 00:00:00,4.853607
2013-12-11 00:00:00,4.854043
2013-12-12 00:00:00,4.8428510000000005
2013-12-13 00:00:00,4.823961
2013-12-16 00:00:00,4.828951
2013-12-17 00:00:00,4.828034
2013-12-18 00:00:00,4.821264
2013-12-19 00:00:00,4.804126999999999
2013-12-20 00:00:00,4.787719
2013-12-23 00:00:00,4.787269
2013-12-24 00:00:00,4.782543
2013-12-25 00:00:00,4.781909
2013-12-26 00:00:00,4.783079
2013-12-27 00:00:00,4.77637
2013-12-30 00:00:00,4.77281
2013-12-31 00:00:00,4.776555
2014-01-01 00:00:00,4.788047
2014-01-02 00:00:00,4.781608
2014-01-03 00:00:00,4.767907
2014-01-06 00:00:00,4.770421
2014-01-07 00:00:00,4.7684690000000005
2014-01-08 00:00:00,4.75165
2014-01-09 00:00:00,4.745048000000001
2014-01-10 00:00:00,4.757594999999999
2014-01-13 00:00:00,4.782454
2014-01-14 00:00:00,4.768314
2014-01-15 00:00:00,4.753767
2014-01-16 00:00:00,4.741928
2014-01-17 00:00:00,4.753548
2014-01-20 00:00:00,4.736598000000001
2014-01-21 00:00:00,4.734030000000001
2014-01-22 00:00:00,4.725754
2014-01-23 00:00:00,4.722643
2014-01-24 00:00:00,4.723293
2014-01-27 00:00:00,4.722539
2014-01-28 00:00:00,4.731756
2014-01-29 00:00:00,4.743169
2014-01-30 00:00:00,4.737114
2014-01-31 00:00:00,4.747483
2014-02-03 00:00:00,4.737559
2014-02-04 00:00:00,4.744915
2014-02-05 00:00:00,4.771104
2014-02-06 00:00:00,4.772608999999999
2014-02-07 00:00:00,4.771329
2014-02-10 00:00:00,4.773561
2014-02-11 00:00:00,4.762257
2014-02-12 00:00:00,4.7748919999999995
2014-02-13 00:00:00,4.782389
2014-02-14 00:00:00,4.7864
2014-02-17 00:00:00,4.812678
2014-02-18 00:00:00,4.808428
2014-02-19 00:00:00,4.801554
2014-02-20 00:00:00,4.800244
2014-02-21 00:00:00,4.804186
2014-02-24 00:00:00,4.799694000000001
2014-02-25 00:00:00,4.821773
2014-02-26 00:00:00,4.8359309999999995
2014-02-27 00:00:00,4.8295580000000005
2014-02-28 00:00:00,4.8388599999999995
2014-03-03 00:00:00,4.833984
2014-03-04 00:00:00,4.832075
2014-03-05 00:00:00,4.833565
2014-03-06 00:00:00,4.82839
2014-03-07 00:00:00,4.8364650000000005
2014-03-10 00:00:00,4.822966
2014-03-11 00:00:00,4.833814
2014-03-12 00:00:00,4.836488
2014-03-13 00:00:00,4.842264
2014-03-14 00:00:00,4.83669
2014-03-17 00:00:00,4.852765
2014-03-18 00:00:00,4.878516
2014-03-19 00:00:00,4.892721
2014-03-20 00:00:00,4.863837
2014-03-21 00:00:00,4.868301
2014-03-24 00:00:00,4.879832
2014-03-25 00:00:00,4.8678360000000005
2014-03-26 00:00:00,4.8833910000000005
2014-03-27 00:00:00,4.892473000000001
2014-03-28 00:00:00,4.910193
2014-03-30 00:00:00,4.925117
2014-03-31 00:00:00,4.932652
2014-04-01 00:00:00,4.91915
2014-04-02 00:00:00,4.9104019999999995
2014-04-03 00:00:00,4.910862
2014-04-06 00:00:00,4.926957
2014-04-07 00:00:00,4.924414
2014-04-08 00:00:00,4.943312000000001
2014-04-09 00:00:00,4.96547
2014-04-10 00:00:00,4.963826999999999
2014-04-13 00:00:00,4.967080999999999
2014-04-14 00:00:00,4.955189
2014-04-15 00:00:00,4.95782
2014-04-16 00:00:00,4.969119999999999
2014-04-17 00:00:00,4.9565339999999996
2014-04-20 00:00:00,4.958157
2014-04-21 00:00:00,4.957167
2014-04-22 00:00:00,4.95907
2014-04-23 00:00:00,4.961204
2014-04-24 00:00:00,4.961746
2014-04-27 00:00:00,4.970268
2014-04-28 00:00:00,4.969117
2014-04-29 00:00:00,4.977416000000001
2014-04-30 00:00:00,4.987868
2014-05-01 00:00:00,4.987948
2014-05-04 00:00:00,4.994644999999999
2014-05-05 00:00:00,4.990716
2014-05-06 00:00:00,4.984923
2014-05-07 00:00:00,4.981553
2014-05-08 00:00:00,4.9867669999999995
2014-05-11 00:00:00,4.976907
2014-05-12 00:00:00,4.980646
2014-05-13 00:00:00,4.968364
2014-05-14 00:00:00,4.974842
2014-05-15 00:00:00,4.968293
2014-05-18 00:00:00,4.9778839999999995
2014-05-19 00:00:00,4.979769
2014-05-20 00:00:00,4.970669
2014-05-21 00:00:00,4.97331
2014-05-22 00:00:00,4.973157
2014-05-25 00:00:00,4.970028
2014-05-26 00:00:00,4.972025
2014-05-27 00:00:00,4.967318
2014-05-28 00:00:00,4.9731190000000005
2014-05-29 00:00:00,4.966864
2014-06-01 00:00:00,4.973014
2014-06-02 00:00:00,4.962451000000001
2014-06-03 00:00:00,4.969639
2014-06-04 00:00:00,4.961282
2014-06-05 00:00:00,4.985713
2014-06-08 00:00:00,4.986935
2014-06-09 00:00:00,4.983442
2014-06-10 00:00:00,4.973351
2014-06-11 00:00:00,4.973445
2014-06-12 00:00:00,4.975477
2014-06-15 00:00:00,4.956983
2014-06-16 00:00:00,4.9716510000000005
2014-06-17 00:00:00,4.961176
2014-06-18 00:00:00,4.982341
2014-06-19 00:00:00,4.978148
2014-06-22 00:00:00,4.973948
2014-06-23 00:00:00,4.979172
2014-06-24 00:00:00,4.979788
2014-06-25 00:00:00,4.982829
2014-06-26 00:00:00,4.971956
2014-06-29 00:00:00,4.967953
2014-06-30 00:00:00,4.968116
2014-07-01 00:00:00,4.97061
2014-07-02 00:00:00,4.971019
2014-07-03 00:00:00,4.973656
2014-07-06 00:00:00,4.9731440000000005
2014-07-07 00:00:00,4.969631
2014-07-08 00:00:00,4.982417
2014-07-09 00:00:00,4.987189
2014-07-10 00:00:00,4.987356
2014-07-13 00:00:00,4.989769
2014-07-14 00:00:00,4.9930699999999995
2014-07-15 00:00:00,4.983477
2014-07-16 00:00:00,4.987278
2014-07-17 00:00:00,4.98046
2014-07-20 00:00:00,4.995124
2014-07-21 00:00:00,5.000968
2014-07-22 00:00:00,4.996289
2014-07-23 00:00:00,5.002425
2014-07-24 00:00:00,4.986816999999999
2014-07-27 00:00:00,4.980021
2014-07-28 00:00:00,4.974954
2014-07-29 00:00:00,4.965957
2014-07-30 00:00:00,4.950348
2014-07-31 00:00:00,4.9408449999999995
2014-08-03 00:00:00,4.948786
2014-08-04 00:00:00,4.950642
2014-08-05 00:00:00,4.937209999999999
2014-08-06 00:00:00,4.929775
2014-08-07 00:00:00,4.912562
2014-08-10 00:00:00,4.914798
2014-08-11 00:00:00,4.916334
2014-08-12 00:00:00,4.9162360000000005
2014-08-13 00:00:00,4.919563
2014-08-14 00:00:00,4.929182
2014-08-17 00:00:00,4.93043
2014-08-18 00:00:00,4.927292
2014-08-19 00:00:00,4.916012
2014-08-20 00:00:00,4.9006680000000005
2014-08-21 00:00:00,4.915284
2014-08-24 00:00:00,4.910803
2014-08-25 00:00:00,4.912808
2014-08-26 00:00:00,4.917424
2014-08-27 00:00:00,4.917537
2014-08-28 00:00:00,4.908989
2014-08-31 00:00:00,4.910177
2014-09-01 00:00:00,4.9073269999999996
2014-09-02 00:00:00,4.896968
2014-09-03 00:00:00,4.899158
2014-09-04 00:00:00,4.880392
2014-09-07 00:00:00,4.889653
2014-09-08 00:00:00,4.8703080000000005
2014-09-09 00:00:00,4.8550580000000005
2014-09-10 00:00:00,4.845898
2014-09-11 00:00:00,4.843535
2014-09-14 00:00:00,4.8436129999999995
2014-09-15 00:00:00,4.851995
2014-09-16 00:00:00,4.868530000000001
2014-09-17 00:00:00,4.829902
2014-09-18 00:00:00,4.83661
2014-09-21 00:00:00,4.841744
2014-09-22 00:00:00,4.831654
2014-09-23 00:00:00,4.832459
2014-09-24 00:00:00,4.831627
2014-09-25 00:00:00,4.825787999999999
2014-09-28 00:00:00,4.796371
2014-09-29 00:00:00,4.818445
2014-09-30 00:00:00,4.803126
2014-10-01 00:00:00,4.816905
2014-10-02 00:00:00,4.817927
2014-10-05 00:00:00,4.782714
2014-10-06 00:00:00,4.804421
2014-10-07 00:00:00,4.8061169999999995
2014-10-08 00:00:00,4.814876
2014-10-09 00:00:00,4.811138
2014-10-12 00:00:00,4.8025199999999995
2014-10-13 00:00:00,4.811225
2014-10-14 00:00:00,4.792223
2014-10-15 00:00:00,4.805566000000001
2014-10-16 00:00:00,4.797567
2014-10-19 00:00:00,4.798568
2014-10-20 00:00:00,4.813441
2014-10-21 00:00:00,4.805832
2014-10-22 00:00:00,4.798198999999999
2014-10-23 00:00:00,4.788272
2014-10-27 00:00:00,4.787742
2014-10-28 00:00:00,4.790915
2014-10-29 00:00:00,4.796005
2014-10-30 00:00:00,4.772416000000001
2014-10-31 00:00:00,4.7790349999999995
2014-11-03 00:00:00,4.742614
2014-11-04 00:00:00,4.734236
2014-11-05 00:00:00,4.738999
2014-11-06 00:00:00,4.718214
2014-11-07 00:00:00,4.709823
2014-11-10 00:00:00,4.7446
2014-11-11 00:00:00,4.734468
2014-11-12 00:00:00,4.734051
2014-11-13 00:00:00,4.738963
2014-11-14 00:00:00,4.731389
2014-11-17 00:00:00,4.7110769999999995
2014-11-18 00:00:00,4.709212
2014-11-19 00:00:00,4.707228
2014-11-20 00:00:00,4.6913160000000005
2014-11-21 00:00:00,4.700595
2014-11-24 00:00:00,4.70884
2014-11-25 00:00:00,4.705435
2014-11-26 00:00:00,4.714796
2014-11-27 00:00:00,4.721702
2014-11-28 00:00:00,4.714583
2014-12-01 00:00:00,4.693153
2014-12-02 00:00:00,4.703126
2014-12-03 00:00:00,4.6842809999999995
2014-12-04 00:00:00,4.680066
2014-12-05 00:00:00,4.684455000000001
2014-12-08 00:00:00,4.644909999999999
2014-12-09 00:00:00,4.673541999999999
2014-12-10 00:00:00,4.695447
2014-12-11 00:00:00,4.710961
2014-12-12 00:00:00,4.7034199999999995
2014-12-15 00:00:00,4.711343
2014-12-16 00:00:00,4.712687
2014-12-17 00:00:00,4.744301
2014-12-18 00:00:00,4.715414
2014-12-19 00:00:00,4.721519
2014-12-22 00:00:00,4.721065
2014-12-23 00:00:00,4.707755000000001
2014-12-24 00:00:00,4.690183
2014-12-25 00:00:00,4.695151
2014-12-26 00:00:00,4.691955999999999
2014-12-29 00:00:00,4.688766
2014-12-30 00:00:00,4.692575
2014-12-31 00:00:00,4.686152
2015-01-01 00:00:00,4.680187999999999
2015-01-02 00:00:00,4.680612
2015-01-05 00:00:00,4.643883
2015-01-06 00:00:00,4.652926
2015-01-07 00:00:00,4.649106
2015-01-08 00:00:00,4.639337
2015-01-09 00:00:00,4.637368
2015-01-12 00:00:00,4.657642
2015-01-13 00:00:00,4.639390000000001
2015-01-14 00:00:00,4.640224
2015-01-15 00:00:00,4.636239
2015-01-16 00:00:00,4.666983999999999
2015-01-19 00:00:00,4.670847
2015-01-20 00:00:00,4.656675
2015-01-21 00:00:00,4.636577
2015-01-22 00:00:00,4.6436589999999995
2015-01-23 00:00:00,4.6266370000000006
2015-01-26 00:00:00,4.617858
2015-01-27 00:00:00,4.648937
2015-01-28 00:00:00,4.6554910000000005
2015-01-29 00:00:00,4.607173
2015-01-30 00:00:00,4.610448
2015-02-02 00:00:00,4.616022
2015-02-03 00:00:00,4.622787000000001
2015-02-04 00:00:00,4.639883
2015-02-05 00:00:00,4.626722
2015-02-06 00:00:00,4.643141
2015-02-09 00:00:00,4.606516
2015-02-10 00:00:00,4.608566000000001
2015-02-11 00:00:00,4.599963
2015-02-12 00:00:00,4.583112
2015-02-13 00:00:00,4.599444
2015-02-16 00:00:00,4.599126999999999
2015-02-17 00:00:00,4.596906
2015-02-18 00:00:00,4.604861
2015-02-19 00:00:00,4.602078
2015-02-20 00:00:00,4.5959129999999995
2015-02-23 00:00:00,4.5899
2015-02-24 00:00:00,4.594046
2015-02-25 00:00:00,4.60112
2015-02-26 00:00:00,4.617152
2015-02-27 00:00:00,4.606704
2015-03-02 00:00:00,4.586937
2015-03-03 00:00:00,4.586003
2015-03-04 00:00:00,4.599067
2015-03-05 00:00:00,4.580145
2015-03-06 00:00:00,4.564779
2015-03-09 00:00:00,4.535716000000001
2015-03-10 00:00:00,4.529819
2015-03-11 00:00:00,4.5022459999999995
2015-03-12 00:00:00,4.505881
2015-03-13 00:00:00,4.528564
2015-03-16 00:00:00,4.489718
2015-03-17 00:00:00,4.500223
2015-03-18 00:00:00,4.493504
2015-03-19 00:00:00,4.5135
2015-03-20 00:00:00,4.462044000000001
2015-03-23 00:00:00,4.497187
2015-03-24 00:00:00,4.536814
2015-03-25 00:00:00,4.530053
2015-03-26 00:00:00,4.525055
2015-03-27 00:00:00,4.527957
2015-03-29 00:00:00,4.529476
2015-03-30 00:00:00,4.504055999999999
2015-03-31 00:00:00,4.505701999999999
2015-04-01 00:00:00,4.539758
2015-04-02 00:00:00,4.5591870000000005
2015-04-05 00:00:00,4.588401
2015-04-06 00:00:00,4.56144
2015-04-07 00:00:00,4.550582
2015-04-08 00:00:00,4.565963
2015-04-09 00:00:00,4.558177
2015-04-12 00:00:00,4.532268
2015-04-13 00:00:00,4.523068
2015-04-14 00:00:00,4.559228
2015-04-15 00:00:00,4.56648
2015-04-16 00:00:00,4.579226
2015-04-19 00:00:00,4.608097
2015-04-20 00:00:00,4.592512
2015-04-21 00:00:00,4.581671
2015-04-22 00:00:00,4.589887999999999
2015-04-23 00:00:00,4.608425
2015-04-26 00:00:00,4.64164
2015-04-27 00:00:00,4.6782699999999995
2015-04-28 00:00:00,4.701333999999999
2015-04-29 00:00:00,4.685109
2015-04-30 00:00:00,4.676936
2015-05-03 00:00:00,4.654082
2015-05-04 00:00:00,4.653523000000001
2015-05-05 00:00:00,4.650981
2015-05-06 00:00:00,4.677156
2015-05-07 00:00:00,4.651407
2015-05-10 00:00:00,4.659204
2015-05-11 00:00:00,4.637065
2015-05-12 00:00:00,4.645772
2015-05-13 00:00:00,4.672631
2015-05-14 00:00:00,4.69185
2015-05-17 00:00:00,4.693233
2015-05-18 00:00:00,4.665577
2015-05-19 00:00:00,4.642453
2015-05-20 00:00:00,4.634546
2015-05-21 00:00:00,4.633266000000001
2015-05-24 00:00:00,4.6273040000000005
2015-05-25 00:00:00,4.614387000000001
2015-05-26 00:00:00,4.591578
2015-05-27 00:00:00,4.582719
2015-05-28 00:00:00,4.591925
2015-05-31 00:00:00,4.587528
2015-06-01 00:00:00,4.563855
2015-06-02 00:00:00,4.58953
2015-06-03 00:00:00,4.604703
2015-06-04 00:00:00,4.592395
2015-06-07 00:00:00,4.560006
2015-06-08 00:00:00,4.576215
2015-06-09 00:00:00,4.584924
2015-06-10 00:00:00,4.612029
2015-06-11 00:00:00,4.606726999999999
2015-06-14 00:00:00,4.609361
2015-06-15 00:00:00,4.60389
2015-06-16 00:00:00,4.614972
2015-06-17 00:00:00,4.639725
2015-06-18 00:00:00,4.644605
2015-06-21 00:00:00,4.646082
2015-06-22 00:00:00,4.6413519999999995
2015-06-23 00:00:00,4.622511
2015-06-24 00:00:00,4.614577
2015-06-25 00:00:00,4.616736
2015-06-28 00:00:00,4.575819
2015-06-29 00:00:00,4.602272
2015-06-30 00:00:00,4.594775
2015-07-01 00:00:00,4.575958
2015-07-02 00:00:00,4.593430000000001
2015-07-05 00:00:00,4.5840760000000005
2015-07-06 00:00:00,4.592578
2015-07-07 00:00:00,4.578214
2015-07-08 00:00:00,4.588894
2015-07-09 00:00:00,4.593065
2015-07-12 00:00:00,4.587893
2015-07-13 00:00:00,4.564023000000001
2015-07-14 00:00:00,4.555838
2015-07-15 00:00:00,4.538546
2015-07-16 00:00:00,4.538334
2015-07-19 00:00:00,4.529083999999999
2015-07-20 00:00:00,4.52187
2015-07-21 00:00:00,4.546828
2015-07-22 00:00:00,4.540587
2015-07-23 00:00:00,4.52862
2015-07-26 00:00:00,4.518330000000001
2015-07-27 00:00:00,4.528256
2015-07-28 00:00:00,4.547548
2015-07-29 00:00:00,4.526205
2015-07-30 00:00:00,4.510448
2015-08-02 00:00:00,4.516171
2015-08-03 00:00:00,4.501016
2015-08-04 00:00:00,4.487164
2015-08-05 00:00:00,4.480394
2015-08-06 00:00:00,4.480944999999999
2015-08-09 00:00:00,4.477999
2015-08-10 00:00:00,4.485321
2015-08-11 00:00:00,4.504048
2015-08-12 00:00:00,4.558256
2015-08-13 00:00:00,4.573758
2015-08-16 00:00:00,4.536201
2015-08-17 00:00:00,4.537488
2015-08-18 00:00:00,4.546737
2015-08-19 00:00:00,4.554843
2015-08-20 00:00:00,4.5464269999999996
2015-08-23 00:00:00,4.51233
2015-08-24 00:00:00,4.534617
2015-08-25 00:00:00,4.56112
2015-08-26 00:00:00,4.556553
2015-08-27 00:00:00,4.569312
2015-08-30 00:00:00,4.526841
2015-08-31 00:00:00,4.515593
2015-09-01 00:00:00,4.496278
2015-09-02 00:00:00,4.484038
2015-09-03 00:00:00,4.481758
2015-09-06 00:00:00,4.457924
2015-09-07 00:00:00,4.454716
2015-09-08 00:00:00,4.487013
2015-09-09 00:00:00,4.48304
2015-09-10 00:00:00,4.506476
2015-09-13 00:00:00,4.508205
2015-09-14 00:00:00,4.523779
2015-09-15 00:00:00,4.53505
2015-09-16 00:00:00,4.55417
2015-09-17 00:00:00,4.551476
2015-09-20 00:00:00,4.537748000000001
2015-09-22 00:00:00,4.491005
2015-09-23 00:00:00,4.469855
2015-09-24 00:00:00,4.473935
2015-09-27 00:00:00,4.464249
2015-09-28 00:00:00,4.44404
2015-09-29 00:00:00,4.450921
2015-09-30 00:00:00,4.458704
2015-10-01 00:00:00,4.436281
2015-10-04 00:00:00,4.4314480000000005
2015-10-05 00:00:00,4.467763
2015-10-06 00:00:00,4.466568
2015-10-07 00:00:00,4.495615
2015-10-08 00:00:00,4.519772
2015-10-11 00:00:00,4.530133
2015-10-12 00:00:00,4.5063889999999995
2015-10-13 00:00:00,4.520004
2015-10-14 00:00:00,4.598167
2015-10-15 00:00:00,4.591117
2015-10-18 00:00:00,4.585188
2015-10-19 00:00:00,4.571179
2015-10-20 00:00:00,4.556886
2015-10-21 00:00:00,4.550858
2015-10-22 00:00:00,4.552822
2015-10-26 00:00:00,4.5396019999999995
2015-10-27 00:00:00,4.557355
2015-10-28 00:00:00,4.543254
2015-10-29 00:00:00,4.528389
2015-10-30 00:00:00,4.52447
2015-11-02 00:00:00,4.505497
2015-11-03 00:00:00,4.5252930000000005
2015-11-04 00:00:00,4.53146
2015-11-05 00:00:00,4.508324
2015-11-06 00:00:00,4.505166
2015-11-09 00:00:00,4.463357
2015-11-10 00:00:00,4.466805
2015-11-11 00:00:00,4.470863
2015-11-12 00:00:00,4.48172
2015-11-13 00:00:00,4.485519
2015-11-16 00:00:00,4.4654169999999995
2015-11-17 00:00:00,4.472474
2015-11-18 00:00:00,4.471358
2015-11-19 00:00:00,4.488418
2015-11-20 00:00:00,4.509879
2015-11-23 00:00:00,4.51222
2015-11-24 00:00:00,4.500515
2015-11-25 00:00:00,4.526607
2015-11-26 00:00:00,4.542457
2015-11-27 00:00:00,4.531964
2015-11-30 00:00:00,4.518594
2015-12-01 00:00:00,4.530221
2015-12-02 00:00:00,4.543147
2015-12-03 00:00:00,4.5258959999999995
2015-12-04 00:00:00,4.575835
2015-12-07 00:00:00,4.571209
2015-12-08 00:00:00,4.548473
2015-12-09 00:00:00,4.551861
2015-12-10 00:00:00,4.5704769999999995
2015-12-11 00:00:00,4.58075
2015-12-14 00:00:00,4.5614300000000005
2015-12-15 00:00:00,4.579865
2015-12-16 00:00:00,4.590479
2015-12-17 00:00:00,4.582504
2015-12-18 00:00:00,4.565921
2015-12-21 00:00:00,4.582534
2015-12-22 00:00:00,4.5976
2015-12-23 00:00:00,4.6078339999999995
2015-12-24 00:00:00,4.605285
2015-12-25 00:00:00,4.606766
2015-12-28 00:00:00,4.604928
2015-12-29 00:00:00,4.60462
2015-12-30 00:00:00,4.585845
2015-12-31 00:00:00,4.581875
2016-01-01 00:00:00,4.568302
2016-01-04 00:00:00,4.570814
2016-01-05 00:00:00,4.575953
2016-01-06 00:00:00,4.567194000000001
2016-01-07 00:00:00,4.5593330000000005
2016-01-08 00:00:00,4.59411
2016-01-11 00:00:00,4.562805
2016-01-12 00:00:00,4.572259
2016-01-13 00:00:00,4.56671
2016-01-14 00:00:00,4.564568
2016-01-15 00:00:00,4.580654
2016-01-18 00:00:00,4.566696
2016-01-19 00:00:00,4.566779
2016-01-20 00:00:00,4.571305000000001
2016-01-21 00:00:00,4.571166000000001
2016-01-22 00:00:00,4.583988
2016-01-25 00:00:00,4.596605
2016-01-26 00:00:00,4.590647
2016-01-27 00:00:00,4.607399
2016-01-28 00:00:00,4.584852
2016-01-29 00:00:00,4.59954
2016-02-01 00:00:00,4.609763
2016-02-02 00:00:00,4.615136
2016-02-03 00:00:00,4.594908
2016-02-04 00:00:00,4.635519
2016-02-05 00:00:00,4.692457
2016-02-08 00:00:00,4.663948
2016-02-09 00:00:00,4.665904
2016-02-10 00:00:00,4.697055000000001
2016-02-11 00:00:00,4.718801
2016-02-12 00:00:00,4.723487
2016-02-15 00:00:00,4.699847
2016-02-16 00:00:00,4.637671
2016-02-17 00:00:00,4.6306519999999995
2016-02-18 00:00:00,4.641078
2016-02-19 00:00:00,4.63745
2016-02-22 00:00:00,4.630283
2016-02-23 00:00:00,4.652981
2016-02-24 00:00:00,4.628458
2016-02-25 00:00:00,4.643465
2016-02-26 00:00:00,4.656915000000001
2016-02-29 00:00:00,4.635368
2016-03-01 00:00:00,4.659376
2016-03-02 00:00:00,4.66976
2016-03-03 00:00:00,4.676451999999999
2016-03-04 00:00:00,4.694497
2016-03-07 00:00:00,4.720604
2016-03-08 00:00:00,4.716953
2016-03-09 00:00:00,4.686843
2016-03-10 00:00:00,4.705601000000001
2016-03-11 00:00:00,4.707459
2016-03-14 00:00:00,4.72156
2016-03-15 00:00:00,4.71537
2016-03-16 00:00:00,4.7093110000000005
2016-03-17 00:00:00,4.765529
2016-03-18 00:00:00,4.78545
2016-03-21 00:00:00,4.758419
2016-03-22 00:00:00,4.757657
2016-03-23 00:00:00,4.763729
2016-03-24 00:00:00,4.7518139999999995
2016-03-25 00:00:00,4.752362000000001
2016-03-27 00:00:00,4.755607
2016-03-28 00:00:00,4.751151
2016-03-29 00:00:00,4.802614
2016-03-30 00:00:00,4.7776629999999995
2016-03-31 00:00:00,4.775748999999999
2016-04-03 00:00:00,4.795783
2016-04-04 00:00:00,4.7819910000000005
2016-04-05 00:00:00,4.7718940000000005
2016-04-06 00:00:00,4.807289
2016-04-07 00:00:00,4.769754
2016-04-10 00:00:00,4.789418
2016-04-11 00:00:00,4.799343
2016-04-12 00:00:00,4.804954
2016-04-13 00:00:00,4.790343
2016-04-14 00:00:00,4.7506010000000005
2016-04-17 00:00:00,4.749473
2016-04-18 00:00:00,4.789215
2016-04-19 00:00:00,4.8173
2016-04-20 00:00:00,4.808037000000001
2016-04-21 00:00:00,4.796025
2016-04-24 00:00:00,4.793483999999999
2016-04-25 00:00:00,4.795012
2016-04-26 00:00:00,4.798115
2016-04-27 00:00:00,4.8097959999999995
2016-04-28 00:00:00,4.809757
2016-05-01 00:00:00,4.810672
2016-05-02 00:00:00,4.819603
2016-05-03 00:00:00,4.796501999999999
2016-05-04 00:00:00,4.77677
2016-05-05 00:00:00,4.781312000000001
2016-05-08 00:00:00,4.767368
2016-05-09 00:00:00,4.743053
2016-05-10 00:00:00,4.756903
2016-05-11 00:00:00,4.741458000000001
2016-05-12 00:00:00,4.738525
2016-05-15 00:00:00,4.750908
2016-05-16 00:00:00,4.762193
2016-05-17 00:00:00,4.756332
2016-05-18 00:00:00,4.725535
2016-05-19 00:00:00,4.739705000000001
2016-05-22 00:00:00,4.733446
2016-05-23 00:00:00,4.74825
2016-05-24 00:00:00,4.738579
2016-05-25 00:00:00,4.747675
2016-05-26 00:00:00,4.766551
2016-05-29 00:00:00,4.748734
2016-05-30 00:00:00,4.7659199999999995
2016-05-31 00:00:00,4.771858
2016-06-01 00:00:00,4.7667839999999995
2016-06-02 00:00:00,4.7797160000000005
2016-06-05 00:00:00,4.824955999999999
2016-06-06 00:00:00,4.835468
2016-06-07 00:00:00,4.855048
2016-06-08 00:00:00,4.867296
2016-06-09 00:00:00,4.838781
2016-06-12 00:00:00,4.814107
2016-06-13 00:00:00,4.849086
2016-06-14 00:00:00,4.858698
2016-06-15 00:00:00,4.865765000000001
2016-06-16 00:00:00,4.8869940000000005
2016-06-19 00:00:00,4.89064
2016-06-20 00:00:00,4.890274
2016-06-21 00:00:00,4.900979
2016-06-22 00:00:00,4.910207
2016-06-23 00:00:00,4.887475
2016-06-26 00:00:00,4.872114
2016-06-27 00:00:00,4.876824
2016-06-28 00:00:00,4.907841
2016-06-29 00:00:00,4.921354
2016-06-30 00:00:00,4.927551
2016-07-03 00:00:00,4.938618
2016-07-04 00:00:00,4.942372
2016-07-05 00:00:00,4.930475
2016-07-06 00:00:00,4.949564
2016-07-07 00:00:00,4.943276999999999
2016-07-10 00:00:00,4.961515
2016-07-11 00:00:00,4.946676
2016-07-12 00:00:00,4.9583129999999995
2016-07-13 00:00:00,4.954509
2016-07-14 00:00:00,4.966844
2016-07-17 00:00:00,4.955868
2016-07-18 00:00:00,4.970789
2016-07-19 00:00:00,4.945197
2016-07-20 00:00:00,4.9199
2016-07-21 00:00:00,4.929067
2016-07-24 00:00:00,4.926223
2016-07-25 00:00:00,4.903498
2016-07-26 00:00:00,4.911559
2016-07-27 00:00:00,4.942141
2016-07-28 00:00:00,4.920494000000001
2016-07-31 00:00:00,4.948815
2016-08-01 00:00:00,4.947445
2016-08-02 00:00:00,4.944466
2016-08-03 00:00:00,4.942162000000001
2016-08-04 00:00:00,4.947792
2016-08-07 00:00:00,4.951844
2016-08-08 00:00:00,4.947115
2016-08-09 00:00:00,4.950607
2016-08-10 00:00:00,4.953999
2016-08-11 00:00:00,4.931564
2016-08-14 00:00:00,4.93861
2016-08-15 00:00:00,4.940876
2016-08-16 00:00:00,4.946723
2016-08-17 00:00:00,4.947680999999999
2016-08-18 00:00:00,4.935507
2016-08-21 00:00:00,4.917467
2016-08-22 00:00:00,4.922033
2016-08-23 00:00:00,4.915106
2016-08-24 00:00:00,4.914855
2016-08-25 00:00:00,4.924572
2016-08-28 00:00:00,4.909007
2016-08-29 00:00:00,4.912787000000001
2016-08-30 00:00:00,4.900384
2016-08-31 00:00:00,4.90351
2016-09-01 00:00:00,4.9049629999999995
2016-09-04 00:00:00,4.910895
2016-09-05 00:00:00,4.919529
2016-09-06 00:00:00,4.962674
2016-09-07 00:00:00,4.946214
2016-09-08 00:00:00,4.934348
2016-09-11 00:00:00,4.912305
2016-09-12 00:00:00,4.926748
2016-09-13 00:00:00,4.884158
2016-09-14 00:00:00,4.896324
2016-09-15 00:00:00,4.90097
2016-09-18 00:00:00,4.878275
2016-09-19 00:00:00,4.895319000000001
2016-09-20 00:00:00,4.901161
2016-09-21 00:00:00,4.930406
2016-09-22 00:00:00,4.914669
2016-09-25 00:00:00,4.89835
2016-09-26 00:00:00,4.901747
2016-09-27 00:00:00,4.906249
2016-09-28 00:00:00,4.914378
2016-09-29 00:00:00,4.886855000000001
2016-10-02 00:00:00,4.865287
2016-10-03 00:00:00,4.88915
2016-10-04 00:00:00,4.866
2016-10-05 00:00:00,4.8754290000000005
2016-10-06 00:00:00,4.86028
2016-10-09 00:00:00,4.864312
2016-10-10 00:00:00,4.879037
2016-10-11 00:00:00,4.8818660000000005
2016-10-12 00:00:00,4.854694
2016-10-13 00:00:00,4.870657
2016-10-16 00:00:00,4.837676999999999
2016-10-17 00:00:00,4.852231
2016-10-18 00:00:00,4.865501
2016-10-19 00:00:00,4.860894
2016-10-20 00:00:00,4.848637
2016-10-23 00:00:00,4.854605
2016-10-24 00:00:00,4.8620220000000005
2016-10-25 00:00:00,4.88551
2016-10-26 00:00:00,4.8673459999999995
2016-10-27 00:00:00,4.865226
2016-10-31 00:00:00,4.877441999999999
2016-11-01 00:00:00,4.869609
2016-11-02 00:00:00,4.873101
2016-11-03 00:00:00,4.874051000000001
2016-11-04 00:00:00,4.887919
2016-11-07 00:00:00,4.874344000000001
2016-11-08 00:00:00,4.87626
2016-11-09 00:00:00,4.890369000000001
2016-11-10 00:00:00,4.84584
2016-11-11 00:00:00,4.820892
2016-11-14 00:00:00,4.8131699999999995
2016-11-15 00:00:00,4.842091
2016-11-16 00:00:00,4.848873
2016-11-17 00:00:00,4.802398999999999
2016-11-18 00:00:00,4.83155
2016-11-21 00:00:00,4.828912
2016-11-22 00:00:00,4.84397
2016-11-23 00:00:00,4.840439
2016-11-24 00:00:00,4.824211
2016-11-25 00:00:00,4.83317
2016-11-28 00:00:00,4.855732
2016-11-29 00:00:00,4.853473999999999
2016-11-30 00:00:00,4.8409580000000005
2016-12-01 00:00:00,4.804496
2016-12-02 00:00:00,4.824768
2016-12-05 00:00:00,4.834949
2016-12-06 00:00:00,4.842176
2016-12-07 00:00:00,4.8385169999999995
2016-12-08 00:00:00,4.84972
2016-12-09 00:00:00,4.828776
2016-12-12 00:00:00,4.823519
2016-12-13 00:00:00,4.8430230000000005
2016-12-14 00:00:00,4.837944
2016-12-15 00:00:00,4.7999730000000005
2016-12-16 00:00:00,4.8059080000000005
2016-12-19 00:00:00,4.8181
2016-12-20 00:00:00,4.802127
2016-12-21 00:00:00,4.811815
2016-12-22 00:00:00,4.803571
2016-12-23 00:00:00,4.787309
2016-12-26 00:00:00,4.800457
2016-12-27 00:00:00,4.797554
2016-12-28 00:00:00,4.790573999999999
2016-12-29 00:00:00,4.797432
2016-12-30 00:00:00,4.802480999999999
2017-01-02 00:00:00,4.798789
2017-01-03 00:00:00,4.784676
2017-01-04 00:00:00,4.804003
2017-01-05 00:00:00,4.814178
2017-01-06 00:00:00,4.821905999999999
2017-01-09 00:00:00,4.807258
2017-01-10 00:00:00,4.8345769999999995
2017-01-11 00:00:00,4.816222
2017-01-12 00:00:00,4.864639
2017-01-13 00:00:00,4.836218
2017-01-16 00:00:00,4.831397
2017-01-17 00:00:00,4.819993
2017-01-18 00:00:00,4.826293
2017-01-19 00:00:00,4.784227
2017-01-20 00:00:00,4.814272
2017-01-23 00:00:00,4.840231
2017-01-24 00:00:00,4.827095
2017-01-25 00:00:00,4.819776999999999
2017-01-26 00:00:00,4.863924
2017-01-27 00:00:00,4.822379
2017-01-30 00:00:00,4.818645
2017-01-31 00:00:00,4.844847
2017-02-01 00:00:00,4.880068
2017-02-02 00:00:00,4.8694690000000005
2017-02-03 00:00:00,4.872763
2017-02-06 00:00:00,4.880651
2017-02-07 00:00:00,4.86718
2017-02-08 00:00:00,4.853708
2017-02-09 00:00:00,4.852056
2017-02-10 00:00:00,4.831122
2017-02-13 00:00:00,4.844754
2017-02-14 00:00:00,4.833723
2017-02-15 00:00:00,4.835468
2017-02-16 00:00:00,4.843314
2017-02-17 00:00:00,4.837733
2017-02-20 00:00:00,4.833506
2017-02-21 00:00:00,4.848033999999999
2017-02-22 00:00:00,4.846287
2017-02-23 00:00:00,4.861518
2017-02-24 00:00:00,4.876377
2017-02-27 00:00:00,4.90912
2017-02-28 00:00:00,4.888776999999999
2017-03-01 00:00:00,4.883641000000001
2017-03-02 00:00:00,4.874423999999999
2017-03-03 00:00:00,4.876211
2017-03-06 00:00:00,4.89356
2017-03-07 00:00:00,4.883173
2017-03-08 00:00:00,4.893825
2017-03-09 00:00:00,4.878185
2017-03-10 00:00:00,4.862366000000001
2017-03-13 00:00:00,4.854744999999999
2017-03-14 00:00:00,4.883683
2017-03-15 00:00:00,4.887263
2017-03-16 00:00:00,4.932332
2017-03-17 00:00:00,4.921398
2017-03-20 00:00:00,4.926222
2017-03-21 00:00:00,4.943201999999999
2017-03-22 00:00:00,4.916908
2017-03-23 00:00:00,4.918888
2017-03-24 00:00:00,4.919729
2017-03-26 00:00:00,4.910334
2017-03-27 00:00:00,4.928886
2017-03-28 00:00:00,4.922494
2017-03-29 00:00:00,4.938835
2017-03-30 00:00:00,4.930540000000001
2017-04-02 00:00:00,4.9246300000000005
2017-04-03 00:00:00,4.930737000000001
2017-04-04 00:00:00,4.926093
2017-04-05 00:00:00,4.922948
2017-04-06 00:00:00,4.91948
2017-04-09 00:00:00,4.912397
2017-04-10 00:00:00,4.91464
2017-04-11 00:00:00,4.91109
2017-04-12 00:00:00,4.939749
2017-04-13 00:00:00,4.925226
2017-04-16 00:00:00,4.937201
2017-04-17 00:00:00,4.913513
2017-04-18 00:00:00,4.930928
2017-04-19 00:00:00,4.925608
2017-04-20 00:00:00,4.920808
2017-04-23 00:00:00,4.876089
2017-04-24 00:00:00,4.939995
2017-04-25 00:00:00,4.936444
2017-04-26 00:00:00,4.940219
2017-04-27 00:00:00,4.937997
2017-04-30 00:00:00,4.948348
2017-05-01 00:00:00,4.937007
2017-05-02 00:00:00,4.948423
2017-05-03 00:00:00,4.935980000000001
2017-05-04 00:00:00,4.925637999999999
2017-05-07 00:00:00,4.895334
2017-05-08 00:00:00,4.9123470000000005
2017-05-09 00:00:00,4.898687000000001
2017-05-10 00:00:00,4.890542
2017-05-11 00:00:00,4.904136
2017-05-14 00:00:00,4.9159559999999995
2017-05-15 00:00:00,4.934119
2017-05-16 00:00:00,4.939092
2017-05-17 00:00:00,4.946306
2017-05-18 00:00:00,4.9470410000000005
2017-05-21 00:00:00,4.9442379999999995
2017-05-22 00:00:00,4.967458000000001
2017-05-23 00:00:00,4.954561
2017-05-24 00:00:00,4.978216000000001
2017-05-25 00:00:00,4.9543
2017-05-28 00:00:00,4.9587069999999995
2017-05-29 00:00:00,4.943008
2017-05-30 00:00:00,4.947893
2017-05-31 00:00:00,4.922775
2017-06-01 00:00:00,4.910922
2017-06-04 00:00:00,4.930559
2017-06-05 00:00:00,4.926352
2017-06-06 00:00:00,4.925669999999999
2017-06-07 00:00:00,4.916568
2017-06-08 00:00:00,4.916980000000001
2017-06-11 00:00:00,4.9023129999999995
2017-06-12 00:00:00,4.909716
2017-06-13 00:00:00,4.92089
2017-06-14 00:00:00,4.936755000000001
2017-06-15 00:00:00,4.920681
2017-06-18 00:00:00,4.919306
2017-06-19 00:00:00,4.915595
2017-06-20 00:00:00,4.915358
2017-06-21 00:00:00,4.916655
2017-06-22 00:00:00,4.917651
2017-06-25 00:00:00,4.926508
2017-06-26 00:00:00,4.92852
2017-06-27 00:00:00,4.9138779999999995
2017-06-28 00:00:00,4.920547
2017-06-29 00:00:00,4.9228819999999995
2017-07-02 00:00:00,4.924549
2017-07-03 00:00:00,4.920688
2017-07-04 00:00:00,4.9208169999999996
2017-07-05 00:00:00,4.924119
2017-07-06 00:00:00,4.918623999999999
2017-07-09 00:00:00,4.922397
2017-07-11 00:00:00,4.924023
2017-07-12 00:00:00,4.928376
2017-07-13 00:00:00,4.939985
2017-07-16 00:00:00,4.919713
2017-07-17 00:00:00,4.939654
2017-07-18 00:00:00,4.936152
2017-07-19 00:00:00,4.932997
2017-07-20 00:00:00,4.945597
2017-07-23 00:00:00,4.93457
2017-07-24 00:00:00,4.955039
2017-07-25 00:00:00,4.953982
2017-07-26 00:00:00,4.9803120000000005
2017-07-27 00:00:00,4.962414
2017-07-30 00:00:00,4.966065
2017-07-31 00:00:00,4.961638
2017-08-01 00:00:00,4.939522
2017-08-02 00:00:00,4.941046
2017-08-03 00:00:00,4.9474
2017-08-06 00:00:00,4.971891
2017-08-07 00:00:00,4.934297
2017-08-08 00:00:00,4.9224559999999995
2017-08-09 00:00:00,4.895656
2017-08-10 00:00:00,4.872895
2017-08-13 00:00:00,4.897844999999999
2017-08-14 00:00:00,4.890761
2017-08-15 00:00:00,4.890833
2017-08-16 00:00:00,4.908215
2017-08-17 00:00:00,4.885644999999999
2017-08-20 00:00:00,4.890582
2017-08-21 00:00:00,4.898191000000001
2017-08-22 00:00:00,4.889501
2017-08-23 00:00:00,4.895377
2017-08-24 00:00:00,4.892151999999999
2017-08-27 00:00:00,4.8551470000000005
2017-08-28 00:00:00,4.875266000000001
2017-08-29 00:00:00,4.866951
2017-08-30 00:00:00,4.8587110000000004
2017-08-31 00:00:00,4.860451
2017-09-03 00:00:00,4.823321
2017-09-04 00:00:00,4.81187
2017-09-05 00:00:00,4.832459
2017-09-06 00:00:00,4.831233999999999
2017-09-07 00:00:00,4.841386
2017-09-10 00:00:00,4.864730000000001
2017-09-11 00:00:00,4.850447
2017-09-12 00:00:00,4.852602
2017-09-13 00:00:00,4.845715
2017-09-14 00:00:00,4.869837
2017-09-17 00:00:00,4.865345
2017-09-18 00:00:00,4.878685
2017-09-19 00:00:00,4.888142
2017-09-20 00:00:00,4.867412
2017-09-21 00:00:00,4.882855999999999
2017-09-24 00:00:00,4.902028
2017-09-25 00:00:00,4.901896
2017-09-26 00:00:00,4.897218
2017-09-27 00:00:00,4.884983999999999
2017-09-28 00:00:00,4.906833
2017-10-01 00:00:00,4.898719
2017-10-02 00:00:00,4.884562
2017-10-03 00:00:00,4.883692
2017-10-04 00:00:00,4.886284
2017-10-05 00:00:00,4.877618
2017-10-08 00:00:00,4.8731160000000004
2017-10-09 00:00:00,4.8607510000000005
2017-10-10 00:00:00,4.847345
2017-10-11 00:00:00,4.869783999999999
2017-10-12 00:00:00,4.873501999999999
2017-10-15 00:00:00,4.876807
2017-10-16 00:00:00,4.8713489999999995
2017-10-17 00:00:00,4.889972
2017-10-18 00:00:00,4.887037
2017-10-19 00:00:00,4.875857
Changes,"Date
2007-10-21         NaN
2007-10-22    1.000127
2007-10-23    0.999764
2007-10-24    1.002168
2007-10-25    1.002280
2007-10-29    0.998920
2007-10-30    1.001558
2007-10-31    1.000552
2007-11-01    0.996632
2007-11-02    1.000744
2007-11-05    0.999013
2007-11-06    1.003716
2007-11-07    0.999512
2007-11-08    1.000089
2007-11-09    0.997443
2007-11-12    0.991042
2007-11-13    1.009710
2007-11-14    0.997398
2007-11-15    0.994377
2007-11-16    1.001787
2007-11-19    1.001032
2007-11-20    1.002666
2007-11-21    0.993744
2007-11-22    1.001517
2007-11-23    1.005628
2007-11-26    1.001568
2007-11-27    0.995983
2007-11-28    1.000697
2007-11-29    0.994378
2007-11-30    1.002101
                ...   
2017-09-10    1.004822
2017-09-11    0.997064
2017-09-12    1.000444
2017-09-13    0.998581
2017-09-14    1.004978
2017-09-17    0.999078
2017-09-18    1.002742
2017-09-19    1.001938
2017-09-20    0.995759
2017-09-21    1.003173
2017-09-24    1.003926
2017-09-25    0.999973
2017-09-26    0.999046
2017-09-27    0.997502
2017-09-28    1.004473
2017-10-01    0.998346
2017-10-02    0.997110
2017-10-03    0.999822
2017-10-04    1.000531
2017-10-05    0.998226
2017-10-08    0.999077
2017-10-09    0.997463
2017-10-10    0.997242
2017-10-11    1.004629
2017-10-12    1.000763
2017-10-15    1.000678
2017-10-16    0.998881
2017-10-17    1.003823
2017-10-18    0.999400
2017-10-19    0.997712
Name: Adj Close, Length: 2601, dtype: float64"
