2007-10-21 00:00:00,0.804277
2007-10-22 00:00:00,0.8022699999999999
2007-10-23 00:00:00,0.802081
2007-10-24 00:00:00,0.800728
2007-10-25 00:00:00,0.801583
2007-10-29 00:00:00,0.802217
2007-10-30 00:00:00,0.799338
2007-10-31 00:00:00,0.800539
2007-11-01 00:00:00,0.797313
2007-11-02 00:00:00,0.797875
2007-11-05 00:00:00,0.794994
2007-11-06 00:00:00,0.791586
2007-11-07 00:00:00,0.7856449999999999
2007-11-08 00:00:00,0.7832520000000001
2007-11-09 00:00:00,0.77804
2007-11-12 00:00:00,0.776754
2007-11-13 00:00:00,0.779463
2007-11-14 00:00:00,0.776249
2007-11-15 00:00:00,0.772061
2007-11-16 00:00:00,0.770598
2007-11-19 00:00:00,0.7686
2007-11-20 00:00:00,0.764551
2007-11-21 00:00:00,0.7582760000000001
2007-11-22 00:00:00,0.758944
2007-11-23 00:00:00,0.765049
2007-11-26 00:00:00,0.7624270000000001
2007-11-27 00:00:00,0.766632
2007-11-28 00:00:00,0.770319
2007-11-29 00:00:00,0.771415
2007-11-30 00:00:00,0.781999
2007-12-03 00:00:00,0.777134
2007-12-04 00:00:00,0.772492
2007-12-05 00:00:00,0.779389
2007-12-06 00:00:00,0.781338
2007-12-07 00:00:00,0.784959
2007-12-10 00:00:00,0.7838930000000001
2007-12-11 00:00:00,0.782303
2007-12-12 00:00:00,0.786628
2007-12-13 00:00:00,0.792199
2007-12-14 00:00:00,0.793122
2007-12-17 00:00:00,0.7873140000000001
2007-12-19 00:00:00,0.790714
2007-12-20 00:00:00,0.7938310000000001
2007-12-21 00:00:00,0.794087
2007-12-24 00:00:00,0.796762
2007-12-25 00:00:00,0.79711
2007-12-26 00:00:00,0.792659
2007-12-27 00:00:00,0.786547
2007-12-28 00:00:00,0.779454
2007-12-31 00:00:00,0.7866569999999999
2008-01-01 00:00:00,0.7858430000000001
2008-01-02 00:00:00,0.7780060000000001
2008-01-03 00:00:00,0.775105
2008-01-04 00:00:00,0.772413
2008-01-07 00:00:00,0.779362
2008-01-08 00:00:00,0.776324
2008-01-09 00:00:00,0.779932
2008-01-10 00:00:00,0.773281
2008-01-11 00:00:00,0.767567
2008-01-14 00:00:00,0.764908
2008-01-15 00:00:00,0.762454
2008-01-16 00:00:00,0.7683
2008-01-17 00:00:00,0.764555
2008-01-18 00:00:00,0.764252
2008-01-21 00:00:00,0.765602
2008-01-22 00:00:00,0.764108
2008-01-23 00:00:00,0.7636029999999999
2008-01-24 00:00:00,0.761618
2008-01-25 00:00:00,0.7707649999999999
2008-01-28 00:00:00,0.767108
2008-01-29 00:00:00,0.76981
2008-01-30 00:00:00,0.763763
2008-01-31 00:00:00,0.762668
2008-02-01 00:00:00,0.77027
2008-02-04 00:00:00,0.769612
2008-02-05 00:00:00,0.77396
2008-02-06 00:00:00,0.774569
2008-02-07 00:00:00,0.7784909999999999
2008-02-08 00:00:00,0.78155
2008-02-11 00:00:00,0.777402
2008-02-12 00:00:00,0.778359
2008-02-13 00:00:00,0.7812319999999999
2008-02-14 00:00:00,0.773984
2008-02-15 00:00:00,0.774401
2008-02-18 00:00:00,0.780446
2008-02-19 00:00:00,0.775165
2008-02-20 00:00:00,0.7785890000000001
2008-02-21 00:00:00,0.773301
2008-02-22 00:00:00,0.7720060000000001
2008-02-25 00:00:00,0.774733
2008-02-26 00:00:00,0.76753
2008-02-27 00:00:00,0.76141
2008-02-28 00:00:00,0.75492
2008-02-29 00:00:00,0.747043
2008-03-03 00:00:00,0.748275
2008-03-04 00:00:00,0.748093
2008-03-05 00:00:00,0.745949
2008-03-06 00:00:00,0.736046
2008-03-07 00:00:00,0.7395010000000001
2008-03-10 00:00:00,0.7336550000000001
2008-03-11 00:00:00,0.743697
2008-03-12 00:00:00,0.733642
2008-03-13 00:00:00,0.732951
2008-03-14 00:00:00,0.723867
2008-03-17 00:00:00,0.712332
2008-03-18 00:00:00,0.725859
2008-03-19 00:00:00,0.71701
2008-03-20 00:00:00,0.724453
2008-03-21 00:00:00,0.7285659999999999
2008-03-24 00:00:00,0.734164
2008-03-25 00:00:00,0.7306239999999999
2008-03-26 00:00:00,0.71928
2008-03-27 00:00:00,0.7190489999999999
2008-03-28 00:00:00,0.71837
2008-03-30 00:00:00,0.721646
2008-04-01 00:00:00,0.731009
2008-04-02 00:00:00,0.7300439999999999
2008-04-03 00:00:00,0.728359
2008-04-06 00:00:00,0.7335550000000001
2008-04-07 00:00:00,0.736697
2008-04-08 00:00:00,0.727484
2008-04-09 00:00:00,0.743146
2008-04-10 00:00:00,0.737269
2008-04-13 00:00:00,0.73754
2008-04-14 00:00:00,0.742779
2008-04-15 00:00:00,0.7393069999999999
2008-04-16 00:00:00,0.744542
2008-04-17 00:00:00,0.751162
2008-04-20 00:00:00,0.745637
2008-04-21 00:00:00,0.742853
2008-04-22 00:00:00,0.751758
2008-04-23 00:00:00,0.7613479999999999
2008-04-24 00:00:00,0.760009
2008-04-27 00:00:00,0.759994
2008-04-28 00:00:00,0.762087
2008-04-29 00:00:00,0.762656
2008-05-01 00:00:00,0.7754850000000001
2008-05-04 00:00:00,0.775471
2008-05-05 00:00:00,0.7740319999999999
2008-05-06 00:00:00,0.772744
2008-05-07 00:00:00,0.765443
2008-05-08 00:00:00,0.7627390000000001
2008-05-11 00:00:00,0.765948
2008-05-12 00:00:00,0.766361
2008-05-13 00:00:00,0.764476
2008-05-14 00:00:00,0.767827
2008-05-15 00:00:00,0.766401
2008-05-18 00:00:00,0.7673399999999999
2008-05-19 00:00:00,0.7597659999999999
2008-05-20 00:00:00,0.75497
2008-05-21 00:00:00,0.757779
2008-05-22 00:00:00,0.753368
2008-05-25 00:00:00,0.7522949999999999
2008-05-26 00:00:00,0.757903
2008-05-27 00:00:00,0.759894
2008-05-28 00:00:00,0.7677109999999999
2008-05-29 00:00:00,0.765173
2008-06-01 00:00:00,0.760843
2008-06-02 00:00:00,0.764249
2008-06-03 00:00:00,0.762309
2008-06-04 00:00:00,0.760733
2008-06-05 00:00:00,0.745881
2008-06-08 00:00:00,0.75262
2008-06-09 00:00:00,0.758829
2008-06-10 00:00:00,0.752262
2008-06-11 00:00:00,0.754791
2008-06-12 00:00:00,0.759173
2008-06-15 00:00:00,0.761408
2008-06-16 00:00:00,0.7618560000000001
2008-06-17 00:00:00,0.757365
2008-06-18 00:00:00,0.7628229999999999
2008-06-19 00:00:00,0.760957
2008-06-22 00:00:00,0.763541
2008-06-23 00:00:00,0.761354
2008-06-24 00:00:00,0.757616
2008-06-25 00:00:00,0.750073
2008-06-26 00:00:00,0.747833
2008-06-29 00:00:00,0.751398
2008-07-01 00:00:00,0.74621
2008-07-02 00:00:00,0.7538189999999999
2008-07-03 00:00:00,0.753271
2008-07-06 00:00:00,0.753174
2008-07-07 00:00:00,0.7582720000000001
2008-07-08 00:00:00,0.757139
2008-07-09 00:00:00,0.755976
2008-07-10 00:00:00,0.750203
2008-07-13 00:00:00,0.75207
2008-07-14 00:00:00,0.74924
2008-07-15 00:00:00,0.754207
2008-07-16 00:00:00,0.754551
2008-07-17 00:00:00,0.756847
2008-07-20 00:00:00,0.753479
2008-07-21 00:00:00,0.758486
2008-07-22 00:00:00,0.76078
2008-07-23 00:00:00,0.7611319999999999
2008-07-24 00:00:00,0.763694
2008-07-27 00:00:00,0.758864
2008-07-28 00:00:00,0.764899
2008-07-29 00:00:00,0.766896
2008-07-30 00:00:00,0.765996
2008-07-31 00:00:00,0.765319
2008-08-03 00:00:00,0.7644310000000001
2008-08-04 00:00:00,0.764309
2008-08-05 00:00:00,0.766674
2008-08-06 00:00:00,0.763273
2008-08-07 00:00:00,0.77093
2008-08-10 00:00:00,0.768926
2008-08-11 00:00:00,0.7720819999999999
2008-08-12 00:00:00,0.772921
2008-08-13 00:00:00,0.7763220000000001
2008-08-14 00:00:00,0.772154
2008-08-17 00:00:00,0.776401
2008-08-18 00:00:00,0.774551
2008-08-19 00:00:00,0.777675
2008-08-20 00:00:00,0.7746029999999999
2008-08-21 00:00:00,0.777125
2008-08-24 00:00:00,0.7729159999999999
2008-08-25 00:00:00,0.77193
2008-08-26 00:00:00,0.774421
2008-08-27 00:00:00,0.774899
2008-08-28 00:00:00,0.773231
2008-08-31 00:00:00,0.773528
2008-09-01 00:00:00,0.772734
2008-09-02 00:00:00,0.7718109999999999
2008-09-03 00:00:00,0.7716069999999999
2008-09-04 00:00:00,0.777197
2008-09-07 00:00:00,0.78701
2008-09-08 00:00:00,0.7858189999999999
2008-09-09 00:00:00,0.789646
2008-09-10 00:00:00,0.792258
2008-09-11 00:00:00,0.788107
2008-09-14 00:00:00,0.7806489999999999
2008-09-15 00:00:00,0.781035
2008-09-16 00:00:00,0.772046
2008-09-17 00:00:00,0.775439
2008-09-18 00:00:00,0.771071
2008-09-21 00:00:00,0.763414
2008-09-22 00:00:00,0.7655069999999999
2008-09-23 00:00:00,0.76677
2008-09-24 00:00:00,0.764784
2008-09-25 00:00:00,0.767447
2008-09-28 00:00:00,0.761931
2008-09-29 00:00:00,0.781551
2008-09-30 00:00:00,0.783159
2008-10-01 00:00:00,0.783467
2008-10-02 00:00:00,0.7786310000000001
2008-10-05 00:00:00,0.7828069999999999
2008-10-06 00:00:00,0.777384
2008-10-07 00:00:00,0.768141
2008-10-08 00:00:00,0.764929
2008-10-09 00:00:00,0.7761819999999999
2008-10-12 00:00:00,0.777048
2008-10-13 00:00:00,0.7749729999999999
2008-10-14 00:00:00,0.766775
2008-10-15 00:00:00,0.766396
2008-10-16 00:00:00,0.7678470000000001
2008-10-19 00:00:00,0.779079
2008-10-20 00:00:00,0.776729
2008-10-21 00:00:00,0.776941
2008-10-22 00:00:00,0.772836
2008-10-23 00:00:00,0.77495
2008-10-27 00:00:00,0.7659600000000001
2008-10-28 00:00:00,0.774369
2008-10-29 00:00:00,0.759319
2008-10-30 00:00:00,0.7736569999999999
2008-10-31 00:00:00,0.7863680000000001
2008-11-03 00:00:00,0.794974
2008-11-04 00:00:00,0.791358
2008-11-05 00:00:00,0.782069
2008-11-06 00:00:00,0.783732
2008-11-07 00:00:00,0.788203
2008-11-10 00:00:00,0.789403
2008-11-11 00:00:00,0.787292
2008-11-12 00:00:00,0.785691
2008-11-13 00:00:00,0.786363
2008-11-14 00:00:00,0.7878689999999999
2008-11-17 00:00:00,0.787107
2008-11-18 00:00:00,0.787676
2008-11-19 00:00:00,0.792179
2008-11-20 00:00:00,0.799635
2008-11-21 00:00:00,0.8011010000000001
2008-11-24 00:00:00,0.791678
2008-11-25 00:00:00,0.786652
2008-11-26 00:00:00,0.796014
2008-11-27 00:00:00,0.795086
2008-11-28 00:00:00,0.792353
2008-12-01 00:00:00,0.788478
2008-12-02 00:00:00,0.789463
2008-12-03 00:00:00,0.794668
2008-12-04 00:00:00,0.783099
2008-12-05 00:00:00,0.801552
2008-12-08 00:00:00,0.800146
2008-12-09 00:00:00,0.8013560000000001
2008-12-10 00:00:00,0.8002
2008-12-11 00:00:00,0.797431
2008-12-12 00:00:00,0.789071
2008-12-15 00:00:00,0.785191
2008-12-16 00:00:00,0.768054
2008-12-17 00:00:00,0.74758
2008-12-18 00:00:00,0.749444
2008-12-19 00:00:00,0.752958
2008-12-22 00:00:00,0.755787
2008-12-23 00:00:00,0.7496550000000001
2008-12-24 00:00:00,0.7449479999999999
2008-12-25 00:00:00,0.744744
2008-12-26 00:00:00,0.742043
2008-12-29 00:00:00,0.732474
2008-12-30 00:00:00,0.73539
2008-12-31 00:00:00,0.72925
2009-01-01 00:00:00,0.741383
2009-01-02 00:00:00,0.740073
2009-01-05 00:00:00,0.75333
2009-01-06 00:00:00,0.759973
2009-01-07 00:00:00,0.748035
2009-01-08 00:00:00,0.7394390000000001
2009-01-09 00:00:00,0.750522
2009-01-12 00:00:00,0.748707
2009-01-13 00:00:00,0.750688
2009-01-14 00:00:00,0.747019
2009-01-15 00:00:00,0.75139
2009-01-16 00:00:00,0.752216
2009-01-19 00:00:00,0.756448
2009-01-20 00:00:00,0.759603
2009-01-21 00:00:00,0.771295
2009-01-22 00:00:00,0.770093
2009-01-23 00:00:00,0.762288
2009-01-26 00:00:00,0.758648
2009-01-27 00:00:00,0.760491
2009-01-28 00:00:00,0.768369
2009-01-29 00:00:00,0.765521
2009-01-30 00:00:00,0.768543
2009-02-02 00:00:00,0.767757
2009-02-03 00:00:00,0.759862
2009-02-04 00:00:00,0.7667039999999999
2009-02-05 00:00:00,0.778568
2009-02-06 00:00:00,0.724983
2009-02-09 00:00:00,0.780266
2009-02-10 00:00:00,0.767882
2009-02-11 00:00:00,0.7703949999999999
2009-02-12 00:00:00,0.769618
2009-02-13 00:00:00,0.770497
2009-02-16 00:00:00,0.766019
2009-02-17 00:00:00,0.763645
2009-02-18 00:00:00,0.76713
2009-02-19 00:00:00,0.768687
2009-02-20 00:00:00,0.756011
2009-02-23 00:00:00,0.763716
2009-02-24 00:00:00,0.7616890000000001
2009-02-25 00:00:00,0.7634770000000001
2009-02-26 00:00:00,0.755851
2009-02-27 00:00:00,0.757413
2009-03-02 00:00:00,0.7555430000000001
2009-03-03 00:00:00,0.758494
2009-03-04 00:00:00,0.755782
2009-03-05 00:00:00,0.75246
2009-03-06 00:00:00,0.7501939999999999
2009-03-09 00:00:00,0.746712
2009-03-10 00:00:00,0.755228
2009-03-11 00:00:00,0.7547189999999999
2009-03-12 00:00:00,0.776752
2009-03-13 00:00:00,0.769921
2009-03-16 00:00:00,0.773172
2009-03-17 00:00:00,0.772867
2009-03-18 00:00:00,0.754546
2009-03-19 00:00:00,0.743315
2009-03-20 00:00:00,0.744128
2009-03-23 00:00:00,0.746947
2009-03-24 00:00:00,0.748197
2009-03-25 00:00:00,0.743767
2009-03-26 00:00:00,0.7472810000000001
2009-03-27 00:00:00,0.754853
2009-03-29 00:00:00,0.7558279999999999
2009-03-30 00:00:00,0.748538
2009-03-31 00:00:00,0.754312
2009-04-01 00:00:00,0.755378
2009-04-02 00:00:00,0.750116
2009-04-05 00:00:00,0.753864
2009-04-06 00:00:00,0.7543949999999999
2009-04-07 00:00:00,0.756474
2009-04-08 00:00:00,0.763839
2009-04-09 00:00:00,0.760921
2009-04-12 00:00:00,0.748051
2009-04-13 00:00:00,0.7579520000000001
2009-04-14 00:00:00,0.7613810000000001
2009-04-15 00:00:00,0.765912
2009-04-16 00:00:00,0.777022
2009-04-19 00:00:00,0.77404
2009-04-20 00:00:00,0.775978
2009-04-21 00:00:00,0.77235
2009-04-22 00:00:00,0.767988
2009-04-23 00:00:00,0.7625890000000001
2009-04-26 00:00:00,0.771648
2009-04-27 00:00:00,0.7639239999999999
2009-04-28 00:00:00,0.76395
2009-04-29 00:00:00,0.7687430000000001
2009-04-30 00:00:00,0.766597
2009-05-03 00:00:00,0.765518
2009-05-04 00:00:00,0.768787
2009-05-05 00:00:00,0.769105
2009-05-06 00:00:00,0.768085
2009-05-07 00:00:00,0.7566510000000001
2009-05-10 00:00:00,0.756757
2009-05-11 00:00:00,0.756897
2009-05-12 00:00:00,0.755252
2009-05-13 00:00:00,0.754663
2009-05-14 00:00:00,0.76085
2009-05-17 00:00:00,0.760754
2009-05-18 00:00:00,0.758258
2009-05-19 00:00:00,0.753699
2009-05-20 00:00:00,0.752721
2009-05-21 00:00:00,0.7535229999999999
2009-05-24 00:00:00,0.749291
2009-05-25 00:00:00,0.748101
2009-05-26 00:00:00,0.750567
2009-05-27 00:00:00,0.747212
2009-05-28 00:00:00,0.738983
2009-05-31 00:00:00,0.742247
2009-06-01 00:00:00,0.738553
2009-06-02 00:00:00,0.7403850000000001
2009-06-03 00:00:00,0.737855
2009-06-04 00:00:00,0.7449
2009-06-07 00:00:00,0.749725
2009-06-08 00:00:00,0.742228
2009-06-09 00:00:00,0.7423569999999999
2009-06-10 00:00:00,0.738425
2009-06-11 00:00:00,0.744624
2009-06-14 00:00:00,0.747861
2009-06-15 00:00:00,0.744751
2009-06-16 00:00:00,0.743205
2009-06-17 00:00:00,0.746322
2009-06-18 00:00:00,0.742216
2009-06-21 00:00:00,0.744228
2009-06-22 00:00:00,0.7340399999999999
2009-06-23 00:00:00,0.7529680000000001
2009-06-24 00:00:00,0.751563
2009-06-25 00:00:00,0.741916
2009-06-28 00:00:00,0.7463810000000001
2009-06-29 00:00:00,0.750121
2009-06-30 00:00:00,0.744202
2009-07-01 00:00:00,0.748056
2009-07-02 00:00:00,0.7493810000000001
2009-07-05 00:00:00,0.745618
2009-07-06 00:00:00,0.746657
2009-07-07 00:00:00,0.7451810000000001
2009-07-08 00:00:00,0.7397090000000001
2009-07-09 00:00:00,0.742564
2009-07-12 00:00:00,0.7409939999999999
2009-07-13 00:00:00,0.746452
2009-07-14 00:00:00,0.740202
2009-07-15 00:00:00,0.739241
2009-07-16 00:00:00,0.7427630000000001
2009-07-19 00:00:00,0.742413
2009-07-20 00:00:00,0.740484
2009-07-21 00:00:00,0.7396520000000001
2009-07-22 00:00:00,0.744676
2009-07-23 00:00:00,0.744495
2009-07-26 00:00:00,0.742831
2009-07-27 00:00:00,0.7466020000000001
2009-07-28 00:00:00,0.753579
2009-07-29 00:00:00,0.753414
2009-07-30 00:00:00,0.742406
2009-08-02 00:00:00,0.7396159999999999
2009-08-03 00:00:00,0.7393890000000001
2009-08-04 00:00:00,0.740338
2009-08-05 00:00:00,0.741133
2009-08-06 00:00:00,0.751268
2009-08-09 00:00:00,0.751419
2009-08-10 00:00:00,0.747185
2009-08-11 00:00:00,0.74565
2009-08-12 00:00:00,0.742338
2009-08-13 00:00:00,0.743478
2009-08-16 00:00:00,0.742207
2009-08-17 00:00:00,0.741895
2009-08-18 00:00:00,0.736165
2009-08-19 00:00:00,0.737456
2009-08-20 00:00:00,0.735572
2009-08-23 00:00:00,0.735879
2009-08-24 00:00:00,0.735679
2009-08-25 00:00:00,0.739278
2009-08-26 00:00:00,0.7333149999999999
2009-08-27 00:00:00,0.735137
2009-08-30 00:00:00,0.734129
2009-08-31 00:00:00,0.738041
2009-09-01 00:00:00,0.735178
2009-09-02 00:00:00,0.7373460000000001
2009-09-03 00:00:00,0.73712
2009-09-06 00:00:00,0.739328
2009-09-07 00:00:00,0.733394
2009-09-08 00:00:00,0.731288
2009-09-09 00:00:00,0.729213
2009-09-10 00:00:00,0.729543
2009-09-13 00:00:00,0.725949
2009-09-14 00:00:00,0.728676
2009-09-15 00:00:00,0.731396
2009-09-16 00:00:00,0.727478
2009-09-17 00:00:00,0.726206
2009-09-20 00:00:00,0.728209
2009-09-21 00:00:00,0.724823
2009-09-22 00:00:00,0.725705
2009-09-23 00:00:00,0.724917
2009-09-24 00:00:00,0.725119
2009-09-27 00:00:00,0.728119
2009-09-28 00:00:00,0.730029
2009-09-29 00:00:00,0.734592
2009-09-30 00:00:00,0.736296
2009-10-01 00:00:00,0.731904
2009-10-04 00:00:00,0.732647
2009-10-05 00:00:00,0.7328
2009-10-06 00:00:00,0.737663
2009-10-07 00:00:00,0.739296
2009-10-08 00:00:00,0.7393390000000001
2009-10-11 00:00:00,0.7346699999999999
2009-10-12 00:00:00,0.732354
2009-10-13 00:00:00,0.729903
2009-10-14 00:00:00,0.72993
2009-10-15 00:00:00,0.731479
2009-10-18 00:00:00,0.728255
2009-10-19 00:00:00,0.725904
2009-10-20 00:00:00,0.723417
2009-10-21 00:00:00,0.721005
2009-10-22 00:00:00,0.723055
2009-10-26 00:00:00,0.728078
2009-10-27 00:00:00,0.7305520000000001
2009-10-28 00:00:00,0.730704
2009-10-29 00:00:00,0.7290369999999999
2009-10-30 00:00:00,0.733529
2009-11-02 00:00:00,0.7308680000000001
2009-11-03 00:00:00,0.732709
2009-11-04 00:00:00,0.727905
2009-11-05 00:00:00,0.728035
2009-11-06 00:00:00,0.730341
2009-11-09 00:00:00,0.726748
2009-11-10 00:00:00,0.725773
2009-11-11 00:00:00,0.726729
2009-11-12 00:00:00,0.731295
2009-11-13 00:00:00,0.730816
2009-11-16 00:00:00,0.727917
2009-11-17 00:00:00,0.73343
2009-11-18 00:00:00,0.729788
2009-11-19 00:00:00,0.7297279999999999
2009-11-20 00:00:00,0.732157
2009-11-23 00:00:00,0.728729
2009-11-24 00:00:00,0.728087
2009-11-25 00:00:00,0.72325
2009-11-26 00:00:00,0.7243569999999999
2009-11-27 00:00:00,0.7242270000000001
2009-11-30 00:00:00,0.7258319999999999
2009-12-01 00:00:00,0.723716
2009-12-02 00:00:00,0.725052
2009-12-03 00:00:00,0.7238829999999999
2009-12-04 00:00:00,0.731855
2009-12-07 00:00:00,0.733295
2009-12-08 00:00:00,0.7373029999999999
2009-12-09 00:00:00,0.737879
2009-12-10 00:00:00,0.738517
2009-12-11 00:00:00,0.743927
2009-12-14 00:00:00,0.741748
2009-12-15 00:00:00,0.745769
2009-12-16 00:00:00,0.743737
2009-12-17 00:00:00,0.745458
2009-12-18 00:00:00,0.7441840000000001
2009-12-21 00:00:00,0.743475
2009-12-22 00:00:00,0.744971
2009-12-23 00:00:00,0.737717
2009-12-24 00:00:00,0.737482
2009-12-25 00:00:00,0.73483
2009-12-28 00:00:00,0.7369399999999999
2009-12-29 00:00:00,0.738382
2009-12-30 00:00:00,0.737753
2009-12-31 00:00:00,0.736662
2010-01-01 00:00:00,0.736816
2010-01-04 00:00:00,0.73665
2010-01-05 00:00:00,0.740049
2010-01-06 00:00:00,0.73753
2010-01-07 00:00:00,0.7396590000000001
2010-01-08 00:00:00,0.7340270000000001
2010-01-11 00:00:00,0.7324930000000001
2010-01-12 00:00:00,0.732317
2010-01-13 00:00:00,0.733405
2010-01-14 00:00:00,0.734444
2010-01-15 00:00:00,0.7371260000000001
2010-01-18 00:00:00,0.7378359999999999
2010-01-19 00:00:00,0.742771
2010-01-20 00:00:00,0.745588
2010-01-21 00:00:00,0.741933
2010-01-22 00:00:00,0.7417590000000001
2010-01-25 00:00:00,0.743282
2010-01-26 00:00:00,0.745793
2010-01-27 00:00:00,0.747224
2010-01-28 00:00:00,0.749199
2010-01-29 00:00:00,0.754642
2010-02-01 00:00:00,0.7497520000000001
2010-02-02 00:00:00,0.749556
2010-02-03 00:00:00,0.749522
2010-02-04 00:00:00,0.750317
2010-02-05 00:00:00,0.754167
2010-02-08 00:00:00,0.7539
2010-02-09 00:00:00,0.7520899999999999
2010-02-10 00:00:00,0.752364
2010-02-11 00:00:00,0.758985
2010-02-12 00:00:00,0.761942
2010-02-15 00:00:00,0.762748
2010-02-16 00:00:00,0.759063
2010-02-17 00:00:00,0.766524
2010-02-18 00:00:00,0.769073
2010-02-19 00:00:00,0.7621680000000001
2010-02-22 00:00:00,0.763042
2010-02-23 00:00:00,0.7673270000000001
2010-02-24 00:00:00,0.767031
2010-02-25 00:00:00,0.767282
2010-02-26 00:00:00,0.763426
2010-03-01 00:00:00,0.7683
2010-03-02 00:00:00,0.766667
2010-03-03 00:00:00,0.762958
2010-03-04 00:00:00,0.768506
2010-03-05 00:00:00,0.7673800000000001
2010-03-08 00:00:00,0.767285
2010-03-09 00:00:00,0.768208
2010-03-10 00:00:00,0.7658189999999999
2010-03-11 00:00:00,0.7642939999999999
2010-03-12 00:00:00,0.7581979999999999
2010-03-15 00:00:00,0.759734
2010-03-16 00:00:00,0.756832
2010-03-17 00:00:00,0.757001
2010-03-18 00:00:00,0.757652
2010-03-19 00:00:00,0.758675
2010-03-22 00:00:00,0.75531
2010-03-23 00:00:00,0.754263
2010-03-24 00:00:00,0.762266
2010-03-25 00:00:00,0.761566
2010-03-26 00:00:00,0.7587659999999999
2010-03-28 00:00:00,0.7594
2010-03-29 00:00:00,0.7615850000000001
2010-03-30 00:00:00,0.753034
2010-03-31 00:00:00,0.754634
2010-04-01 00:00:00,0.757965
2010-04-04 00:00:00,0.760131
2010-04-05 00:00:00,0.765447
2010-04-06 00:00:00,0.769336
2010-04-07 00:00:00,0.770001
2010-04-08 00:00:00,0.7673260000000001
2010-04-11 00:00:00,0.761753
2010-04-12 00:00:00,0.758016
2010-04-13 00:00:00,0.7657390000000001
2010-04-14 00:00:00,0.76894
2010-04-15 00:00:00,0.771742
2010-04-18 00:00:00,0.771632
2010-04-19 00:00:00,0.777115
2010-04-20 00:00:00,0.779827
2010-04-21 00:00:00,0.787026
2010-04-22 00:00:00,0.78258
2010-04-25 00:00:00,0.7837770000000001
2010-04-26 00:00:00,0.791717
2010-04-27 00:00:00,0.789497
2010-04-28 00:00:00,0.790774
2010-04-29 00:00:00,0.7851100000000001
2010-05-02 00:00:00,0.792321
2010-05-03 00:00:00,0.800543
2010-05-04 00:00:00,0.802706
2010-05-05 00:00:00,0.79346
2010-05-06 00:00:00,0.795984
2010-05-09 00:00:00,0.80338
2010-05-10 00:00:00,0.803912
2010-05-11 00:00:00,0.804484
2010-05-12 00:00:00,0.808335
2010-05-13 00:00:00,0.816897
2010-05-16 00:00:00,0.815045
2010-05-17 00:00:00,0.823462
2010-05-18 00:00:00,0.8257399999999999
2010-05-19 00:00:00,0.816182
2010-05-20 00:00:00,0.817127
2010-05-23 00:00:00,0.823398
2010-05-24 00:00:00,0.8201860000000001
2010-05-25 00:00:00,0.821459
2010-05-26 00:00:00,0.8240780000000001
2010-05-27 00:00:00,0.82381
2010-05-30 00:00:00,0.8261709999999999
2010-05-31 00:00:00,0.818401
2010-06-01 00:00:00,0.823091
2010-06-02 00:00:00,0.821736
2010-06-03 00:00:00,0.822376
2010-06-06 00:00:00,0.8194950000000001
2010-06-07 00:00:00,0.815743
2010-06-08 00:00:00,0.812198
2010-06-09 00:00:00,0.814592
2010-06-10 00:00:00,0.820233
2010-06-13 00:00:00,0.818362
2010-06-14 00:00:00,0.815132
2010-06-15 00:00:00,0.811746
2010-06-16 00:00:00,0.798813
2010-06-17 00:00:00,0.80052
2010-06-20 00:00:00,0.806229
2010-06-21 00:00:00,0.799509
2010-06-22 00:00:00,0.7958069999999999
2010-06-23 00:00:00,0.791891
2010-06-24 00:00:00,0.788054
2010-06-27 00:00:00,0.784117
2010-06-28 00:00:00,0.771748
2010-06-29 00:00:00,0.770242
2010-06-30 00:00:00,0.763935
2010-07-01 00:00:00,0.762897
2010-07-04 00:00:00,0.764279
2010-07-05 00:00:00,0.7639130000000001
2010-07-06 00:00:00,0.7604449999999999
2010-07-07 00:00:00,0.761407
2010-07-08 00:00:00,0.766205
2010-07-11 00:00:00,0.76766
2010-07-12 00:00:00,0.767076
2010-07-13 00:00:00,0.765871
2010-07-14 00:00:00,0.7591760000000001
2010-07-15 00:00:00,0.763966
2010-07-18 00:00:00,0.766158
2010-07-19 00:00:00,0.765914
2010-07-20 00:00:00,0.761671
2010-07-21 00:00:00,0.7600819999999999
2010-07-22 00:00:00,0.768798
2010-07-25 00:00:00,0.770742
2010-07-26 00:00:00,0.778896
2010-07-27 00:00:00,0.773363
2010-07-28 00:00:00,0.76332
2010-07-29 00:00:00,0.765632
2010-08-01 00:00:00,0.7705770000000001
2010-08-02 00:00:00,0.7702899999999999
2010-08-03 00:00:00,0.7702680000000001
2010-08-04 00:00:00,0.77913
2010-08-05 00:00:00,0.772983
2010-08-08 00:00:00,0.770985
2010-08-09 00:00:00,0.777596
2010-08-10 00:00:00,0.774353
2010-08-11 00:00:00,0.775748
2010-08-12 00:00:00,0.771231
2010-08-15 00:00:00,0.771062
2010-08-16 00:00:00,0.763423
2010-08-17 00:00:00,0.770647
2010-08-18 00:00:00,0.771046
2010-08-19 00:00:00,0.7622180000000001
2010-08-22 00:00:00,0.762698
2010-08-23 00:00:00,0.767383
2010-08-24 00:00:00,0.757767
2010-08-25 00:00:00,0.75812
2010-08-26 00:00:00,0.756015
2010-08-29 00:00:00,0.761249
2010-08-30 00:00:00,0.756505
2010-08-31 00:00:00,0.748671
2010-09-01 00:00:00,0.753441
2010-09-02 00:00:00,0.752731
2010-09-05 00:00:00,0.756682
2010-09-06 00:00:00,0.751264
2010-09-07 00:00:00,0.7492770000000001
2010-09-08 00:00:00,0.752512
2010-09-09 00:00:00,0.756314
2010-09-12 00:00:00,0.762177
2010-09-13 00:00:00,0.754021
2010-09-14 00:00:00,0.746681
2010-09-15 00:00:00,0.749282
2010-09-16 00:00:00,0.7590939999999999
2010-09-19 00:00:00,0.755746
2010-09-20 00:00:00,0.7534310000000001
2010-09-21 00:00:00,0.750395
2010-09-22 00:00:00,0.744267
2010-09-23 00:00:00,0.741664
2010-09-26 00:00:00,0.745322
2010-09-27 00:00:00,0.74631
2010-09-28 00:00:00,0.7408
2010-09-29 00:00:00,0.741216
2010-09-30 00:00:00,0.747985
2010-10-03 00:00:00,0.744186
2010-10-04 00:00:00,0.739309
2010-10-05 00:00:00,0.738137
2010-10-06 00:00:00,0.735269
2010-10-07 00:00:00,0.739074
2010-10-10 00:00:00,0.736843
2010-10-11 00:00:00,0.737325
2010-10-12 00:00:00,0.73364
2010-10-13 00:00:00,0.735186
2010-10-14 00:00:00,0.7354609999999999
2010-10-17 00:00:00,0.7386020000000001
2010-10-18 00:00:00,0.737396
2010-10-19 00:00:00,0.738624
2010-10-20 00:00:00,0.738653
2010-10-21 00:00:00,0.74347
2010-10-24 00:00:00,0.752726
2010-10-25 00:00:00,0.751186
2010-10-26 00:00:00,0.758354
2010-10-27 00:00:00,0.7588590000000001
2010-10-28 00:00:00,0.7588590000000001
2010-11-01 00:00:00,0.7601220000000001
2010-11-02 00:00:00,0.768319
2010-11-03 00:00:00,0.760876
2010-11-04 00:00:00,0.756185
2010-11-05 00:00:00,0.746776
2010-11-08 00:00:00,0.747975
2010-11-09 00:00:00,0.7504270000000001
2010-11-10 00:00:00,0.75062
2010-11-11 00:00:00,0.754286
2010-11-12 00:00:00,0.75647
2010-11-15 00:00:00,0.7548779999999999
2010-11-16 00:00:00,0.754808
2010-11-17 00:00:00,0.763829
2010-11-18 00:00:00,0.762077
2010-11-19 00:00:00,0.7685890000000001
2010-11-22 00:00:00,0.766311
2010-11-23 00:00:00,0.760505
2010-11-24 00:00:00,0.758505
2010-11-25 00:00:00,0.761351
2010-11-26 00:00:00,0.764059
2010-11-29 00:00:00,0.7607109999999999
2010-11-30 00:00:00,0.757892
2010-12-01 00:00:00,0.759488
2010-12-02 00:00:00,0.765514
2010-12-03 00:00:00,0.759526
2010-12-06 00:00:00,0.749097
2010-12-07 00:00:00,0.752106
2010-12-08 00:00:00,0.7542949999999999
2010-12-09 00:00:00,0.750247
2010-12-10 00:00:00,0.75025
2010-12-13 00:00:00,0.75044
2010-12-14 00:00:00,0.742642
2010-12-15 00:00:00,0.7379819999999999
2010-12-16 00:00:00,0.73458
2010-12-17 00:00:00,0.733572
2010-12-20 00:00:00,0.73749
2010-12-21 00:00:00,0.73263
2010-12-22 00:00:00,0.729275
2010-12-23 00:00:00,0.728763
2010-12-24 00:00:00,0.733548
2010-12-27 00:00:00,0.740115
2010-12-28 00:00:00,0.73835
2010-12-29 00:00:00,0.732648
2010-12-30 00:00:00,0.731064
2010-12-31 00:00:00,0.725476
2011-01-03 00:00:00,0.726762
2011-01-04 00:00:00,0.727092
2011-01-05 00:00:00,0.735987
2011-01-06 00:00:00,0.7473569999999999
2011-01-07 00:00:00,0.744776
2011-01-10 00:00:00,0.746121
2011-01-11 00:00:00,0.744432
2011-01-12 00:00:00,0.7523529999999999
2011-01-13 00:00:00,0.750784
2011-01-14 00:00:00,0.7500140000000001
2011-01-17 00:00:00,0.748738
2011-01-18 00:00:00,0.748855
2011-01-19 00:00:00,0.751208
2011-01-20 00:00:00,0.744799
2011-01-21 00:00:00,0.751204
2011-01-24 00:00:00,0.746785
2011-01-25 00:00:00,0.7413310000000001
2011-01-26 00:00:00,0.736125
2011-01-27 00:00:00,0.737478
2011-01-28 00:00:00,0.73944
2011-01-31 00:00:00,0.73158
2011-02-01 00:00:00,0.7375659999999999
2011-02-02 00:00:00,0.736059
2011-02-03 00:00:00,0.738592
2011-02-04 00:00:00,0.742726
2011-02-07 00:00:00,0.748416
2011-02-08 00:00:00,0.749733
2011-02-09 00:00:00,0.7569359999999999
2011-02-10 00:00:00,0.7527689999999999
2011-02-11 00:00:00,0.757784
2011-02-14 00:00:00,0.759079
2011-02-15 00:00:00,0.757079
2011-02-16 00:00:00,0.753961
2011-02-17 00:00:00,0.75016
2011-02-18 00:00:00,0.744219
2011-02-21 00:00:00,0.7417100000000001
2011-02-22 00:00:00,0.741592
2011-02-23 00:00:00,0.73225
2011-02-24 00:00:00,0.7301
2011-02-25 00:00:00,0.725349
2011-02-28 00:00:00,0.728129
2011-03-01 00:00:00,0.731009
2011-03-02 00:00:00,0.7289760000000001
2011-03-03 00:00:00,0.7276600000000001
2011-03-04 00:00:00,0.735169
2011-03-07 00:00:00,0.730997
2011-03-08 00:00:00,0.731935
2011-03-09 00:00:00,0.737498
2011-03-10 00:00:00,0.733346
2011-03-11 00:00:00,0.731757
2011-03-14 00:00:00,0.731364
2011-03-15 00:00:00,0.729455
2011-03-16 00:00:00,0.718907
2011-03-17 00:00:00,0.703448
2011-03-18 00:00:00,0.7040270000000001
2011-03-21 00:00:00,0.7100350000000001
2011-03-22 00:00:00,0.715019
2011-03-23 00:00:00,0.71502
2011-03-24 00:00:00,0.7185600000000001
2011-03-25 00:00:00,0.720377
2011-03-27 00:00:00,0.730507
2011-03-28 00:00:00,0.725939
2011-03-29 00:00:00,0.730229
2011-03-30 00:00:00,0.7284689999999999
2011-03-31 00:00:00,0.729625
2011-04-03 00:00:00,0.734495
2011-04-04 00:00:00,0.732228
2011-04-05 00:00:00,0.734479
2011-04-06 00:00:00,0.728471
2011-04-07 00:00:00,0.7269479999999999
2011-04-10 00:00:00,0.7230489999999999
2011-04-11 00:00:00,0.7216779999999999
2011-04-12 00:00:00,0.7139479999999999
2011-04-13 00:00:00,0.71358
2011-04-17 00:00:00,0.718333
2011-04-18 00:00:00,0.7177859999999999
2011-04-19 00:00:00,0.723272
2011-04-20 00:00:00,0.717597
2011-04-21 00:00:00,0.717408
2011-04-24 00:00:00,0.7180380000000001
2011-04-25 00:00:00,0.7130479999999999
2011-04-26 00:00:00,0.70643
2011-04-27 00:00:00,0.711919
2011-04-28 00:00:00,0.711526
2011-05-01 00:00:00,0.7074560000000001
2011-05-02 00:00:00,0.707148
2011-05-03 00:00:00,0.701254
2011-05-04 00:00:00,0.699561
2011-05-05 00:00:00,0.701815
2011-05-08 00:00:00,0.71101
2011-05-09 00:00:00,0.7076600000000001
2011-05-10 00:00:00,0.714864
2011-05-11 00:00:00,0.7172930000000001
2011-05-12 00:00:00,0.714101
2011-05-15 00:00:00,0.716544
2011-05-16 00:00:00,0.707407
2011-05-17 00:00:00,0.706268
2011-05-18 00:00:00,0.7107140000000001
2011-05-19 00:00:00,0.712245
2011-05-22 00:00:00,0.707917
2011-05-23 00:00:00,0.7079989999999999
2011-05-24 00:00:00,0.705557
2011-05-25 00:00:00,0.699687
2011-05-26 00:00:00,0.6963550000000001
2011-05-29 00:00:00,0.688001
2011-05-30 00:00:00,0.6899430000000001
2011-05-31 00:00:00,0.692249
2011-06-01 00:00:00,0.679667
2011-06-02 00:00:00,0.683772
2011-06-05 00:00:00,0.6797880000000001
2011-06-06 00:00:00,0.678751
2011-06-07 00:00:00,0.682239
2011-06-08 00:00:00,0.6785220000000001
2011-06-09 00:00:00,0.684099
2011-06-12 00:00:00,0.6815829999999999
2011-06-13 00:00:00,0.677955
2011-06-14 00:00:00,0.686865
2011-06-15 00:00:00,0.688919
2011-06-16 00:00:00,0.684359
2011-06-19 00:00:00,0.6885640000000001
2011-06-20 00:00:00,0.6843229999999999
2011-06-21 00:00:00,0.68319
2011-06-22 00:00:00,0.681253
2011-06-23 00:00:00,0.678574
2011-06-26 00:00:00,0.6737
2011-06-27 00:00:00,0.672201
2011-06-28 00:00:00,0.6719390000000001
2011-06-29 00:00:00,0.675669
2011-06-30 00:00:00,0.685422
2011-07-03 00:00:00,0.69158
2011-07-04 00:00:00,0.691567
2011-07-05 00:00:00,0.684361
2011-07-06 00:00:00,0.683541
2011-07-07 00:00:00,0.691018
2011-07-10 00:00:00,0.6848350000000001
2011-07-11 00:00:00,0.68087
2011-07-12 00:00:00,0.6783060000000001
2011-07-13 00:00:00,0.667009
2011-07-14 00:00:00,0.6701189999999999
2011-07-17 00:00:00,0.665283
2011-07-18 00:00:00,0.671983
2011-07-19 00:00:00,0.6782630000000001
2011-07-20 00:00:00,0.678513
2011-07-21 00:00:00,0.675496
2011-07-24 00:00:00,0.673371
2011-07-25 00:00:00,0.668216
2011-07-26 00:00:00,0.6661020000000001
2011-07-27 00:00:00,0.665637
2011-07-28 00:00:00,0.666542
2011-07-31 00:00:00,0.657403
2011-08-01 00:00:00,0.653075
2011-08-02 00:00:00,0.633309
2011-08-03 00:00:00,0.639325
2011-08-04 00:00:00,0.6240020000000001
2011-08-07 00:00:00,0.6269520000000001
2011-08-08 00:00:00,0.616536
2011-08-09 00:00:00,0.598642
2011-08-10 00:00:00,0.595002
2011-08-11 00:00:00,0.6283920000000001
2011-08-14 00:00:00,0.647662
2011-08-15 00:00:00,0.653337
2011-08-16 00:00:00,0.662669
2011-08-17 00:00:00,0.656726
2011-08-18 00:00:00,0.652506
2011-08-21 00:00:00,0.650748
2011-08-22 00:00:00,0.653181
2011-08-23 00:00:00,0.658938
2011-08-24 00:00:00,0.659411
2011-08-25 00:00:00,0.6558729999999999
2011-08-28 00:00:00,0.671501
2011-08-29 00:00:00,0.67812
2011-08-30 00:00:00,0.6793
2011-08-31 00:00:00,0.670295
2011-09-01 00:00:00,0.660299
2011-09-04 00:00:00,0.655877
2011-09-05 00:00:00,0.650195
2011-09-06 00:00:00,0.7119840000000001
2011-09-07 00:00:00,0.710997
2011-09-08 00:00:00,0.72019
2011-09-11 00:00:00,0.720858
2011-09-12 00:00:00,0.714392
2011-09-13 00:00:00,0.7099979999999999
2011-09-14 00:00:00,0.7046899999999999
2011-09-15 00:00:00,0.70149
2011-09-18 00:00:00,0.707225
2011-09-19 00:00:00,0.7006720000000001
2011-09-20 00:00:00,0.703951
2011-09-21 00:00:00,0.698087
2011-09-22 00:00:00,0.696203
2011-09-25 00:00:00,0.697414
2011-09-26 00:00:00,0.697549
2011-09-27 00:00:00,0.698457
2011-09-28 00:00:00,0.693978
2011-09-29 00:00:00,0.691879
2011-10-02 00:00:00,0.696431
2011-10-03 00:00:00,0.699217
2011-10-04 00:00:00,0.702707
2011-10-05 00:00:00,0.709338
2011-10-06 00:00:00,0.707865
2011-10-09 00:00:00,0.7136359999999999
2011-10-10 00:00:00,0.708843
2011-10-11 00:00:00,0.7077829999999999
2011-10-12 00:00:00,0.700979
2011-10-13 00:00:00,0.704298
2011-10-16 00:00:00,0.7049890000000001
2011-10-17 00:00:00,0.705665
2011-10-18 00:00:00,0.709082
2011-10-19 00:00:00,0.712733
2011-10-20 00:00:00,0.7024239999999999
2011-10-23 00:00:00,0.693805
2011-10-24 00:00:00,0.696874
2011-10-25 00:00:00,0.695102
2011-10-26 00:00:00,0.695049
2011-10-27 00:00:00,0.6923630000000001
2011-10-31 00:00:00,0.693056
2011-11-01 00:00:00,0.699968
2011-11-02 00:00:00,0.6959069999999999
2011-11-03 00:00:00,0.692584
2011-11-04 00:00:00,0.6947300000000001
2011-11-07 00:00:00,0.7036479999999999
2011-11-08 00:00:00,0.709942
2011-11-09 00:00:00,0.706124
2011-11-10 00:00:00,0.706901
2011-11-11 00:00:00,0.702038
2011-11-14 00:00:00,0.705034
2011-11-15 00:00:00,0.704241
2011-11-16 00:00:00,0.709855
2011-11-17 00:00:00,0.710486
2011-11-18 00:00:00,0.710575
2011-11-21 00:00:00,0.705925
2011-11-22 00:00:00,0.703897
2011-11-23 00:00:00,0.702531
2011-11-24 00:00:00,0.701853
2011-11-25 00:00:00,0.7034239999999999
2011-11-28 00:00:00,0.7120270000000001
2011-11-29 00:00:00,0.710097
2011-11-30 00:00:00,0.710356
2011-12-01 00:00:00,0.7128329999999999
2011-12-02 00:00:00,0.713697
2011-12-05 00:00:00,0.717842
2011-12-06 00:00:00,0.7186520000000001
2011-12-07 00:00:00,0.721213
2011-12-08 00:00:00,0.719759
2011-12-09 00:00:00,0.715467
2011-12-12 00:00:00,0.7156819999999999
2011-12-13 00:00:00,0.720448
2011-12-14 00:00:00,0.724106
2011-12-15 00:00:00,0.728258
2011-12-16 00:00:00,0.71958
2011-12-19 00:00:00,0.718539
2011-12-20 00:00:00,0.7164050000000001
2011-12-21 00:00:00,0.717378
2011-12-22 00:00:00,0.7226319999999999
2011-12-23 00:00:00,0.7229869999999999
2011-12-26 00:00:00,0.723725
2011-12-27 00:00:00,0.7250909999999999
2011-12-28 00:00:00,0.720833
2011-12-29 00:00:00,0.726083
2011-12-30 00:00:00,0.723668
2012-01-02 00:00:00,0.723787
2012-01-03 00:00:00,0.7246779999999999
2012-01-04 00:00:00,0.725722
2012-01-05 00:00:00,0.7315010000000001
2012-01-06 00:00:00,0.737262
2012-01-09 00:00:00,0.7394689999999999
2012-01-10 00:00:00,0.732308
2012-01-11 00:00:00,0.737121
2012-01-12 00:00:00,0.738686
2012-01-13 00:00:00,0.732139
2012-01-16 00:00:00,0.7379
2012-01-17 00:00:00,0.740104
2012-01-18 00:00:00,0.739454
2012-01-19 00:00:00,0.735241
2012-01-20 00:00:00,0.732804
2012-01-23 00:00:00,0.736075
2012-01-24 00:00:00,0.731845
2012-01-25 00:00:00,0.7319859999999999
2012-01-26 00:00:00,0.731334
2012-01-30 00:00:00,0.729779
2012-02-01 00:00:00,0.731579
2012-02-02 00:00:00,0.731368
2012-02-03 00:00:00,0.73537
2012-02-06 00:00:00,0.739123
2012-02-07 00:00:00,0.736345
2012-02-08 00:00:00,0.73248
2012-02-09 00:00:00,0.7328680000000001
2012-02-10 00:00:00,0.7307319999999999
2012-02-13 00:00:00,0.727896
2012-02-14 00:00:00,0.729893
2012-02-15 00:00:00,0.727568
2012-02-16 00:00:00,0.730961
2012-02-17 00:00:00,0.728693
2012-02-20 00:00:00,0.7316
2012-02-21 00:00:00,0.728154
2012-02-22 00:00:00,0.7256630000000001
2012-02-23 00:00:00,0.724009
2012-02-24 00:00:00,0.719719
2012-02-27 00:00:00,0.7126239999999999
2012-02-28 00:00:00,0.716222
2012-02-29 00:00:00,0.716254
2012-03-01 00:00:00,0.722928
2012-03-02 00:00:00,0.725262
2012-03-05 00:00:00,0.729484
2012-03-06 00:00:00,0.725677
2012-03-07 00:00:00,0.727163
2012-03-08 00:00:00,0.727982
2012-03-09 00:00:00,0.725725
2012-03-12 00:00:00,0.731121
2012-03-13 00:00:00,0.7281989999999999
2012-03-14 00:00:00,0.733789
2012-03-15 00:00:00,0.7340220000000001
2012-03-16 00:00:00,0.730438
2012-03-19 00:00:00,0.728321
2012-03-20 00:00:00,0.725645
2012-03-21 00:00:00,0.721105
2012-03-22 00:00:00,0.721791
2012-03-23 00:00:00,0.722152
2012-03-25 00:00:00,0.720549
2012-03-26 00:00:00,0.71824
2012-03-27 00:00:00,0.719399
2012-03-28 00:00:00,0.719205
2012-03-29 00:00:00,0.719216
2012-04-01 00:00:00,0.719291
2012-04-02 00:00:00,0.720741
2012-04-03 00:00:00,0.72538
2012-04-04 00:00:00,0.727511
2012-04-05 00:00:00,0.730427
2012-04-08 00:00:00,0.727986
2012-04-09 00:00:00,0.727316
2012-04-10 00:00:00,0.727762
2012-04-11 00:00:00,0.729885
2012-04-12 00:00:00,0.728589
2012-04-15 00:00:00,0.73787
2012-04-16 00:00:00,0.7326560000000001
2012-04-17 00:00:00,0.733379
2012-04-18 00:00:00,0.7323529999999999
2012-04-19 00:00:00,0.731308
2012-04-22 00:00:00,0.729086
2012-04-23 00:00:00,0.732345
2012-04-24 00:00:00,0.731208
2012-04-25 00:00:00,0.730464
2012-04-26 00:00:00,0.733591
2012-04-29 00:00:00,0.73301
2012-04-30 00:00:00,0.7337859999999999
2012-05-01 00:00:00,0.7346739999999999
2012-05-02 00:00:00,0.736638
2012-05-03 00:00:00,0.734873
2012-05-06 00:00:00,0.740731
2012-05-07 00:00:00,0.738712
2012-05-08 00:00:00,0.740151
2012-05-09 00:00:00,0.741474
2012-05-10 00:00:00,0.741533
2012-05-13 00:00:00,0.743512
2012-05-14 00:00:00,0.7444729999999999
2012-05-15 00:00:00,0.747879
2012-05-16 00:00:00,0.744632
2012-05-17 00:00:00,0.7433
2012-05-20 00:00:00,0.7389020000000001
2012-05-21 00:00:00,0.739837
2012-05-22 00:00:00,0.74328
2012-05-23 00:00:00,0.748321
2012-05-24 00:00:00,0.7509600000000001
2012-05-27 00:00:00,0.748845
2012-05-28 00:00:00,0.750763
2012-05-29 00:00:00,0.7524430000000001
2012-05-30 00:00:00,0.7533920000000001
2012-05-31 00:00:00,0.75457
2012-06-03 00:00:00,0.748408
2012-06-04 00:00:00,0.7469560000000001
2012-06-05 00:00:00,0.750078
2012-06-06 00:00:00,0.749363
2012-06-07 00:00:00,0.748668
2012-06-10 00:00:00,0.744162
2012-06-11 00:00:00,0.748678
2012-06-12 00:00:00,0.74924
2012-06-13 00:00:00,0.745578
2012-06-14 00:00:00,0.743945
2012-06-17 00:00:00,0.7465689999999999
2012-06-18 00:00:00,0.750965
2012-06-19 00:00:00,0.747848
2012-06-20 00:00:00,0.746267
2012-06-21 00:00:00,0.74874
2012-06-24 00:00:00,0.749276
2012-06-25 00:00:00,0.749742
2012-06-26 00:00:00,0.75221
2012-06-27 00:00:00,0.754157
2012-06-28 00:00:00,0.75365
2012-07-01 00:00:00,0.750138
2012-07-02 00:00:00,0.753264
2012-07-03 00:00:00,0.755071
2012-07-04 00:00:00,0.75742
2012-07-05 00:00:00,0.766385
2012-07-08 00:00:00,0.7691939999999999
2012-07-09 00:00:00,0.768251
2012-07-10 00:00:00,0.77253
2012-07-11 00:00:00,0.7762819999999999
2012-07-12 00:00:00,0.775983
2012-07-15 00:00:00,0.775388
2012-07-16 00:00:00,0.774385
2012-07-17 00:00:00,0.775133
2012-07-18 00:00:00,0.777598
2012-07-19 00:00:00,0.7801710000000001
2012-07-22 00:00:00,0.787014
2012-07-23 00:00:00,0.785508
2012-07-24 00:00:00,0.7886569999999999
2012-07-25 00:00:00,0.787393
2012-07-26 00:00:00,0.781587
2012-07-29 00:00:00,0.782307
2012-07-30 00:00:00,0.785717
2012-07-31 00:00:00,0.784285
2012-08-01 00:00:00,0.786596
2012-08-02 00:00:00,0.7897810000000001
2012-08-05 00:00:00,0.7793
2012-08-06 00:00:00,0.78083
2012-08-07 00:00:00,0.780335
2012-08-08 00:00:00,0.779759
2012-08-09 00:00:00,0.78484
2012-08-12 00:00:00,0.785759
2012-08-13 00:00:00,0.781736
2012-08-14 00:00:00,0.781645
2012-08-15 00:00:00,0.782323
2012-08-16 00:00:00,0.778143
2012-08-19 00:00:00,0.777751
2012-08-20 00:00:00,0.776269
2012-08-21 00:00:00,0.769809
2012-08-22 00:00:00,0.768632
2012-08-23 00:00:00,0.76645
2012-08-26 00:00:00,0.768235
2012-08-27 00:00:00,0.767069
2012-08-28 00:00:00,0.762775
2012-08-29 00:00:00,0.764243
2012-08-30 00:00:00,0.765696
2012-09-02 00:00:00,0.764513
2012-09-03 00:00:00,0.765754
2012-09-04 00:00:00,0.767831
2012-09-05 00:00:00,0.7660359999999999
2012-09-06 00:00:00,0.7675649999999999
2012-09-09 00:00:00,0.764763
2012-09-10 00:00:00,0.7651819999999999
2012-09-11 00:00:00,0.763508
2012-09-12 00:00:00,0.76272
2012-09-13 00:00:00,0.763003
2012-09-16 00:00:00,0.758922
2012-09-17 00:00:00,0.757628
2012-09-18 00:00:00,0.757756
2012-09-19 00:00:00,0.75688
2012-09-20 00:00:00,0.761778
2012-09-23 00:00:00,0.761777
2012-09-24 00:00:00,0.7616350000000001
2012-09-25 00:00:00,0.763057
2012-09-26 00:00:00,0.76298
2012-09-27 00:00:00,0.7644529999999999
2012-09-30 00:00:00,0.7676970000000001
2012-10-01 00:00:00,0.7635069999999999
2012-10-02 00:00:00,0.761027
2012-10-03 00:00:00,0.7618560000000001
2012-10-04 00:00:00,0.757782
2012-10-07 00:00:00,0.757216
2012-10-08 00:00:00,0.758848
2012-10-09 00:00:00,0.764788
2012-10-10 00:00:00,0.763944
2012-10-11 00:00:00,0.761333
2012-10-14 00:00:00,0.764518
2012-10-15 00:00:00,0.763083
2012-10-16 00:00:00,0.7571260000000001
2012-10-17 00:00:00,0.758221
2012-10-18 00:00:00,0.758482
2012-10-21 00:00:00,0.7590140000000001
2012-10-22 00:00:00,0.758671
2012-10-23 00:00:00,0.7618
2012-10-24 00:00:00,0.762989
2012-10-25 00:00:00,0.765785
2012-10-29 00:00:00,0.76617
2012-10-30 00:00:00,0.7666149999999999
2012-10-31 00:00:00,0.764586
2012-11-01 00:00:00,0.763636
2012-11-02 00:00:00,0.76359
2012-11-05 00:00:00,0.768584
2012-11-06 00:00:00,0.7704880000000001
2012-11-07 00:00:00,0.771137
2012-11-08 00:00:00,0.7726569999999999
2012-11-09 00:00:00,0.772513
2012-11-12 00:00:00,0.7745489999999999
2012-11-13 00:00:00,0.775642
2012-11-14 00:00:00,0.774509
2012-11-15 00:00:00,0.7729729999999999
2012-11-16 00:00:00,0.769786
2012-11-19 00:00:00,0.77031
2012-11-20 00:00:00,0.769774
2012-11-21 00:00:00,0.767993
2012-11-22 00:00:00,0.76472
2012-11-23 00:00:00,0.76376
2012-11-26 00:00:00,0.759579
2012-11-27 00:00:00,0.759057
2012-11-28 00:00:00,0.7609239999999999
2012-11-29 00:00:00,0.760311
2012-11-30 00:00:00,0.760305
2012-12-03 00:00:00,0.76
2012-12-05 00:00:00,0.760879
2012-12-06 00:00:00,0.760404
2012-12-07 00:00:00,0.764267
2012-12-10 00:00:00,0.766729
2012-12-11 00:00:00,0.764099
2012-12-12 00:00:00,0.763192
2012-12-13 00:00:00,0.759197
2012-12-14 00:00:00,0.7563880000000001
2012-12-17 00:00:00,0.752418
2012-12-18 00:00:00,0.752534
2012-12-19 00:00:00,0.749815
2012-12-20 00:00:00,0.7488239999999999
2012-12-21 00:00:00,0.748563
2012-12-24 00:00:00,0.7500819999999999
2012-12-25 00:00:00,0.7503890000000001
2012-12-26 00:00:00,0.749877
2012-12-27 00:00:00,0.746161
2012-12-28 00:00:00,0.746156
2012-12-31 00:00:00,0.746259
2013-01-01 00:00:00,0.749242
2013-01-02 00:00:00,0.7496109999999999
2013-01-03 00:00:00,0.751687
2013-01-04 00:00:00,0.756175
2013-01-07 00:00:00,0.753728
2013-01-08 00:00:00,0.7492840000000001
2013-01-09 00:00:00,0.752292
2013-01-10 00:00:00,0.75379
2013-01-11 00:00:00,0.747659
2013-01-14 00:00:00,0.744746
2013-01-15 00:00:00,0.752738
2013-01-16 00:00:00,0.7610680000000001
2013-01-17 00:00:00,0.760774
2013-01-18 00:00:00,0.762745
2013-01-21 00:00:00,0.761245
2013-01-22 00:00:00,0.760483
2013-01-23 00:00:00,0.757311
2013-01-24 00:00:00,0.7578060000000001
2013-01-25 00:00:00,0.755362
2013-01-28 00:00:00,0.749907
2013-01-29 00:00:00,0.747965
2013-01-30 00:00:00,0.7471439999999999
2013-01-31 00:00:00,0.737133
2013-02-01 00:00:00,0.734762
2013-02-04 00:00:00,0.7322420000000001
2013-02-05 00:00:00,0.7336050000000001
2013-02-06 00:00:00,0.733971
2013-02-07 00:00:00,0.734442
2013-02-08 00:00:00,0.7409899999999999
2013-02-11 00:00:00,0.7411479999999999
2013-02-12 00:00:00,0.741486
2013-02-13 00:00:00,0.740011
2013-02-14 00:00:00,0.7425149999999999
2013-02-15 00:00:00,0.7465430000000001
2013-02-18 00:00:00,0.745789
2013-02-19 00:00:00,0.7451949999999999
2013-02-20 00:00:00,0.7453270000000001
2013-02-21 00:00:00,0.7481979999999999
2013-02-22 00:00:00,0.75045
2013-02-25 00:00:00,0.750807
2013-02-26 00:00:00,0.751501
2013-02-27 00:00:00,0.752261
2013-02-28 00:00:00,0.751039
2013-03-01 00:00:00,0.757069
2013-03-04 00:00:00,0.758104
2013-03-05 00:00:00,0.755564
2013-03-06 00:00:00,0.756073
2013-03-07 00:00:00,0.759973
2013-03-08 00:00:00,0.756848
2013-03-11 00:00:00,0.762878
2013-03-12 00:00:00,0.759337
2013-03-13 00:00:00,0.759888
2013-03-14 00:00:00,0.7631020000000001
2013-03-15 00:00:00,0.758135
2013-03-18 00:00:00,0.755655
2013-03-19 00:00:00,0.758306
2013-03-20 00:00:00,0.7573770000000001
2013-03-21 00:00:00,0.755167
2013-03-22 00:00:00,0.757627
2013-03-25 00:00:00,0.752908
2013-03-26 00:00:00,0.762307
2013-03-27 00:00:00,0.764165
2013-03-28 00:00:00,0.767912
2013-03-29 00:00:00,0.765208
2013-03-31 00:00:00,0.765571
2013-04-01 00:00:00,0.7638229999999999
2013-04-02 00:00:00,0.765796
2013-04-03 00:00:00,0.7628520000000001
2013-04-04 00:00:00,0.7583489999999999
2013-04-07 00:00:00,0.753394
2013-04-08 00:00:00,0.752618
2013-04-09 00:00:00,0.752413
2013-04-10 00:00:00,0.753826
2013-04-11 00:00:00,0.7522399999999999
2013-04-14 00:00:00,0.750376
2013-04-15 00:00:00,0.750987
2013-04-16 00:00:00,0.747386
2013-04-17 00:00:00,0.7547550000000001
2013-04-18 00:00:00,0.754373
2013-04-21 00:00:00,0.754336
2013-04-22 00:00:00,0.753206
2013-04-23 00:00:00,0.761659
2013-04-24 00:00:00,0.7628159999999999
2013-04-25 00:00:00,0.763063
2013-04-28 00:00:00,0.7620680000000001
2013-04-29 00:00:00,0.7596470000000001
2013-04-30 00:00:00,0.7547689999999999
2013-05-01 00:00:00,0.751346
2013-05-02 00:00:00,0.757026
2013-05-05 00:00:00,0.758783
2013-05-06 00:00:00,0.76237
2013-05-07 00:00:00,0.763265
2013-05-08 00:00:00,0.76227
2013-05-09 00:00:00,0.769672
2013-05-12 00:00:00,0.77327
2013-05-13 00:00:00,0.771017
2013-05-14 00:00:00,0.7763720000000001
2013-05-15 00:00:00,0.774949
2013-05-16 00:00:00,0.7711859999999999
2013-05-19 00:00:00,0.77212
2013-05-20 00:00:00,0.7709550000000001
2013-05-21 00:00:00,0.770166
2013-05-22 00:00:00,0.772857
2013-05-23 00:00:00,0.766835
2013-05-26 00:00:00,0.7604770000000001
2013-05-27 00:00:00,0.763642
2013-05-28 00:00:00,0.769516
2013-05-29 00:00:00,0.759488
2013-05-30 00:00:00,0.757386
2013-06-02 00:00:00,0.7585970000000001
2013-06-03 00:00:00,0.756517
2013-06-04 00:00:00,0.756039
2013-06-05 00:00:00,0.753741
2013-06-06 00:00:00,0.748548
2013-06-09 00:00:00,0.74849
2013-06-10 00:00:00,0.7420859999999999
2013-06-11 00:00:00,0.737711
2013-06-12 00:00:00,0.7334229999999999
2013-06-13 00:00:00,0.738437
2013-06-16 00:00:00,0.737478
2013-06-17 00:00:00,0.734965
2013-06-18 00:00:00,0.729089
2013-06-19 00:00:00,0.732394
2013-06-20 00:00:00,0.727488
2013-06-23 00:00:00,0.735008
2013-06-24 00:00:00,0.731408
2013-06-25 00:00:00,0.738945
2013-06-26 00:00:00,0.740021
2013-06-27 00:00:00,0.745923
2013-06-30 00:00:00,0.744754
2013-07-01 00:00:00,0.747834
2013-07-02 00:00:00,0.747786
2013-07-03 00:00:00,0.743621
2013-07-04 00:00:00,0.750903
2013-07-07 00:00:00,0.753564
2013-07-08 00:00:00,0.753513
2013-07-09 00:00:00,0.761524
2013-07-10 00:00:00,0.747019
2013-07-11 00:00:00,0.752202
2013-07-14 00:00:00,0.750371
2013-07-15 00:00:00,0.751325
2013-07-16 00:00:00,0.74692
2013-07-17 00:00:00,0.746965
2013-07-18 00:00:00,0.745699
2013-07-21 00:00:00,0.743738
2013-07-22 00:00:00,0.743002
2013-07-23 00:00:00,0.739955
2013-07-24 00:00:00,0.738823
2013-07-25 00:00:00,0.735166
2013-07-28 00:00:00,0.7348210000000001
2013-07-29 00:00:00,0.734442
2013-07-30 00:00:00,0.73195
2013-07-31 00:00:00,0.7286630000000001
2013-08-01 00:00:00,0.734046
2013-08-04 00:00:00,0.7312270000000001
2013-08-05 00:00:00,0.731378
2013-08-06 00:00:00,0.73029
2013-08-07 00:00:00,0.727425
2013-08-08 00:00:00,0.730424
2013-08-11 00:00:00,0.733061
2013-08-12 00:00:00,0.73312
2013-08-13 00:00:00,0.7362810000000001
2013-08-14 00:00:00,0.735919
2013-08-15 00:00:00,0.729575
2013-08-18 00:00:00,0.7298680000000001
2013-08-19 00:00:00,0.723325
2013-08-20 00:00:00,0.718932
2013-08-21 00:00:00,0.718807
2013-08-22 00:00:00,0.720845
2013-08-25 00:00:00,0.720333
2013-08-26 00:00:00,0.719599
2013-08-27 00:00:00,0.71403
2013-08-28 00:00:00,0.72255
2013-08-29 00:00:00,0.730088
2013-09-01 00:00:00,0.731654
2013-09-02 00:00:00,0.73395
2013-09-03 00:00:00,0.732849
2013-09-04 00:00:00,0.734153
2013-09-05 00:00:00,0.7378979999999999
2013-09-08 00:00:00,0.736174
2013-09-09 00:00:00,0.7349359999999999
2013-09-10 00:00:00,0.73746
2013-09-11 00:00:00,0.7350770000000001
2013-09-12 00:00:00,0.73438
2013-09-15 00:00:00,0.732202
2013-09-16 00:00:00,0.734689
2013-09-17 00:00:00,0.735142
2013-09-18 00:00:00,0.73261
2013-09-19 00:00:00,0.730638
2013-09-22 00:00:00,0.728113
2013-09-23 00:00:00,0.7279
2013-09-24 00:00:00,0.727925
2013-09-25 00:00:00,0.725708
2013-09-26 00:00:00,0.725087
2013-09-29 00:00:00,0.7201270000000001
2013-09-30 00:00:00,0.721245
2013-10-01 00:00:00,0.723882
2013-10-02 00:00:00,0.7225560000000001
2013-10-03 00:00:00,0.719777
2013-10-06 00:00:00,0.726128
2013-10-08 00:00:00,0.722325
2013-10-09 00:00:00,0.728475
2013-10-10 00:00:00,0.729278
2013-10-13 00:00:00,0.7296100000000001
2013-10-14 00:00:00,0.732593
2013-10-15 00:00:00,0.735035
2013-10-16 00:00:00,0.734781
2013-10-17 00:00:00,0.728688
2013-10-20 00:00:00,0.728263
2013-10-21 00:00:00,0.726221
2013-10-22 00:00:00,0.7243029999999999
2013-10-23 00:00:00,0.720611
2013-10-24 00:00:00,0.721063
2013-10-28 00:00:00,0.72238
2013-10-29 00:00:00,0.723499
2013-10-30 00:00:00,0.7246020000000001
2013-10-31 00:00:00,0.726072
2013-11-01 00:00:00,0.730897
2013-11-04 00:00:00,0.7339829999999999
2013-11-05 00:00:00,0.732324
2013-11-06 00:00:00,0.734744
2013-11-07 00:00:00,0.7338060000000001
2013-11-08 00:00:00,0.736503
2013-11-11 00:00:00,0.7396689999999999
2013-11-12 00:00:00,0.736286
2013-11-13 00:00:00,0.7344189999999999
2013-11-14 00:00:00,0.7335229999999999
2013-11-15 00:00:00,0.736139
2013-11-18 00:00:00,0.73451
2013-11-19 00:00:00,0.7322850000000001
2013-11-20 00:00:00,0.731344
2013-11-21 00:00:00,0.735626
2013-11-22 00:00:00,0.731106
2013-11-25 00:00:00,0.725612
2013-11-26 00:00:00,0.7288060000000001
2013-11-27 00:00:00,0.724796
2013-11-28 00:00:00,0.723707
2013-11-29 00:00:00,0.721485
2013-12-02 00:00:00,0.7224109999999999
2013-12-03 00:00:00,0.7235090000000001
2013-12-04 00:00:00,0.7216279999999999
2013-12-05 00:00:00,0.7193350000000001
2013-12-06 00:00:00,0.7153689999999999
2013-12-09 00:00:00,0.7133970000000001
2013-12-10 00:00:00,0.712593
2013-12-11 00:00:00,0.710367
2013-12-12 00:00:00,0.708408
2013-12-13 00:00:00,0.707769
2013-12-16 00:00:00,0.7087319999999999
2013-12-17 00:00:00,0.7065819999999999
2013-12-18 00:00:00,0.7037770000000001
2013-12-19 00:00:00,0.708763
2013-12-20 00:00:00,0.7095520000000001
2013-12-23 00:00:00,0.707144
2013-12-24 00:00:00,0.705149
2013-12-25 00:00:00,0.706467
2013-12-26 00:00:00,0.707263
2013-12-27 00:00:00,0.7061529999999999
2013-12-30 00:00:00,0.70221
2013-12-31 00:00:00,0.700248
2014-01-01 00:00:00,0.707188
2014-01-02 00:00:00,0.705295
2014-01-03 00:00:00,0.709689
2014-01-06 00:00:00,0.71462
2014-01-07 00:00:00,0.713183
2014-01-08 00:00:00,0.715217
2014-01-09 00:00:00,0.715924
2014-01-10 00:00:00,0.7137020000000001
2014-01-13 00:00:00,0.7139409999999999
2014-01-14 00:00:00,0.710667
2014-01-15 00:00:00,0.711741
2014-01-16 00:00:00,0.714275
2014-01-17 00:00:00,0.711389
2014-01-20 00:00:00,0.714689
2014-01-21 00:00:00,0.713583
2014-01-22 00:00:00,0.7121569999999999
2014-01-23 00:00:00,0.713106
2014-01-24 00:00:00,0.702044
2014-01-27 00:00:00,0.698969
2014-01-28 00:00:00,0.7024560000000001
2014-01-29 00:00:00,0.706336
2014-01-30 00:00:00,0.70129
2014-01-31 00:00:00,0.708058
2014-02-03 00:00:00,0.709726
2014-02-04 00:00:00,0.706797
2014-02-05 00:00:00,0.712709
2014-02-06 00:00:00,0.7129340000000001
2014-02-07 00:00:00,0.710203
2014-02-10 00:00:00,0.708771
2014-02-11 00:00:00,0.705829
2014-02-12 00:00:00,0.708824
2014-02-13 00:00:00,0.711677
2014-02-14 00:00:00,0.706385
2014-02-17 00:00:00,0.708525
2014-02-18 00:00:00,0.708227
2014-02-19 00:00:00,0.7037770000000001
2014-02-20 00:00:00,0.7032970000000001
2014-02-21 00:00:00,0.703451
2014-02-24 00:00:00,0.700283
2014-02-25 00:00:00,0.703828
2014-02-26 00:00:00,0.701513
2014-02-27 00:00:00,0.7034090000000001
2014-02-28 00:00:00,0.70253
2014-03-03 00:00:00,0.6930569999999999
2014-03-04 00:00:00,0.695159
2014-03-05 00:00:00,0.699234
2014-03-06 00:00:00,0.69914
2014-03-07 00:00:00,0.696896
2014-03-10 00:00:00,0.692048
2014-03-11 00:00:00,0.6921579999999999
2014-03-12 00:00:00,0.692234
2014-03-13 00:00:00,0.6899109999999999
2014-03-14 00:00:00,0.690686
2014-03-17 00:00:00,0.689351
2014-03-18 00:00:00,0.690705
2014-03-19 00:00:00,0.691064
2014-03-20 00:00:00,0.692355
2014-03-21 00:00:00,0.691534
2014-03-24 00:00:00,0.692627
2014-03-25 00:00:00,0.69295
2014-03-26 00:00:00,0.696508
2014-03-27 00:00:00,0.698555
2014-03-28 00:00:00,0.7017899999999999
2014-03-30 00:00:00,0.7042010000000001
2014-03-31 00:00:00,0.7026439999999999
2014-04-01 00:00:00,0.7011310000000001
2014-04-02 00:00:00,0.702604
2014-04-03 00:00:00,0.705421
2014-04-06 00:00:00,0.7082649999999999
2014-04-07 00:00:00,0.704756
2014-04-08 00:00:00,0.706113
2014-04-09 00:00:00,0.705758
2014-04-10 00:00:00,0.701047
2014-04-13 00:00:00,0.702363
2014-04-14 00:00:00,0.702446
2014-04-15 00:00:00,0.702611
2014-04-16 00:00:00,0.705104
2014-04-17 00:00:00,0.7047680000000001
2014-04-20 00:00:00,0.705182
2014-04-21 00:00:00,0.7067260000000001
2014-04-22 00:00:00,0.704547
2014-04-23 00:00:00,0.703795
2014-04-24 00:00:00,0.701137
2014-04-27 00:00:00,0.7010770000000001
2014-04-28 00:00:00,0.700595
2014-04-29 00:00:00,0.7035819999999999
2014-04-30 00:00:00,0.7023590000000001
2014-05-01 00:00:00,0.7016680000000001
2014-05-04 00:00:00,0.701395
2014-05-05 00:00:00,0.702475
2014-05-06 00:00:00,0.7010069999999999
2014-05-07 00:00:00,0.70119
2014-05-08 00:00:00,0.705579
2014-05-11 00:00:00,0.7096720000000001
2014-05-12 00:00:00,0.709916
2014-05-13 00:00:00,0.710691
2014-05-14 00:00:00,0.711453
2014-05-15 00:00:00,0.711217
2014-05-18 00:00:00,0.713437
2014-05-19 00:00:00,0.713304
2014-05-20 00:00:00,0.711613
2014-05-21 00:00:00,0.7138180000000001
2014-05-22 00:00:00,0.714541
2014-05-25 00:00:00,0.714846
2014-05-26 00:00:00,0.714066
2014-05-27 00:00:00,0.713677
2014-05-28 00:00:00,0.715336
2014-05-29 00:00:00,0.71608
2014-06-01 00:00:00,0.713908
2014-06-02 00:00:00,0.7148100000000001
2014-06-03 00:00:00,0.713621
2014-06-04 00:00:00,0.7129800000000001
2014-06-05 00:00:00,0.7116939999999999
2014-06-08 00:00:00,0.71377
2014-06-09 00:00:00,0.717493
2014-06-10 00:00:00,0.719813
2014-06-11 00:00:00,0.71945
2014-06-12 00:00:00,0.719655
2014-06-15 00:00:00,0.71978
2014-06-16 00:00:00,0.7173189999999999
2014-06-17 00:00:00,0.7175060000000001
2014-06-18 00:00:00,0.7176319999999999
2014-06-19 00:00:00,0.715441
2014-06-22 00:00:00,0.716762
2014-06-23 00:00:00,0.716494
2014-06-24 00:00:00,0.715434
2014-06-25 00:00:00,0.714635
2014-06-26 00:00:00,0.714845
2014-06-29 00:00:00,0.712965
2014-06-30 00:00:00,0.711256
2014-07-01 00:00:00,0.7126520000000001
2014-07-02 00:00:00,0.712863
2014-07-03 00:00:00,0.716352
2014-07-06 00:00:00,0.718421
2014-07-07 00:00:00,0.7166640000000001
2014-07-08 00:00:00,0.718212
2014-07-09 00:00:00,0.717675
2014-07-10 00:00:00,0.718845
2014-07-13 00:00:00,0.719036
2014-07-14 00:00:00,0.718488
2014-07-15 00:00:00,0.719983
2014-07-16 00:00:00,0.723035
2014-07-17 00:00:00,0.721933
2014-07-20 00:00:00,0.723616
2014-07-21 00:00:00,0.7243350000000001
2014-07-22 00:00:00,0.727798
2014-07-23 00:00:00,0.72917
2014-07-24 00:00:00,0.727707
2014-07-27 00:00:00,0.728865
2014-07-28 00:00:00,0.7280300000000001
2014-07-29 00:00:00,0.729792
2014-07-30 00:00:00,0.730079
2014-07-31 00:00:00,0.728221
2014-08-03 00:00:00,0.726741
2014-08-04 00:00:00,0.727592
2014-08-05 00:00:00,0.728637
2014-08-06 00:00:00,0.727232
2014-08-07 00:00:00,0.725773
2014-08-10 00:00:00,0.724305
2014-08-11 00:00:00,0.725578
2014-08-12 00:00:00,0.725769
2014-08-13 00:00:00,0.72654
2014-08-14 00:00:00,0.727633
2014-08-17 00:00:00,0.725767
2014-08-18 00:00:00,0.728449
2014-08-19 00:00:00,0.7289869999999999
2014-08-20 00:00:00,0.730295
2014-08-21 00:00:00,0.729589
2014-08-24 00:00:00,0.73293
2014-08-25 00:00:00,0.732396
2014-08-26 00:00:00,0.73454
2014-08-27 00:00:00,0.733594
2014-08-28 00:00:00,0.732442
2014-08-31 00:00:00,0.735646
2014-09-01 00:00:00,0.735699
2014-09-02 00:00:00,0.733448
2014-09-03 00:00:00,0.733383
2014-09-04 00:00:00,0.742825
2014-09-07 00:00:00,0.74264
2014-09-08 00:00:00,0.743674
2014-09-09 00:00:00,0.738818
2014-09-10 00:00:00,0.741844
2014-09-11 00:00:00,0.740776
2014-09-14 00:00:00,0.738416
2014-09-15 00:00:00,0.740261
2014-09-16 00:00:00,0.740027
2014-09-17 00:00:00,0.742563
2014-09-18 00:00:00,0.7371479999999999
2014-09-21 00:00:00,0.742454
2014-09-22 00:00:00,0.740641
2014-09-23 00:00:00,0.740799
2014-09-24 00:00:00,0.7459819999999999
2014-09-25 00:00:00,0.745681
2014-09-28 00:00:00,0.746456
2014-09-29 00:00:00,0.7462310000000001
2014-09-30 00:00:00,0.748468
2014-10-01 00:00:00,0.751495
2014-10-02 00:00:00,0.7499100000000001
2014-10-05 00:00:00,0.7551829999999999
2014-10-06 00:00:00,0.7517520000000001
2014-10-07 00:00:00,0.750441
2014-10-08 00:00:00,0.74741
2014-10-09 00:00:00,0.7501439999999999
2014-10-12 00:00:00,0.750204
2014-10-13 00:00:00,0.747311
2014-10-14 00:00:00,0.74838
2014-10-15 00:00:00,0.7397050000000001
2014-10-16 00:00:00,0.739808
2014-10-19 00:00:00,0.743174
2014-10-20 00:00:00,0.742534
2014-10-21 00:00:00,0.7464729999999999
2014-10-22 00:00:00,0.7494270000000001
2014-10-23 00:00:00,0.747525
2014-10-27 00:00:00,0.746059
2014-10-28 00:00:00,0.744704
2014-10-29 00:00:00,0.743843
2014-10-30 00:00:00,0.746854
2014-10-31 00:00:00,0.748503
2014-11-03 00:00:00,0.749468
2014-11-04 00:00:00,0.74769
2014-11-05 00:00:00,0.7446189999999999
2014-11-06 00:00:00,0.7455069999999999
2014-11-07 00:00:00,0.750855
2014-11-10 00:00:00,0.749257
2014-11-11 00:00:00,0.7498279999999999
2014-11-12 00:00:00,0.746671
2014-11-13 00:00:00,0.749252
2014-11-14 00:00:00,0.745595
2014-11-17 00:00:00,0.738729
2014-11-18 00:00:00,0.7430859999999999
2014-11-19 00:00:00,0.7382850000000001
2014-11-20 00:00:00,0.735629
2014-11-21 00:00:00,0.736825
2014-11-24 00:00:00,0.7481899999999999
2014-11-25 00:00:00,0.742071
2014-11-26 00:00:00,0.7415229999999999
2014-11-27 00:00:00,0.740438
2014-11-28 00:00:00,0.7420140000000001
2014-12-01 00:00:00,0.7404890000000001
2014-12-02 00:00:00,0.738694
2014-12-03 00:00:00,0.741459
2014-12-04 00:00:00,0.744785
2014-12-05 00:00:00,0.7399560000000001
2014-12-08 00:00:00,0.739984
2014-12-09 00:00:00,0.740305
2014-12-10 00:00:00,0.737554
2014-12-11 00:00:00,0.73695
2014-12-12 00:00:00,0.737835
2014-12-15 00:00:00,0.73511
2014-12-16 00:00:00,0.735897
2014-12-17 00:00:00,0.736808
2014-12-18 00:00:00,0.741799
2014-12-19 00:00:00,0.745459
2014-12-22 00:00:00,0.748236
2014-12-23 00:00:00,0.746013
2014-12-24 00:00:00,0.74519
2014-12-25 00:00:00,0.746043
2014-12-26 00:00:00,0.744703
2014-12-29 00:00:00,0.746766
2014-12-30 00:00:00,0.747413
2014-12-31 00:00:00,0.748134
2015-01-01 00:00:00,0.750895
2015-01-02 00:00:00,0.7509560000000001
2015-01-05 00:00:00,0.753832
2015-01-06 00:00:00,0.754103
2015-01-07 00:00:00,0.758085
2015-01-08 00:00:00,0.7588199999999999
2015-01-09 00:00:00,0.761213
2015-01-12 00:00:00,0.760075
2015-01-13 00:00:00,0.760247
2015-01-14 00:00:00,0.764547
2015-01-15 00:00:00,0.763907
2015-01-16 00:00:00,0.645483
2015-01-19 00:00:00,0.646849
2015-01-20 00:00:00,0.659848
2015-01-21 00:00:00,0.653331
2015-01-22 00:00:00,0.6443180000000001
2015-01-23 00:00:00,0.650595
2015-01-26 00:00:00,0.6543680000000001
2015-01-27 00:00:00,0.6708649999999999
2015-01-28 00:00:00,0.671395
2015-01-29 00:00:00,0.67004
2015-01-30 00:00:00,0.681964
2015-02-02 00:00:00,0.68142
2015-02-03 00:00:00,0.6857810000000001
2015-02-04 00:00:00,0.68699
2015-02-05 00:00:00,0.686847
2015-02-06 00:00:00,0.685823
2015-02-09 00:00:00,0.684541
2015-02-10 00:00:00,0.6829970000000001
2015-02-11 00:00:00,0.68389
2015-02-12 00:00:00,0.682948
2015-02-13 00:00:00,0.686055
2015-02-16 00:00:00,0.687769
2015-02-17 00:00:00,0.68709
2015-02-18 00:00:00,0.690379
2015-02-19 00:00:00,0.694207
2015-02-20 00:00:00,0.698819
2015-02-23 00:00:00,0.6914140000000001
2015-02-24 00:00:00,0.699284
2015-02-25 00:00:00,0.699993
2015-02-26 00:00:00,0.700762
2015-02-27 00:00:00,0.702192
2015-03-02 00:00:00,0.699408
2015-03-03 00:00:00,0.701771
2015-03-04 00:00:00,0.7054590000000001
2015-03-05 00:00:00,0.704807
2015-03-06 00:00:00,0.710264
2015-03-09 00:00:00,0.714032
2015-03-10 00:00:00,0.714915
2015-03-11 00:00:00,0.718761
2015-03-12 00:00:00,0.727233
2015-03-13 00:00:00,0.726294
2015-03-16 00:00:00,0.723282
2015-03-17 00:00:00,0.725371
2015-03-18 00:00:00,0.724225
2015-03-19 00:00:00,0.7120770000000001
2015-03-20 00:00:00,0.713913
2015-03-23 00:00:00,0.70949
2015-03-24 00:00:00,0.706295
2015-03-25 00:00:00,0.701645
2015-03-26 00:00:00,0.700818
2015-03-27 00:00:00,0.703267
2015-03-29 00:00:00,0.701641
2015-03-30 00:00:00,0.703146
2015-03-31 00:00:00,0.70795
2015-04-01 00:00:00,0.7089449999999999
2015-04-02 00:00:00,0.7074
2015-04-05 00:00:00,0.706126
2015-04-06 00:00:00,0.70626
2015-04-07 00:00:00,0.710068
2015-04-08 00:00:00,0.712505
2015-04-09 00:00:00,0.718873
2015-04-12 00:00:00,0.7158220000000001
2015-04-13 00:00:00,0.712354
2015-04-14 00:00:00,0.715071
2015-04-15 00:00:00,0.711326
2015-04-16 00:00:00,0.707923
2015-04-19 00:00:00,0.708651
2015-04-20 00:00:00,0.708543
2015-04-21 00:00:00,0.7063520000000001
2015-04-22 00:00:00,0.71931
2015-04-23 00:00:00,0.7113659999999999
2015-04-26 00:00:00,0.715549
2015-04-27 00:00:00,0.7197180000000001
2015-04-28 00:00:00,0.725545
2015-04-29 00:00:00,0.711675
2015-04-30 00:00:00,0.704978
2015-05-03 00:00:00,0.701608
2015-05-04 00:00:00,0.700956
2015-05-05 00:00:00,0.696078
2015-05-06 00:00:00,0.692656
2015-05-07 00:00:00,0.691707
2015-05-10 00:00:00,0.700249
2015-05-11 00:00:00,0.699016
2015-05-12 00:00:00,0.6957300000000001
2015-05-13 00:00:00,0.6917
2015-05-14 00:00:00,0.691547
2015-05-17 00:00:00,0.693294
2015-05-18 00:00:00,0.697468
2015-05-19 00:00:00,0.702058
2015-05-20 00:00:00,0.700453
2015-05-21 00:00:00,0.701685
2015-05-24 00:00:00,0.7054560000000001
2015-05-25 00:00:00,0.704603
2015-05-26 00:00:00,0.705501
2015-05-27 00:00:00,0.703022
2015-05-28 00:00:00,0.6994100000000001
2015-05-31 00:00:00,0.697807
2015-06-01 00:00:00,0.697537
2015-06-02 00:00:00,0.692271
2015-06-03 00:00:00,0.695446
2015-06-04 00:00:00,0.6932619999999999
2015-06-07 00:00:00,0.692284
2015-06-08 00:00:00,0.684999
2015-06-09 00:00:00,0.688231
2015-06-10 00:00:00,0.693859
2015-06-11 00:00:00,0.694287
2015-06-14 00:00:00,0.691445
2015-06-15 00:00:00,0.690576
2015-06-16 00:00:00,0.6936680000000001
2015-06-17 00:00:00,0.6891930000000001
2015-06-18 00:00:00,0.690407
2015-06-21 00:00:00,0.688058
2015-06-22 00:00:00,0.689663
2015-06-23 00:00:00,0.696346
2015-06-24 00:00:00,0.695117
2015-06-25 00:00:00,0.69744
2015-06-28 00:00:00,0.694234
2015-06-29 00:00:00,0.68743
2015-06-30 00:00:00,0.693706
2015-07-01 00:00:00,0.701186
2015-07-02 00:00:00,0.6995399999999999
2015-07-05 00:00:00,0.6985210000000001
2015-07-06 00:00:00,0.698555
2015-07-07 00:00:00,0.69896
2015-07-08 00:00:00,0.699993
2015-07-09 00:00:00,0.7023560000000001
2015-07-12 00:00:00,0.695685
2015-07-13 00:00:00,0.699801
2015-07-14 00:00:00,0.694426
2015-07-15 00:00:00,0.6971229999999999
2015-07-16 00:00:00,0.700643
2015-07-19 00:00:00,0.702941
2015-07-20 00:00:00,0.702663
2015-07-21 00:00:00,0.702604
2015-07-22 00:00:00,0.702907
2015-07-23 00:00:00,0.700751
2015-07-26 00:00:00,0.701479
2015-07-27 00:00:00,0.702667
2015-07-28 00:00:00,0.7054
2015-07-29 00:00:00,0.706326
2015-07-30 00:00:00,0.704464
2015-08-02 00:00:00,0.7044729999999999
2015-08-03 00:00:00,0.703645
2015-08-04 00:00:00,0.7077869999999999
2015-08-05 00:00:00,0.7075319999999999
2015-08-06 00:00:00,0.709028
2015-08-09 00:00:00,0.710303
2015-08-10 00:00:00,0.711609
2015-08-11 00:00:00,0.704796
2015-08-12 00:00:00,0.697141
2015-08-13 00:00:00,0.69828
2015-08-16 00:00:00,0.694525
2015-08-17 00:00:00,0.6951890000000001
2015-08-18 00:00:00,0.696134
2015-08-19 00:00:00,0.688811
2015-08-20 00:00:00,0.6835680000000001
2015-08-23 00:00:00,0.6701050000000001
2015-08-24 00:00:00,0.661287
2015-08-25 00:00:00,0.66897
2015-08-26 00:00:00,0.67761
2015-08-27 00:00:00,0.6896869999999999
2015-08-30 00:00:00,0.682096
2015-08-31 00:00:00,0.684531
2015-09-01 00:00:00,0.679271
2015-09-02 00:00:00,0.685264
2015-09-03 00:00:00,0.6877409999999999
2015-09-06 00:00:00,0.6827489999999999
2015-09-07 00:00:00,0.683707
2015-09-08 00:00:00,0.6901470000000001
2015-09-09 00:00:00,0.686487
2015-09-10 00:00:00,0.688796
2015-09-13 00:00:00,0.6863239999999999
2015-09-14 00:00:00,0.688895
2015-09-15 00:00:00,0.694597
2015-09-16 00:00:00,0.6945560000000001
2015-09-17 00:00:00,0.68893
2015-09-20 00:00:00,0.692199
2015-09-22 00:00:00,0.688113
2015-09-23 00:00:00,0.6866399999999999
2015-09-24 00:00:00,0.686537
2015-09-27 00:00:00,0.6869529999999999
2015-09-28 00:00:00,0.681199
2015-09-29 00:00:00,0.6802199999999999
2015-09-30 00:00:00,0.684285
2015-10-01 00:00:00,0.682419
2015-10-04 00:00:00,0.678114
2015-10-05 00:00:00,0.6866979999999999
2015-10-06 00:00:00,0.680926
2015-10-07 00:00:00,0.689492
2015-10-08 00:00:00,0.688422
2015-10-11 00:00:00,0.687175
2015-10-12 00:00:00,0.6872010000000001
2015-10-13 00:00:00,0.684036
2015-10-14 00:00:00,0.688815
2015-10-15 00:00:00,0.689298
2015-10-18 00:00:00,0.688964
2015-10-19 00:00:00,0.68838
2015-10-20 00:00:00,0.687329
2015-10-21 00:00:00,0.688533
2015-10-22 00:00:00,0.6982
2015-10-26 00:00:00,0.700802
2015-10-27 00:00:00,0.705847
2015-10-28 00:00:00,0.706929
2015-10-29 00:00:00,0.708646
2015-10-30 00:00:00,0.7048300000000001
2015-11-02 00:00:00,0.70444
2015-11-03 00:00:00,0.705878
2015-11-04 00:00:00,0.709865
2015-11-05 00:00:00,0.707617
2015-11-06 00:00:00,0.707572
2015-11-09 00:00:00,0.7074550000000001
2015-11-10 00:00:00,0.7053560000000001
2015-11-11 00:00:00,0.707541
2015-11-12 00:00:00,0.707439
2015-11-13 00:00:00,0.7056020000000001
2015-11-16 00:00:00,0.707304
2015-11-17 00:00:00,0.709731
2015-11-18 00:00:00,0.712064
2015-11-19 00:00:00,0.717384
2015-11-20 00:00:00,0.717179
2015-11-23 00:00:00,0.721594
2015-11-24 00:00:00,0.718313
2015-11-25 00:00:00,0.721584
2015-11-26 00:00:00,0.727525
2015-11-27 00:00:00,0.72717
2015-11-30 00:00:00,0.729061
2015-12-01 00:00:00,0.729649
2015-12-02 00:00:00,0.729742
2015-12-03 00:00:00,0.721417
2015-12-04 00:00:00,0.71186
2015-12-07 00:00:00,0.712957
2015-12-08 00:00:00,0.711183
2015-12-09 00:00:00,0.705314
2015-12-10 00:00:00,0.700241
2015-12-11 00:00:00,0.704095
2015-12-14 00:00:00,0.696249
2015-12-15 00:00:00,0.699869
2015-12-16 00:00:00,0.704967
2015-12-17 00:00:00,0.7038
2015-12-18 00:00:00,0.701353
2015-12-21 00:00:00,0.702318
2015-12-22 00:00:00,0.705328
2015-12-23 00:00:00,0.703626
2015-12-24 00:00:00,0.705268
2015-12-25 00:00:00,0.702522
2015-12-28 00:00:00,0.70262
2015-12-29 00:00:00,0.7021609999999999
2015-12-30 00:00:00,0.702743
2015-12-31 00:00:00,0.698465
2016-01-01 00:00:00,0.705541
2016-01-04 00:00:00,0.7046180000000001
2016-01-05 00:00:00,0.7029489999999999
2016-01-06 00:00:00,0.707188
2016-01-07 00:00:00,0.701579
2016-01-08 00:00:00,0.693489
2016-01-11 00:00:00,0.687278
2016-01-12 00:00:00,0.6980890000000001
2016-01-13 00:00:00,0.6978979999999999
2016-01-14 00:00:00,0.699417
2016-01-15 00:00:00,0.699747
2016-01-18 00:00:00,0.695746
2016-01-19 00:00:00,0.698688
2016-01-20 00:00:00,0.69816
2016-01-21 00:00:00,0.699809
2016-01-22 00:00:00,0.703227
2016-01-25 00:00:00,0.711011
2016-01-26 00:00:00,0.707457
2016-01-27 00:00:00,0.713097
2016-01-28 00:00:00,0.708063
2016-01-29 00:00:00,0.710262
2016-02-01 00:00:00,0.719255
2016-02-02 00:00:00,0.716328
2016-02-03 00:00:00,0.7124699999999999
2016-02-04 00:00:00,0.709551
2016-02-05 00:00:00,0.711149
2016-02-08 00:00:00,0.705429
2016-02-09 00:00:00,0.701673
2016-02-10 00:00:00,0.6961970000000001
2016-02-11 00:00:00,0.699779
2016-02-12 00:00:00,0.6996829999999999
2016-02-15 00:00:00,0.700405
2016-02-16 00:00:00,0.704781
2016-02-17 00:00:00,0.703326
2016-02-18 00:00:00,0.706667
2016-02-19 00:00:00,0.707566
2016-02-22 00:00:00,0.704326
2016-02-23 00:00:00,0.7141890000000001
2016-02-24 00:00:00,0.70381
2016-02-25 00:00:00,0.704241
2016-02-26 00:00:00,0.706729
2016-02-29 00:00:00,0.707471
2016-03-01 00:00:00,0.71037
2016-03-02 00:00:00,0.711374
2016-03-03 00:00:00,0.712371
2016-03-04 00:00:00,0.714306
2016-03-07 00:00:00,0.722028
2016-03-08 00:00:00,0.7215189999999999
2016-03-09 00:00:00,0.719051
2016-03-10 00:00:00,0.722302
2016-03-11 00:00:00,0.7131529999999999
2016-03-14 00:00:00,0.715445
2016-03-15 00:00:00,0.717129
2016-03-16 00:00:00,0.714596
2016-03-17 00:00:00,0.7156560000000001
2016-03-18 00:00:00,0.715819
2016-03-21 00:00:00,0.713829
2016-03-22 00:00:00,0.713318
2016-03-23 00:00:00,0.715136
2016-03-24 00:00:00,0.713398
2016-03-25 00:00:00,0.713063
2016-03-27 00:00:00,0.712849
2016-03-28 00:00:00,0.71143
2016-03-29 00:00:00,0.7135
2016-03-30 00:00:00,0.714196
2016-03-31 00:00:00,0.712765
2016-04-03 00:00:00,0.710701
2016-04-04 00:00:00,0.708805
2016-04-05 00:00:00,0.705687
2016-04-06 00:00:00,0.709857
2016-04-07 00:00:00,0.706704
2016-04-10 00:00:00,0.70727
2016-04-11 00:00:00,0.709956
2016-04-12 00:00:00,0.711037
2016-04-13 00:00:00,0.715767
2016-04-14 00:00:00,0.709221
2016-04-17 00:00:00,0.709821
2016-04-18 00:00:00,0.714508
2016-04-19 00:00:00,0.718587
2016-04-20 00:00:00,0.722753
2016-04-21 00:00:00,0.7222529999999999
2016-04-24 00:00:00,0.72242
2016-04-25 00:00:00,0.721064
2016-04-26 00:00:00,0.720513
2016-04-27 00:00:00,0.720038
2016-04-28 00:00:00,0.718722
2016-05-01 00:00:00,0.713478
2016-05-02 00:00:00,0.7121930000000001
2016-05-03 00:00:00,0.705808
2016-05-04 00:00:00,0.704929
2016-05-05 00:00:00,0.712665
2016-05-08 00:00:00,0.714349
2016-05-09 00:00:00,0.707883
2016-05-10 00:00:00,0.7127720000000001
2016-05-11 00:00:00,0.7100479999999999
2016-05-12 00:00:00,0.707094
2016-05-15 00:00:00,0.710699
2016-05-16 00:00:00,0.714187
2016-05-17 00:00:00,0.715062
2016-05-18 00:00:00,0.714968
2016-05-19 00:00:00,0.718025
2016-05-22 00:00:00,0.7176239999999999
2016-05-23 00:00:00,0.717928
2016-05-24 00:00:00,0.718763
2016-05-25 00:00:00,0.71896
2016-05-26 00:00:00,0.720188
2016-05-29 00:00:00,0.72077
2016-05-30 00:00:00,0.718734
2016-05-31 00:00:00,0.720966
2016-06-01 00:00:00,0.717729
2016-06-02 00:00:00,0.720007
2016-06-05 00:00:00,0.718591
2016-06-06 00:00:00,0.715854
2016-06-07 00:00:00,0.714106
2016-06-08 00:00:00,0.7118399999999999
2016-06-09 00:00:00,0.7122430000000001
2016-06-12 00:00:00,0.708597
2016-06-13 00:00:00,0.709816
2016-06-14 00:00:00,0.710603
2016-06-15 00:00:00,0.711377
2016-06-16 00:00:00,0.716485
2016-06-19 00:00:00,0.713553
2016-06-20 00:00:00,0.715919
2016-06-21 00:00:00,0.7164189999999999
2016-06-22 00:00:00,0.7174470000000001
2016-06-23 00:00:00,0.715747
2016-06-26 00:00:00,0.716691
2016-06-27 00:00:00,0.718534
2016-06-28 00:00:00,0.724853
2016-06-29 00:00:00,0.7272489999999999
2016-06-30 00:00:00,0.724676
2016-07-03 00:00:00,0.724106
2016-07-04 00:00:00,0.721056
2016-07-05 00:00:00,0.722159
2016-07-06 00:00:00,0.721956
2016-07-07 00:00:00,0.7252149999999999
2016-07-10 00:00:00,0.7303229999999999
2016-07-11 00:00:00,0.727263
2016-07-12 00:00:00,0.734296
2016-07-13 00:00:00,0.730453
2016-07-14 00:00:00,0.730387
2016-07-17 00:00:00,0.730304
2016-07-18 00:00:00,0.728581
2016-07-19 00:00:00,0.728271
2016-07-20 00:00:00,0.726821
2016-07-21 00:00:00,0.727382
2016-07-24 00:00:00,0.7271989999999999
2016-07-25 00:00:00,0.7237819999999999
2016-07-26 00:00:00,0.730508
2016-07-27 00:00:00,0.729949
2016-07-28 00:00:00,0.724113
2016-07-31 00:00:00,0.7222770000000001
2016-08-01 00:00:00,0.72121
2016-08-02 00:00:00,0.719721
2016-08-03 00:00:00,0.724979
2016-08-04 00:00:00,0.725754
2016-08-07 00:00:00,0.72751
2016-08-08 00:00:00,0.7299899999999999
2016-08-09 00:00:00,0.730042
2016-08-10 00:00:00,0.7266090000000001
2016-08-11 00:00:00,0.725631
2016-08-14 00:00:00,0.724355
2016-08-15 00:00:00,0.724467
2016-08-16 00:00:00,0.718054
2016-08-17 00:00:00,0.717026
2016-08-18 00:00:00,0.712484
2016-08-21 00:00:00,0.7129300000000001
2016-08-22 00:00:00,0.712616
2016-08-23 00:00:00,0.713041
2016-08-24 00:00:00,0.713932
2016-08-25 00:00:00,0.7150810000000001
2016-08-28 00:00:00,0.718641
2016-08-29 00:00:00,0.719586
2016-08-30 00:00:00,0.7211420000000001
2016-08-31 00:00:00,0.7222569999999999
2016-09-01 00:00:00,0.7205699999999999
2016-09-04 00:00:00,0.720482
2016-09-05 00:00:00,0.7222
2016-09-06 00:00:00,0.721251
2016-09-07 00:00:00,0.719906
2016-09-08 00:00:00,0.719742
2016-09-11 00:00:00,0.716869
2016-09-12 00:00:00,0.716568
2016-09-13 00:00:00,0.714627
2016-09-14 00:00:00,0.714132
2016-09-15 00:00:00,0.7135100000000001
2016-09-18 00:00:00,0.716417
2016-09-19 00:00:00,0.719692
2016-09-20 00:00:00,0.71943
2016-09-21 00:00:00,0.719015
2016-09-22 00:00:00,0.714581
2016-09-25 00:00:00,0.7131569999999999
2016-09-26 00:00:00,0.7123729999999999
2016-09-27 00:00:00,0.713943
2016-09-28 00:00:00,0.714496
2016-09-29 00:00:00,0.707963
2016-10-02 00:00:00,0.712478
2016-10-03 00:00:00,0.7134149999999999
2016-10-04 00:00:00,0.713648
2016-10-05 00:00:00,0.7116239999999999
2016-10-06 00:00:00,0.7141890000000001
2016-10-09 00:00:00,0.712275
2016-10-10 00:00:00,0.714395
2016-10-11 00:00:00,0.7173039999999999
2016-10-12 00:00:00,0.715328
2016-10-13 00:00:00,0.714129
2016-10-16 00:00:00,0.711802
2016-10-17 00:00:00,0.712095
2016-10-18 00:00:00,0.714391
2016-10-19 00:00:00,0.713812
2016-10-20 00:00:00,0.713597
2016-10-23 00:00:00,0.713314
2016-10-24 00:00:00,0.713138
2016-10-25 00:00:00,0.716615
2016-10-26 00:00:00,0.714173
2016-10-27 00:00:00,0.7126170000000001
2016-10-31 00:00:00,0.709959
2016-11-01 00:00:00,0.711041
2016-11-02 00:00:00,0.7021970000000001
2016-11-03 00:00:00,0.702916
2016-11-04 00:00:00,0.7037640000000001
2016-11-07 00:00:00,0.703023
2016-11-08 00:00:00,0.7011229999999999
2016-11-09 00:00:00,0.705978
2016-11-10 00:00:00,0.703811
2016-11-11 00:00:00,0.699741
2016-11-14 00:00:00,0.699869
2016-11-15 00:00:00,0.705267
2016-11-16 00:00:00,0.708011
2016-11-17 00:00:00,0.707932
2016-11-18 00:00:00,0.707596
2016-11-21 00:00:00,0.708346
2016-11-22 00:00:00,0.708654
2016-11-23 00:00:00,0.710296
2016-11-24 00:00:00,0.710318
2016-11-25 00:00:00,0.710214
2016-11-28 00:00:00,0.710292
2016-11-29 00:00:00,0.711432
2016-11-30 00:00:00,0.710046
2016-12-01 00:00:00,0.709086
2016-12-02 00:00:00,0.709062
2016-12-05 00:00:00,0.711883
2016-12-06 00:00:00,0.7096600000000001
2016-12-07 00:00:00,0.711083
2016-12-08 00:00:00,0.710655
2016-12-09 00:00:00,0.714058
2016-12-12 00:00:00,0.7109810000000001
2016-12-13 00:00:00,0.711542
2016-12-14 00:00:00,0.7102930000000001
2016-12-15 00:00:00,0.7106439999999999
2016-12-16 00:00:00,0.713689
2016-12-19 00:00:00,0.710913
2016-12-20 00:00:00,0.709427
2016-12-21 00:00:00,0.712425
2016-12-22 00:00:00,0.710425
2016-12-23 00:00:00,0.707425
2016-12-26 00:00:00,0.70922
2016-12-27 00:00:00,0.709357
2016-12-28 00:00:00,0.709012
2016-12-29 00:00:00,0.7088899999999999
2016-12-30 00:00:00,0.703296
2017-01-02 00:00:00,0.704006
2017-01-03 00:00:00,0.705705
2017-01-04 00:00:00,0.708266
2017-01-05 00:00:00,0.7091649999999999
2017-01-06 00:00:00,0.706908
2017-01-09 00:00:00,0.707047
2017-01-10 00:00:00,0.706742
2017-01-11 00:00:00,0.707577
2017-01-12 00:00:00,0.710489
2017-01-13 00:00:00,0.7086439999999999
2017-01-16 00:00:00,0.707208
2017-01-17 00:00:00,0.707226
2017-01-18 00:00:00,0.70719
2017-01-19 00:00:00,0.70511
2017-01-20 00:00:00,0.706097
2017-01-23 00:00:00,0.704623
2017-01-24 00:00:00,0.703434
2017-01-25 00:00:00,0.7044729999999999
2017-01-26 00:00:00,0.7069449999999999
2017-01-27 00:00:00,0.70102
2017-01-30 00:00:00,0.698259
2017-01-31 00:00:00,0.70015
2017-02-01 00:00:00,0.701642
2017-02-02 00:00:00,0.702803
2017-02-03 00:00:00,0.702903
2017-02-06 00:00:00,0.704769
2017-02-07 00:00:00,0.702995
2017-02-08 00:00:00,0.703469
2017-02-09 00:00:00,0.702643
2017-02-10 00:00:00,0.704348
2017-02-13 00:00:00,0.705719
2017-02-14 00:00:00,0.706562
2017-02-15 00:00:00,0.708589
2017-02-16 00:00:00,0.7084590000000001
2017-02-17 00:00:00,0.704022
2017-02-20 00:00:00,0.706346
2017-02-21 00:00:00,0.707149
2017-02-22 00:00:00,0.710544
2017-02-23 00:00:00,0.714902
2017-02-24 00:00:00,0.71462
2017-02-27 00:00:00,0.717705
2017-02-28 00:00:00,0.718341
2017-03-01 00:00:00,0.715939
2017-03-02 00:00:00,0.715568
2017-03-03 00:00:00,0.717336
2017-03-06 00:00:00,0.71523
2017-03-07 00:00:00,0.716598
2017-03-08 00:00:00,0.7182729999999999
2017-03-09 00:00:00,0.7158800000000001
2017-03-10 00:00:00,0.712327
2017-03-13 00:00:00,0.714766
2017-03-14 00:00:00,0.711677
2017-03-15 00:00:00,0.713465
2017-03-16 00:00:00,0.713425
2017-03-17 00:00:00,0.710804
2017-03-20 00:00:00,0.711595
2017-03-21 00:00:00,0.7147819999999999
2017-03-22 00:00:00,0.7094229999999999
2017-03-23 00:00:00,0.7089260000000001
2017-03-24 00:00:00,0.70963
2017-03-26 00:00:00,0.707909
2017-03-27 00:00:00,0.707025
2017-03-28 00:00:00,0.7099880000000001
2017-03-29 00:00:00,0.7146640000000001
2017-03-30 00:00:00,0.7160270000000001
2017-04-02 00:00:00,0.7173430000000001
2017-04-03 00:00:00,0.717274
2017-04-04 00:00:00,0.7166060000000001
2017-04-05 00:00:00,0.716673
2017-04-06 00:00:00,0.716983
2017-04-09 00:00:00,0.7180479999999999
2017-04-10 00:00:00,0.717479
2017-04-11 00:00:00,0.717642
2017-04-12 00:00:00,0.718321
2017-04-13 00:00:00,0.719105
2017-04-16 00:00:00,0.7201029999999999
2017-04-17 00:00:00,0.718356
2017-04-18 00:00:00,0.713884
2017-04-19 00:00:00,0.71377
2017-04-20 00:00:00,0.7141270000000001
2017-04-23 00:00:00,0.712809
2017-04-24 00:00:00,0.714805
2017-04-25 00:00:00,0.712616
2017-04-26 00:00:00,0.711777
2017-04-27 00:00:00,0.711942
2017-04-30 00:00:00,0.711737
2017-05-01 00:00:00,0.713134
2017-05-02 00:00:00,0.7114
2017-05-03 00:00:00,0.711536
2017-05-04 00:00:00,0.704415
2017-05-07 00:00:00,0.703842
2017-05-08 00:00:00,0.71019
2017-05-09 00:00:00,0.7139409999999999
2017-05-10 00:00:00,0.714842
2017-05-11 00:00:00,0.715933
2017-05-14 00:00:00,0.7130029999999999
2017-05-15 00:00:00,0.71262
2017-05-16 00:00:00,0.705745
2017-05-17 00:00:00,0.703824
2017-05-18 00:00:00,0.703347
2017-05-21 00:00:00,0.701819
2017-05-22 00:00:00,0.702071
2017-05-23 00:00:00,0.701872
2017-05-24 00:00:00,0.702629
2017-05-25 00:00:00,0.702022
2017-05-28 00:00:00,0.705066
2017-05-29 00:00:00,0.7059880000000001
2017-05-30 00:00:00,0.7042729999999999
2017-05-31 00:00:00,0.699612
2017-06-01 00:00:00,0.700437
2017-06-04 00:00:00,0.6968270000000001
2017-06-05 00:00:00,0.69882
2017-06-06 00:00:00,0.697655
2017-06-07 00:00:00,0.6977800000000001
2017-06-08 00:00:00,0.700868
2017-06-11 00:00:00,0.700246
2017-06-12 00:00:00,0.699939
2017-06-13 00:00:00,0.70122
2017-06-14 00:00:00,0.706121
2017-06-15 00:00:00,0.704853
2017-06-18 00:00:00,0.7035359999999999
2017-06-19 00:00:00,0.703516
2017-06-20 00:00:00,0.7017979999999999
2017-06-21 00:00:00,0.700204
2017-06-22 00:00:00,0.699239
2017-06-25 00:00:00,0.698731
2017-06-26 00:00:00,0.700627
2017-06-27 00:00:00,0.692729
2017-06-28 00:00:00,0.694137
2017-06-29 00:00:00,0.69305
2017-07-02 00:00:00,0.696678
2017-07-03 00:00:00,0.696978
2017-07-04 00:00:00,0.697732
2017-07-05 00:00:00,0.698129
2017-07-06 00:00:00,0.694498
2017-07-09 00:00:00,0.697091
2017-07-11 00:00:00,0.697227
2017-07-12 00:00:00,0.700558
2017-07-13 00:00:00,0.704151
2017-07-16 00:00:00,0.70308
2017-07-17 00:00:00,0.7026720000000001
2017-07-18 00:00:00,0.698902
2017-07-19 00:00:00,0.697662
2017-07-20 00:00:00,0.696155
2017-07-23 00:00:00,0.693735
2017-07-24 00:00:00,0.6952729999999999
2017-07-25 00:00:00,0.699244
2017-07-26 00:00:00,0.7015279999999999
2017-07-27 00:00:00,0.709529
2017-07-30 00:00:00,0.714206
2017-07-31 00:00:00,0.713611
2017-08-01 00:00:00,0.7102890000000001
2017-08-02 00:00:00,0.713359
2017-08-03 00:00:00,0.712929
2017-08-06 00:00:00,0.714842
2017-08-07 00:00:00,0.714623
2017-08-08 00:00:00,0.7138140000000001
2017-08-09 00:00:00,0.707059
2017-08-10 00:00:00,0.7051470000000001
2017-08-13 00:00:00,0.7077760000000001
2017-08-14 00:00:00,0.713252
2017-08-15 00:00:00,0.711338
2017-08-16 00:00:00,0.7081649999999999
2017-08-17 00:00:00,0.704009
2017-08-20 00:00:00,0.707989
2017-08-21 00:00:00,0.707074
2017-08-22 00:00:00,0.710881
2017-08-23 00:00:00,0.7094590000000001
2017-08-24 00:00:00,0.7088270000000001
2017-08-27 00:00:00,0.704498
2017-08-28 00:00:00,0.702765
2017-08-29 00:00:00,0.705233
2017-08-30 00:00:00,0.709908
2017-08-31 00:00:00,0.707626
2017-09-03 00:00:00,0.707919
2017-09-04 00:00:00,0.706553
2017-09-05 00:00:00,0.704755
2017-09-06 00:00:00,0.707964
2017-09-07 00:00:00,0.7088869999999999
2017-09-10 00:00:00,0.705825
2017-09-11 00:00:00,0.7102310000000001
2017-09-12 00:00:00,0.712705
2017-09-13 00:00:00,0.713769
2017-09-14 00:00:00,0.714279
2017-09-17 00:00:00,0.713629
2017-09-18 00:00:00,0.713577
2017-09-19 00:00:00,0.714677
2017-09-20 00:00:00,0.71924
2017-09-21 00:00:00,0.718869
2017-09-24 00:00:00,0.72046
2017-09-25 00:00:00,0.71546
2017-09-26 00:00:00,0.7149340000000001
2017-09-27 00:00:00,0.7149270000000001
2017-09-28 00:00:00,0.71455
2017-10-01 00:00:00,0.7123149999999999
2017-10-02 00:00:00,0.7155189999999999
2017-10-03 00:00:00,0.714546
2017-10-04 00:00:00,0.716148
2017-10-05 00:00:00,0.717066
2017-10-08 00:00:00,0.716605
2017-10-09 00:00:00,0.718625
2017-10-10 00:00:00,0.718884
2017-10-11 00:00:00,0.71915
2017-10-12 00:00:00,0.721113
2017-10-15 00:00:00,0.72188
2017-10-16 00:00:00,0.720961
2017-10-17 00:00:00,0.722116
2017-10-18 00:00:00,0.7233890000000001
2017-10-19 00:00:00,0.719683
Changes,"Date
2007-10-21         NaN
2007-10-22    0.997505
2007-10-23    0.999764
2007-10-24    0.998313
2007-10-25    1.001068
2007-10-29    1.000791
2007-10-30    0.996411
2007-10-31    1.001502
2007-11-01    0.995970
2007-11-02    1.000705
2007-11-05    0.996389
2007-11-06    0.995713
2007-11-07    0.992495
2007-11-08    0.996954
2007-11-09    0.993346
2007-11-12    0.998347
2007-11-13    1.003488
2007-11-14    0.995877
2007-11-15    0.994605
2007-11-16    0.998105
2007-11-19    0.997407
2007-11-20    0.994732
2007-11-21    0.991793
2007-11-22    1.000881
2007-11-23    1.008044
2007-11-26    0.996573
2007-11-27    1.005515
2007-11-28    1.004809
2007-11-29    1.001423
2007-11-30    1.013720
                ...   
2017-09-10    0.995681
2017-09-11    1.006242
2017-09-12    1.003483
2017-09-13    1.001493
2017-09-14    1.000715
2017-09-17    0.999090
2017-09-18    0.999927
2017-09-19    1.001542
2017-09-20    1.006385
2017-09-21    0.999484
2017-09-24    1.002213
2017-09-25    0.993060
2017-09-26    0.999265
2017-09-27    0.999990
2017-09-28    0.999473
2017-10-01    0.996872
2017-10-02    1.004498
2017-10-03    0.998640
2017-10-04    1.002242
2017-10-05    1.001282
2017-10-08    0.999357
2017-10-09    1.002819
2017-10-10    1.000360
2017-10-11    1.000370
2017-10-12    1.002730
2017-10-15    1.001064
2017-10-16    0.998727
2017-10-17    1.001602
2017-10-18    1.001763
2017-10-19    0.994877
Name: Adj Close, Length: 2599, dtype: float64"
