2007-10-21 00:00:00,17.031015
2007-10-22 00:00:00,17.000547
2007-10-23 00:00:00,17.019238
2007-10-24 00:00:00,17.041161
2007-10-25 00:00:00,17.016517999999998
2007-10-29 00:00:00,17.009848
2007-10-30 00:00:00,17.030775
2007-10-31 00:00:00,17.025684
2007-11-01 00:00:00,17.015676000000003
2007-11-02 00:00:00,16.993305
2007-11-05 00:00:00,16.996279
2007-11-06 00:00:00,17.003874
2007-11-07 00:00:00,16.978661
2007-11-08 00:00:00,17.002779
2007-11-09 00:00:00,16.985703
2007-11-12 00:00:00,16.925034
2007-11-13 00:00:00,16.978258
2007-11-14 00:00:00,16.92749
2007-11-15 00:00:00,16.864296
2007-11-16 00:00:00,16.867596
2007-11-19 00:00:00,16.876509
2007-11-20 00:00:00,16.818748
2007-11-21 00:00:00,16.732742000000002
2007-11-22 00:00:00,16.758806
2007-11-23 00:00:00,16.882593
2007-11-26 00:00:00,16.881422
2007-11-27 00:00:00,16.876863
2007-11-28 00:00:00,16.861998
2007-11-29 00:00:00,16.852722
2007-11-30 00:00:00,16.930304
2007-12-03 00:00:00,16.873535
2007-12-04 00:00:00,16.861212
2007-12-05 00:00:00,16.948473
2007-12-06 00:00:00,16.961657000000002
2007-12-07 00:00:00,17.03562
2007-12-10 00:00:00,16.974497
2007-12-11 00:00:00,16.938309
2007-12-12 00:00:00,16.942818
2007-12-13 00:00:00,17.005136
2007-12-14 00:00:00,17.017435
2007-12-17 00:00:00,16.918968
2007-12-19 00:00:00,16.936037
2007-12-20 00:00:00,16.983551000000002
2007-12-21 00:00:00,17.016157
2007-12-24 00:00:00,17.027212
2007-12-25 00:00:00,17.003096
2007-12-26 00:00:00,16.967357999999997
2007-12-27 00:00:00,16.96999
2007-12-28 00:00:00,16.953995000000003
2007-12-31 00:00:00,17.070883
2008-01-03 00:00:00,17.035566
2008-01-04 00:00:00,17.033419
2008-01-07 00:00:00,17.022835
2008-01-10 00:00:00,17.052232999999998
2008-01-11 00:00:00,17.009279
2008-01-14 00:00:00,16.99748
2008-01-15 00:00:00,17.01041
2008-01-16 00:00:00,17.115289999999998
2008-01-17 00:00:00,17.020982999999998
2008-01-18 00:00:00,17.041155
2008-01-21 00:00:00,17.08296
2008-01-22 00:00:00,17.149225
2008-01-23 00:00:00,17.249266
2008-01-24 00:00:00,17.137451000000002
2008-01-25 00:00:00,17.19371
2008-01-28 00:00:00,17.228247
2008-01-29 00:00:00,17.232231
2008-01-30 00:00:00,17.213202
2008-01-31 00:00:00,17.240648
2008-02-01 00:00:00,17.326304999999998
2008-02-04 00:00:00,17.326166
2008-02-05 00:00:00,17.348074
2008-02-06 00:00:00,17.410335999999997
2008-02-07 00:00:00,17.492062
2008-02-08 00:00:00,17.462591
2008-02-11 00:00:00,17.415714
2008-02-12 00:00:00,17.38805
2008-02-13 00:00:00,17.401297
2008-02-14 00:00:00,17.363853
2008-02-15 00:00:00,17.413231
2008-02-18 00:00:00,17.417641
2008-02-19 00:00:00,17.38188
2008-02-20 00:00:00,17.396667
2008-02-21 00:00:00,17.359909
2008-02-22 00:00:00,17.389881
2008-02-25 00:00:00,17.386477
2008-02-26 00:00:00,17.287252
2008-02-27 00:00:00,17.265171
2008-02-28 00:00:00,17.234592000000003
2008-02-29 00:00:00,17.210953
2008-03-03 00:00:00,17.270702
2008-03-04 00:00:00,17.283720000000002
2008-03-05 00:00:00,17.237703
2008-03-06 00:00:00,17.153042000000003
2008-03-07 00:00:00,17.223264999999998
2008-03-10 00:00:00,17.188219
2008-03-11 00:00:00,17.195648000000002
2008-03-12 00:00:00,17.136143
2008-03-13 00:00:00,17.176437
2008-03-14 00:00:00,17.109177
2008-03-17 00:00:00,17.023447
2008-03-18 00:00:00,17.148878
2008-03-19 00:00:00,16.995972000000002
2008-03-20 00:00:00,17.122913
2008-03-21 00:00:00,17.185987
2008-03-24 00:00:00,17.145636
2008-03-25 00:00:00,17.126611999999998
2008-03-26 00:00:00,17.029594
2008-03-27 00:00:00,17.012176999999998
2008-03-28 00:00:00,16.999855
2008-03-30 00:00:00,17.069878
2008-04-01 00:00:00,17.094085999999997
2008-04-02 00:00:00,17.041826
2008-04-03 00:00:00,17.052519
2008-04-06 00:00:00,17.067518
2008-04-07 00:00:00,17.088589000000002
2008-04-08 00:00:00,17.026634
2008-04-09 00:00:00,17.342278
2008-04-10 00:00:00,17.29899
2008-04-13 00:00:00,17.297256
2008-04-14 00:00:00,17.310638
2008-04-15 00:00:00,17.279118
2008-04-16 00:00:00,17.312958
2008-04-17 00:00:00,17.316065
2008-04-20 00:00:00,17.288525
2008-04-21 00:00:00,17.272254999999998
2008-04-22 00:00:00,17.331064
2008-04-23 00:00:00,17.339807999999998
2008-04-24 00:00:00,17.351063
2008-04-27 00:00:00,17.3398
2008-04-28 00:00:00,17.396769
2008-04-29 00:00:00,17.412128
2008-05-01 00:00:00,17.480904000000002
2008-05-04 00:00:00,17.472027
2008-05-05 00:00:00,17.443691
2008-05-06 00:00:00,17.441264999999998
2008-05-07 00:00:00,17.349941
2008-05-08 00:00:00,17.412567000000003
2008-05-11 00:00:00,17.372047
2008-05-12 00:00:00,17.323132
2008-05-13 00:00:00,17.301979
2008-05-14 00:00:00,17.365704
2008-05-15 00:00:00,17.340744
2008-05-18 00:00:00,17.339363
2008-05-19 00:00:00,17.360937
2008-05-20 00:00:00,17.347960999999998
2008-05-21 00:00:00,17.357851
2008-05-22 00:00:00,17.345948999999997
2008-05-25 00:00:00,17.272526
2008-05-26 00:00:00,17.326
2008-05-27 00:00:00,17.301378
2008-05-28 00:00:00,17.358021
2008-05-29 00:00:00,17.402645
2008-06-01 00:00:00,17.386072
2008-06-02 00:00:00,17.439301999999998
2008-06-03 00:00:00,17.403614
2008-06-04 00:00:00,17.342857000000002
2008-06-05 00:00:00,17.235445000000002
2008-06-08 00:00:00,17.329082
2008-06-09 00:00:00,17.261341
2008-06-10 00:00:00,17.23665
2008-06-11 00:00:00,17.218351000000002
2008-06-12 00:00:00,17.251632999999998
2008-06-15 00:00:00,17.261992000000003
2008-06-16 00:00:00,17.296545000000002
2008-06-17 00:00:00,17.266613
2008-06-18 00:00:00,17.27824
2008-06-19 00:00:00,17.297556
2008-06-22 00:00:00,17.271397
2008-06-23 00:00:00,17.257368
2008-06-24 00:00:00,17.214411
2008-06-25 00:00:00,17.176876
2008-06-26 00:00:00,17.197737
2008-06-29 00:00:00,17.255667000000003
2008-07-01 00:00:00,17.197205
2008-07-02 00:00:00,17.270858999999998
2008-07-03 00:00:00,17.258562
2008-07-06 00:00:00,17.230825
2008-07-07 00:00:00,17.258453
2008-07-08 00:00:00,17.240948
2008-07-09 00:00:00,17.176584
2008-07-10 00:00:00,17.170397
2008-07-13 00:00:00,17.132505
2008-07-14 00:00:00,17.194895000000002
2008-07-15 00:00:00,17.239641
2008-07-16 00:00:00,17.188841
2008-07-17 00:00:00,17.185789
2008-07-20 00:00:00,17.162422
2008-07-21 00:00:00,17.147485999999997
2008-07-22 00:00:00,17.132589000000003
2008-07-23 00:00:00,17.171934
2008-07-24 00:00:00,17.189911
2008-07-27 00:00:00,17.134992999999998
2008-07-28 00:00:00,17.145887
2008-07-29 00:00:00,17.14599
2008-07-30 00:00:00,17.137112
2008-08-25 00:00:00,17.310876999999998
2008-08-26 00:00:00,17.372953
2008-08-27 00:00:00,17.382648
2008-08-28 00:00:00,17.387991
2008-08-31 00:00:00,17.352095000000002
2008-09-01 00:00:00,17.316666
2008-09-02 00:00:00,17.528419
2008-09-03 00:00:00,17.678583
2008-09-04 00:00:00,17.745507999999997
2008-09-07 00:00:00,17.800333
2008-09-08 00:00:00,17.847025
2008-09-09 00:00:00,17.888813
2008-09-10 00:00:00,17.919104
2008-09-11 00:00:00,17.811279000000003
2008-09-14 00:00:00,17.894957
2008-09-15 00:00:00,17.842373000000002
2008-09-16 00:00:00,17.798853
2008-09-17 00:00:00,17.797747
2008-09-18 00:00:00,17.682032
2008-09-21 00:00:00,17.769882
2008-09-22 00:00:00,17.685415
2008-09-23 00:00:00,17.592463000000002
2008-09-24 00:00:00,17.59581
2008-09-25 00:00:00,17.590134
2008-09-28 00:00:00,17.548143
2008-09-29 00:00:00,17.876863
2008-09-30 00:00:00,17.903967
2008-10-01 00:00:00,17.89539
2008-10-02 00:00:00,17.964729000000002
2008-10-05 00:00:00,17.897607999999998
2008-10-06 00:00:00,17.844728
2008-10-07 00:00:00,17.808817
2008-10-08 00:00:00,17.723175
2008-10-09 00:00:00,17.672129
2008-10-12 00:00:00,17.892971
2008-10-13 00:00:00,17.835016
2008-10-14 00:00:00,17.796944
2008-10-15 00:00:00,17.770115
2008-10-16 00:00:00,17.817062
2008-10-19 00:00:00,17.870684
2008-10-20 00:00:00,18.007279999999998
2008-10-21 00:00:00,17.988131
2008-10-22 00:00:00,17.892385
2008-10-23 00:00:00,18.069103
2008-10-27 00:00:00,18.125166
2008-10-28 00:00:00,18.159433
2008-10-29 00:00:00,17.980021
2008-10-30 00:00:00,18.25691
2008-10-31 00:00:00,18.362835
2008-11-03 00:00:00,18.362494
2008-11-04 00:00:00,18.232733
2008-11-05 00:00:00,18.101785999999997
2008-11-06 00:00:00,18.015709
2008-11-07 00:00:00,18.075302
2008-11-10 00:00:00,18.114407999999997
2008-11-11 00:00:00,18.294754
2008-11-12 00:00:00,18.287777
2008-11-13 00:00:00,18.072561
2008-11-14 00:00:00,18.038725
2008-11-17 00:00:00,18.012864999999998
2008-11-18 00:00:00,17.994099
2008-11-19 00:00:00,18.055847
2008-11-20 00:00:00,18.02375
2008-11-21 00:00:00,18.026083
2008-11-24 00:00:00,18.080179
2008-11-25 00:00:00,18.070652
2008-11-26 00:00:00,18.158766
2008-11-27 00:00:00,18.169416000000002
2008-11-28 00:00:00,18.462656
2008-12-01 00:00:00,18.338461
2008-12-02 00:00:00,18.265707
2008-12-03 00:00:00,18.331472
2008-12-04 00:00:00,17.796267
2008-12-05 00:00:00,18.523146
2008-12-08 00:00:00,18.528126
2008-12-09 00:00:00,18.56801
2008-12-10 00:00:00,18.567234
2008-12-11 00:00:00,18.635416
2008-12-12 00:00:00,18.534360999999997
2008-12-15 00:00:00,18.721860999999997
2008-12-16 00:00:00,18.695562
2008-12-17 00:00:00,18.88974
2008-12-18 00:00:00,18.954279
2008-12-19 00:00:00,19.264072
2008-12-22 00:00:00,19.610254
2008-12-23 00:00:00,19.576214
2008-12-24 00:00:00,19.336851
2008-12-25 00:00:00,19.244122
2008-12-26 00:00:00,19.240935999999998
2008-12-29 00:00:00,20.418395999999998
2008-12-30 00:00:00,20.448560999999998
2008-12-31 00:00:00,21.344662
2009-01-01 00:00:00,20.292458
2009-01-02 00:00:00,19.681093
2009-01-05 00:00:00,19.667707
2009-01-06 00:00:00,19.667122
2009-01-07 00:00:00,19.770941
2009-01-08 00:00:00,19.167285999999997
2009-01-09 00:00:00,19.684025
2009-01-12 00:00:00,20.897858
2009-01-13 00:00:00,21.039414999999998
2009-01-14 00:00:00,21.249832
2009-01-15 00:00:00,21.600697
2009-01-16 00:00:00,21.707628
2009-01-19 00:00:00,22.223705
2009-01-20 00:00:00,21.888079
2009-01-21 00:00:00,21.769023999999998
2009-01-22 00:00:00,21.780373
2009-01-23 00:00:00,21.700032999999998
2009-01-26 00:00:00,21.846964
2009-01-27 00:00:00,22.021482000000002
2009-01-28 00:00:00,22.635019
2009-01-29 00:00:00,23.296633
2009-01-30 00:00:00,23.57947
2009-02-02 00:00:00,23.895607000000002
2009-02-03 00:00:00,23.90822
2009-02-04 00:00:00,24.041454
2009-02-05 00:00:00,24.192648000000002
2009-02-06 00:00:00,24.210983
2009-02-09 00:00:00,23.840495999999998
2009-02-10 00:00:00,23.668726
2009-02-11 00:00:00,23.280449
2009-02-12 00:00:00,22.919538
2009-02-13 00:00:00,22.905132000000002
2009-02-16 00:00:00,22.870922
2009-02-17 00:00:00,23.69828
2009-02-18 00:00:00,23.640342999999998
2009-02-19 00:00:00,23.445478
2009-02-20 00:00:00,23.531103
2009-02-23 00:00:00,23.441841
2009-02-24 00:00:00,23.611494
2009-02-25 00:00:00,23.291348
2009-02-26 00:00:00,23.033386
2009-02-27 00:00:00,23.183348000000002
2009-03-02 00:00:00,23.170748
2009-03-03 00:00:00,23.311131
2009-03-04 00:00:00,23.193565
2009-03-05 00:00:00,23.059359
2009-03-06 00:00:00,23.073538
2009-03-09 00:00:00,23.037003
2009-03-10 00:00:00,22.692034
2009-03-11 00:00:00,22.845385
2009-03-12 00:00:00,22.916422
2009-03-13 00:00:00,22.508125
2009-03-16 00:00:00,22.398173999999997
2009-03-17 00:00:00,22.522099
2009-03-18 00:00:00,22.692589
2009-03-19 00:00:00,21.967171
2009-03-20 00:00:00,22.12985
2009-03-23 00:00:00,22.084217000000002
2009-03-24 00:00:00,21.996554999999997
2009-03-25 00:00:00,22.232096
2009-03-26 00:00:00,22.070954999999998
2009-03-27 00:00:00,22.209164
2009-03-29 00:00:00,22.278192999999998
2009-03-30 00:00:00,22.233322
2009-03-31 00:00:00,22.312378
2009-04-01 00:00:00,22.174492
2009-04-02 00:00:00,22.071301000000002
2009-04-05 00:00:00,22.143
2009-04-06 00:00:00,22.097157
2009-04-07 00:00:00,22.110429999999997
2009-04-08 00:00:00,22.150879
2009-04-09 00:00:00,22.143988
2009-04-12 00:00:00,22.029991
2009-04-13 00:00:00,22.183771
2009-04-14 00:00:00,22.268879000000002
2009-04-15 00:00:00,22.210646
2009-04-16 00:00:00,22.254452
2009-04-19 00:00:00,22.403311
2009-04-20 00:00:00,22.582829999999998
2009-04-21 00:00:00,22.434458
2009-04-22 00:00:00,22.368176000000002
2009-04-23 00:00:00,22.185444
2009-04-26 00:00:00,22.162777
2009-04-27 00:00:00,22.283291000000002
2009-04-28 00:00:00,22.161489000000003
2009-04-29 00:00:00,22.238405
2009-04-30 00:00:00,22.318835999999997
2009-05-03 00:00:00,22.255081
2009-05-04 00:00:00,22.22599
2009-05-05 00:00:00,22.256006
2009-05-06 00:00:00,22.068260000000002
2009-05-07 00:00:00,22.153044
2009-05-10 00:00:00,22.000410000000002
2009-05-11 00:00:00,21.864174
2009-05-12 00:00:00,21.782401999999998
2009-05-13 00:00:00,21.978545999999998
2009-05-14 00:00:00,21.752359
2009-05-17 00:00:00,21.895398999999998
2009-05-18 00:00:00,21.772209
2009-05-19 00:00:00,21.537670000000002
2009-05-20 00:00:00,21.683428
2009-05-21 00:00:00,21.483307
2009-05-24 00:00:00,21.372849
2009-05-25 00:00:00,21.632025
2009-05-26 00:00:00,21.343367
2009-05-27 00:00:00,21.330029
2009-05-28 00:00:00,21.284645
2009-05-31 00:00:00,21.241241
2009-06-01 00:00:00,21.278009
2009-06-02 00:00:00,21.27421
2009-06-03 00:00:00,21.202042000000002
2009-06-04 00:00:00,21.156673
2009-06-07 00:00:00,21.584663
2009-06-08 00:00:00,21.34388
2009-06-09 00:00:00,21.200274
2009-06-10 00:00:00,21.306836999999998
2009-06-11 00:00:00,21.335815
2009-06-14 00:00:00,21.347614
2009-06-15 00:00:00,21.353533
2009-06-16 00:00:00,21.51655
2009-06-17 00:00:00,21.145329999999998
2009-06-18 00:00:00,21.218626
2009-06-21 00:00:00,21.424459
2009-06-22 00:00:00,21.490782
2009-06-23 00:00:00,21.368284
2009-06-24 00:00:00,21.434853
2009-06-25 00:00:00,21.277746
2009-06-28 00:00:00,21.44285
2009-06-29 00:00:00,21.467357999999997
2009-06-30 00:00:00,21.527379999999997
2009-07-01 00:00:00,21.41658
2009-07-02 00:00:00,21.420126
2009-07-05 00:00:00,21.547186
2009-07-06 00:00:00,21.636955
2009-07-07 00:00:00,21.76726
2009-07-08 00:00:00,21.803034
2009-07-09 00:00:00,22.291420000000002
2009-07-12 00:00:00,22.378922
2009-07-13 00:00:00,22.121082
2009-07-14 00:00:00,21.925064000000003
2009-07-15 00:00:00,21.742065
2009-07-16 00:00:00,21.904121
2009-07-19 00:00:00,21.546982
2009-07-20 00:00:00,21.493103
2009-07-21 00:00:00,21.604589
2009-07-22 00:00:00,21.642853
2009-07-23 00:00:00,21.51129
2009-07-26 00:00:00,21.314655
2009-07-27 00:00:00,21.556519
2009-07-28 00:00:00,21.838993
2009-07-29 00:00:00,21.847486
2009-07-30 00:00:00,21.922570999999998
2009-08-02 00:00:00,21.67972
2009-08-03 00:00:00,21.699945
2009-08-04 00:00:00,21.737129
2009-08-05 00:00:00,21.822521
2009-08-06 00:00:00,21.877026
2009-08-09 00:00:00,22.013914
2009-08-10 00:00:00,22.253159
2009-08-11 00:00:00,22.381977
2009-08-12 00:00:00,21.94231
2009-08-13 00:00:00,21.993129999999997
2009-08-16 00:00:00,22.196621
2009-08-17 00:00:00,22.398769
2009-08-18 00:00:00,22.415813
2009-08-19 00:00:00,22.073078
2009-08-20 00:00:00,21.99868
2009-08-23 00:00:00,21.767275
2009-08-24 00:00:00,22.445314
2009-08-25 00:00:00,22.415813
2009-08-26 00:00:00,22.481129
2009-08-27 00:00:00,21.506071
2009-08-30 00:00:00,22.482689
2009-08-31 00:00:00,22.432884
2009-09-01 00:00:00,22.470217
2009-09-02 00:00:00,22.498301
2009-09-03 00:00:00,21.974276
2009-09-06 00:00:00,22.603447
2009-09-07 00:00:00,22.728697
2009-09-08 00:00:00,22.752634
2009-09-09 00:00:00,21.645224
2009-09-10 00:00:00,21.685991
2009-09-13 00:00:00,22.787832
2009-09-14 00:00:00,21.725647
2009-09-15 00:00:00,22.965487
2009-09-16 00:00:00,21.435442000000002
2009-09-17 00:00:00,21.364373999999998
2009-09-20 00:00:00,21.436939000000002
2009-09-21 00:00:00,22.981773
2009-09-22 00:00:00,21.234718
2009-09-23 00:00:00,20.785749
2009-09-24 00:00:00,21.307914999999998
2009-09-27 00:00:00,21.229282
2009-09-28 00:00:00,21.208488
2009-09-29 00:00:00,21.334635000000002
2009-09-30 00:00:00,21.268015
2009-10-01 00:00:00,20.808744
2009-10-04 00:00:00,21.313677
2009-10-05 00:00:00,21.269625
2009-10-06 00:00:00,21.249964000000002
2009-10-07 00:00:00,21.268332
2009-10-08 00:00:00,21.234142000000002
2009-10-11 00:00:00,21.13324
2009-10-12 00:00:00,21.163383
2009-10-13 00:00:00,21.216986
2009-10-14 00:00:00,21.162573000000002
2009-10-15 00:00:00,21.130056
2009-10-18 00:00:00,21.085253
2009-10-19 00:00:00,20.885685000000002
2009-10-20 00:00:00,20.960529
2009-10-21 00:00:00,20.843088
2009-10-22 00:00:00,20.793116
2009-10-26 00:00:00,20.610948999999998
2009-10-27 00:00:00,20.891863
2009-10-28 00:00:00,20.8274
2009-10-29 00:00:00,20.885071
2009-10-30 00:00:00,20.855368
2009-11-02 00:00:00,20.909384
2009-11-03 00:00:00,20.937983
2009-11-04 00:00:00,20.885384
2009-11-05 00:00:00,20.767232999999997
2009-11-06 00:00:00,20.866068
2009-11-09 00:00:00,20.724728
2009-11-10 00:00:00,20.675121
2009-11-11 00:00:00,20.666595
2009-11-12 00:00:00,20.710217
2009-11-13 00:00:00,20.303905
2009-11-16 00:00:00,20.712015
2009-11-17 00:00:00,20.775234
2009-11-18 00:00:00,20.739759
2009-11-19 00:00:00,20.726416
2009-11-20 00:00:00,20.873821
2009-11-23 00:00:00,20.759327
2009-11-24 00:00:00,20.772635
2009-11-25 00:00:00,20.870511999999998
2009-11-26 00:00:00,21.079794
2009-11-27 00:00:00,21.109789000000003
2009-11-30 00:00:00,21.14327
2009-12-01 00:00:00,21.058403
2009-12-02 00:00:00,21.263861
2009-12-03 00:00:00,21.117643
2009-12-04 00:00:00,21.265192000000003
2009-12-07 00:00:00,21.489056
2009-12-08 00:00:00,21.984432
2009-12-09 00:00:00,21.875989999999998
2009-12-10 00:00:00,21.873865
2009-12-11 00:00:00,21.59911
2009-12-14 00:00:00,21.614529
2009-12-15 00:00:00,21.631311
2009-12-16 00:00:00,21.634933
2009-12-17 00:00:00,21.945217
2009-12-18 00:00:00,21.746254
2009-12-21 00:00:00,21.717445
2009-12-22 00:00:00,21.721870000000003
2009-12-23 00:00:00,21.439220000000002
2009-12-24 00:00:00,21.040541
2009-12-25 00:00:00,20.999716
2009-12-28 00:00:00,21.149466
2009-12-29 00:00:00,21.285959
2009-12-30 00:00:00,21.53603
2009-12-31 00:00:00,21.365623
2010-01-01 00:00:00,21.376282
2010-01-04 00:00:00,21.699355999999998
2010-01-05 00:00:00,21.474224
2010-01-06 00:00:00,21.528170000000003
2010-01-07 00:00:00,21.465006
2010-01-08 00:00:00,21.416995999999997
2010-01-11 00:00:00,21.119381
2010-01-12 00:00:00,21.247626999999998
2010-01-13 00:00:00,21.292612
2010-01-14 00:00:00,21.223593
2010-01-15 00:00:00,21.249928
2010-01-18 00:00:00,21.329922
2010-01-19 00:00:00,21.283268
2010-01-20 00:00:00,21.256197
2010-01-21 00:00:00,21.158131
2010-01-22 00:00:00,21.196226
2010-01-25 00:00:00,21.515223000000002
2010-01-26 00:00:00,21.624357
2010-01-27 00:00:00,21.581007
2010-01-28 00:00:00,21.620485000000002
2010-01-29 00:00:00,21.590384
2010-02-01 00:00:00,21.493967
2010-02-02 00:00:00,21.36664
2010-02-03 00:00:00,21.246723
2010-02-04 00:00:00,21.239967
2010-02-05 00:00:00,21.179432000000002
2010-02-08 00:00:00,21.454674
2010-02-09 00:00:00,21.413029
2010-02-10 00:00:00,21.374912
2010-02-11 00:00:00,21.359325
2010-02-12 00:00:00,21.40255
2010-02-15 00:00:00,21.401982999999998
2010-02-16 00:00:00,21.359947000000002
2010-02-17 00:00:00,21.422749
2010-02-18 00:00:00,21.230291
2010-02-19 00:00:00,21.229685
2010-02-22 00:00:00,21.266911999999998
2010-02-23 00:00:00,21.262098
2010-02-24 00:00:00,21.290070999999998
2010-02-25 00:00:00,21.293825
2010-02-26 00:00:00,21.284943
2010-03-01 00:00:00,21.326048
2010-03-02 00:00:00,21.395432
2010-03-03 00:00:00,21.269904999999998
2010-03-04 00:00:00,21.27071
2010-03-05 00:00:00,21.284868
2010-03-08 00:00:00,21.252876
2010-03-09 00:00:00,21.258537
2010-03-10 00:00:00,21.168079000000002
2010-03-11 00:00:00,21.069241
2010-03-12 00:00:00,21.006674
2010-03-15 00:00:00,21.072861
2010-03-16 00:00:00,21.032494
2010-03-17 00:00:00,20.923094
2010-03-18 00:00:00,20.932407
2010-03-19 00:00:00,20.939615
2010-03-22 00:00:00,21.084073999999998
2010-03-23 00:00:00,21.072423999999998
2010-03-24 00:00:00,21.118254
2010-03-25 00:00:00,20.982092
2010-03-26 00:00:00,21.084663
2010-03-28 00:00:00,21.071835999999998
2010-03-29 00:00:00,21.086498000000002
2010-03-30 00:00:00,21.028502
2010-03-31 00:00:00,21.006584
2010-04-01 00:00:00,20.885127999999998
2010-04-04 00:00:00,20.874773
2010-04-05 00:00:00,20.997778
2010-04-06 00:00:00,21.003513
2010-04-07 00:00:00,21.108202
2010-04-08 00:00:00,20.967973999999998
2010-04-11 00:00:00,20.857960000000002
2010-04-12 00:00:00,20.859092999999998
2010-04-13 00:00:00,21.097158
2010-04-14 00:00:00,21.103258
2010-04-15 00:00:00,21.128925
2010-04-18 00:00:00,21.152184
2010-04-19 00:00:00,21.160109
2010-04-20 00:00:00,21.226076000000003
2010-04-21 00:00:00,21.269095999999998
2010-04-22 00:00:00,21.249544
2010-04-25 00:00:00,21.248352
2010-04-26 00:00:00,21.361816
2010-04-27 00:00:00,21.345449
2010-04-28 00:00:00,21.375101
2010-04-29 00:00:00,21.317518
2010-05-02 00:00:00,21.384773000000003
2010-05-03 00:00:00,21.437069
2010-05-04 00:00:00,21.568932
2010-05-05 00:00:00,21.878027
2010-05-06 00:00:00,21.864826
2010-05-09 00:00:00,22.037306
2010-05-10 00:00:00,21.847701999999998
2010-05-11 00:00:00,21.750286
2010-05-12 00:00:00,21.697054
2010-05-13 00:00:00,21.875
2010-05-16 00:00:00,21.985236999999998
2010-05-17 00:00:00,21.837358
2010-05-18 00:00:00,21.85095
2010-05-19 00:00:00,22.299149
2010-05-20 00:00:00,22.127703
2010-05-23 00:00:00,22.051428
2010-05-24 00:00:00,22.277624
2010-05-25 00:00:00,22.082152999999998
2010-05-26 00:00:00,21.901669000000002
2010-05-27 00:00:00,21.777967
2010-05-30 00:00:00,22.067176999999997
2010-05-31 00:00:00,22.092782999999997
2010-06-01 00:00:00,22.198448000000003
2010-06-02 00:00:00,22.138033
2010-06-03 00:00:00,22.294954
2010-06-06 00:00:00,22.443967999999998
2010-06-07 00:00:00,22.512210999999997
2010-06-08 00:00:00,22.412085
2010-06-09 00:00:00,22.483078
2010-06-10 00:00:00,22.558363
2010-06-13 00:00:00,22.497278
2010-06-14 00:00:00,22.473292999999998
2010-06-15 00:00:00,22.401423
2010-06-16 00:00:00,22.231644
2010-06-17 00:00:00,22.380608
2010-06-20 00:00:00,22.377522
2010-06-21 00:00:00,22.319399
2010-06-22 00:00:00,22.336119
2010-06-23 00:00:00,22.316872
2010-06-24 00:00:00,22.349951
2010-06-27 00:00:00,22.403707999999998
2010-06-28 00:00:00,22.336094
2010-06-29 00:00:00,22.333666
2010-06-30 00:00:00,22.342646
2010-07-01 00:00:00,22.338339
2010-07-04 00:00:00,22.367989
2010-07-05 00:00:00,22.336002
2010-07-06 00:00:00,22.40097
2010-07-07 00:00:00,22.356835999999998
2010-07-08 00:00:00,22.354603
2010-07-11 00:00:00,22.257994
2010-07-12 00:00:00,22.250308999999998
2010-07-13 00:00:00,22.237188
2010-07-14 00:00:00,22.119574
2010-07-15 00:00:00,22.190865
2010-07-18 00:00:00,22.160713
2010-07-19 00:00:00,22.20619
2010-07-20 00:00:00,22.116446
2010-07-21 00:00:00,22.130825
2010-07-22 00:00:00,22.145641
2010-07-25 00:00:00,22.247297
2010-07-26 00:00:00,22.155603
2010-07-27 00:00:00,22.123673999999998
2010-07-28 00:00:00,22.145163
2010-07-29 00:00:00,22.270853
2010-08-01 00:00:00,22.223045000000003
2010-08-02 00:00:00,22.022009
2010-08-03 00:00:00,22.022009
2010-08-04 00:00:00,22.051448999999998
2010-08-05 00:00:00,22.049954999999997
2010-08-08 00:00:00,22.099464
2010-08-09 00:00:00,22.179523
2010-08-10 00:00:00,22.182558
2010-08-11 00:00:00,22.227589000000002
2010-08-12 00:00:00,22.448574
2010-08-15 00:00:00,22.404934
2010-08-16 00:00:00,22.374585999999997
2010-08-17 00:00:00,22.441294
2010-08-18 00:00:00,22.502589999999998
2010-08-19 00:00:00,22.452385
2010-08-22 00:00:00,22.571281
2010-08-23 00:00:00,22.602894
2010-08-24 00:00:00,22.607418
2010-08-25 00:00:00,22.793695
2010-08-26 00:00:00,22.635424
2010-08-29 00:00:00,22.706484
2010-08-30 00:00:00,22.619734
2010-08-31 00:00:00,22.702982000000002
2010-09-01 00:00:00,22.782272
2010-09-02 00:00:00,22.79896
2010-09-05 00:00:00,22.784603
2010-09-06 00:00:00,22.759518
2010-09-07 00:00:00,22.851848999999998
2010-09-08 00:00:00,22.923706
2010-09-09 00:00:00,22.959101
2010-09-12 00:00:00,23.068472
2010-09-13 00:00:00,22.922871
2010-09-14 00:00:00,22.948017
2010-09-15 00:00:00,23.120234
2010-09-16 00:00:00,23.390145999999998
2010-09-19 00:00:00,23.176610999999998
2010-09-20 00:00:00,23.279339
2010-09-21 00:00:00,23.353149
2010-09-22 00:00:00,23.361496
2010-09-23 00:00:00,23.335339
2010-09-26 00:00:00,23.264951999999997
2010-09-27 00:00:00,23.101097
2010-09-28 00:00:00,23.092043
2010-09-29 00:00:00,23.068224
2010-09-30 00:00:00,23.220312
2010-10-03 00:00:00,23.209303
2010-10-04 00:00:00,23.168467
2010-10-05 00:00:00,22.925041
2010-10-06 00:00:00,22.790981
2010-10-07 00:00:00,22.771528
2010-10-10 00:00:00,22.85364
2010-10-11 00:00:00,22.853865
2010-10-12 00:00:00,23.053576
2010-10-13 00:00:00,23.097942
2010-10-14 00:00:00,23.167929
2010-10-17 00:00:00,23.343094
2010-10-18 00:00:00,23.348202
2010-10-19 00:00:00,23.321410999999998
2010-10-20 00:00:00,23.543509
2010-10-21 00:00:00,23.471882
2010-10-24 00:00:00,23.349762
2010-10-25 00:00:00,23.392843
2010-10-26 00:00:00,23.445593
2010-10-27 00:00:00,23.506863
2010-10-28 00:00:00,23.506863
2010-11-01 00:00:00,23.829943
2010-11-02 00:00:00,23.859798
2010-11-03 00:00:00,23.888285
2010-11-04 00:00:00,23.957521
2010-11-05 00:00:00,23.739767
2010-11-08 00:00:00,23.74922
2010-11-09 00:00:00,23.901472000000002
2010-11-10 00:00:00,23.741087
2010-11-11 00:00:00,23.864925
2010-11-12 00:00:00,23.70603
2010-11-15 00:00:00,23.722658
2010-11-16 00:00:00,23.732281
2010-11-17 00:00:00,23.874727
2010-11-18 00:00:00,24.061541000000002
2010-11-19 00:00:00,23.978073000000002
2010-11-22 00:00:00,24.009110999999997
2010-11-23 00:00:00,23.964895000000002
2010-11-24 00:00:00,23.847324
2010-11-25 00:00:00,23.91777
2010-11-26 00:00:00,23.788969
2010-11-29 00:00:00,23.850056
2010-11-30 00:00:00,23.725641
2010-12-01 00:00:00,23.878572
2010-12-02 00:00:00,23.935959
2010-12-03 00:00:00,24.070695999999998
2010-12-06 00:00:00,24.043262
2010-12-07 00:00:00,23.90527
2010-12-08 00:00:00,23.767275
2010-12-09 00:00:00,23.605934
2010-12-10 00:00:00,23.604633
2010-12-13 00:00:00,23.634485
2010-12-14 00:00:00,23.546021
2010-12-15 00:00:00,23.586624
2010-12-16 00:00:00,23.396145
2010-12-17 00:00:00,23.36401
2010-12-20 00:00:00,23.319162
2010-12-21 00:00:00,23.416431
2010-12-22 00:00:00,23.394776999999998
2010-12-23 00:00:00,23.466259
2010-12-24 00:00:00,23.456984
2010-12-27 00:00:00,23.390902
2010-12-28 00:00:00,23.376879000000002
2010-12-29 00:00:00,23.356653
2010-12-30 00:00:00,23.560865
2010-12-31 00:00:00,23.718519
2011-01-03 00:00:00,23.725203
2011-01-04 00:00:00,23.679041
2011-01-05 00:00:00,23.64077
2011-01-06 00:00:00,23.543449
2011-01-07 00:00:00,23.459942
2011-01-10 00:00:00,23.485294
2011-01-11 00:00:00,23.449095
2011-01-12 00:00:00,23.609245
2011-01-13 00:00:00,23.360012
2011-01-14 00:00:00,23.294558
2011-01-17 00:00:00,23.299511
2011-01-18 00:00:00,23.272029999999997
2011-01-19 00:00:00,23.295403
2011-01-20 00:00:00,23.243435
2011-01-21 00:00:00,22.727272
2011-01-24 00:00:00,23.318057999999997
2011-01-25 00:00:00,23.300529
2011-01-26 00:00:00,23.207352
2011-01-27 00:00:00,23.241196
2011-01-28 00:00:00,23.124903
2011-01-31 00:00:00,23.053713000000002
2011-02-01 00:00:00,23.291367
2011-02-02 00:00:00,23.30715
2011-02-03 00:00:00,23.137992999999998
2011-02-04 00:00:00,23.104273000000003
2011-02-07 00:00:00,23.045876
2011-02-08 00:00:00,22.974041
2011-02-09 00:00:00,22.986335999999998
2011-02-10 00:00:00,22.971403
2011-02-11 00:00:00,22.928648000000003
2011-02-14 00:00:00,22.83683
2011-02-15 00:00:00,22.838755
2011-02-16 00:00:00,22.885021
2011-02-17 00:00:00,22.844348999999998
2011-02-18 00:00:00,22.913695999999998
2011-02-21 00:00:00,22.90484
2011-02-22 00:00:00,22.84202
2011-02-23 00:00:00,22.864952
2011-02-24 00:00:00,22.862347
2011-02-25 00:00:00,22.740393
2011-02-28 00:00:00,22.695173
2011-03-01 00:00:00,22.712891
2011-03-02 00:00:00,22.566298
2011-03-03 00:00:00,22.363670000000003
2011-03-04 00:00:00,22.21513
2011-03-07 00:00:00,22.25456
2011-03-08 00:00:00,22.266731
2011-03-09 00:00:00,22.228270000000002
2011-03-10 00:00:00,22.363909
2011-03-11 00:00:00,22.467991
2011-03-14 00:00:00,22.638699
2011-03-15 00:00:00,22.501932
2011-03-16 00:00:00,22.571192
2011-03-17 00:00:00,22.283134
2011-03-18 00:00:00,22.426920000000003
2011-03-21 00:00:00,22.370657
2011-03-22 00:00:00,22.356403
2011-03-23 00:00:00,22.331882
2011-03-24 00:00:00,22.422953
2011-03-25 00:00:00,22.457567
2011-03-27 00:00:00,21.965927
2011-03-28 00:00:00,22.429222
2011-03-29 00:00:00,22.487509
2011-03-30 00:00:00,22.614592000000002
2011-03-31 00:00:00,22.545036
2011-04-03 00:00:00,22.546631
2011-04-04 00:00:00,22.434305
2011-04-05 00:00:00,22.483891
2011-04-06 00:00:00,22.330107
2011-04-07 00:00:00,22.370735
2011-04-10 00:00:00,22.30249
2011-04-11 00:00:00,22.311042999999998
2011-04-12 00:00:00,22.32163
2011-04-13 00:00:00,22.376106
2011-04-17 00:00:00,22.643248
2011-04-18 00:00:00,22.652779000000002
2011-04-19 00:00:00,22.772665
2011-04-20 00:00:00,22.660259
2011-04-21 00:00:00,22.609505
2011-04-24 00:00:00,22.707741
2011-04-25 00:00:00,22.537237
2011-04-26 00:00:00,22.581347
2011-04-27 00:00:00,22.532909
2011-04-28 00:00:00,22.429247
2011-05-01 00:00:00,22.355574
2011-05-02 00:00:00,22.33824
2011-05-03 00:00:00,22.274555
2011-05-04 00:00:00,22.062803
2011-05-05 00:00:00,22.107946
2011-05-08 00:00:00,22.338867
2011-05-09 00:00:00,22.605963
2011-05-10 00:00:00,22.532894
2011-05-11 00:00:00,22.420416
2011-05-12 00:00:00,22.633823
2011-05-15 00:00:00,22.402519
2011-05-16 00:00:00,22.489601
2011-05-17 00:00:00,22.603102
2011-05-18 00:00:00,22.648407000000002
2011-05-19 00:00:00,22.588911
2011-05-22 00:00:00,22.581426999999998
2011-05-23 00:00:00,22.805412
2011-05-24 00:00:00,22.734745
2011-05-25 00:00:00,22.741959
2011-05-26 00:00:00,22.660526
2011-05-29 00:00:00,22.674892
2011-05-30 00:00:00,22.70746
2011-05-31 00:00:00,22.704082
2011-06-01 00:00:00,22.529232
2011-06-02 00:00:00,22.620384
2011-06-05 00:00:00,22.763815
2011-06-06 00:00:00,22.606079
2011-06-07 00:00:00,22.60132
2011-06-08 00:00:00,22.524321
2011-06-09 00:00:00,22.523546
2011-06-12 00:00:00,22.114420000000003
2011-06-13 00:00:00,22.625376
2011-06-14 00:00:00,22.665716
2011-06-15 00:00:00,22.603655
2011-06-16 00:00:00,22.725417999999998
2011-06-19 00:00:00,22.746145000000002
2011-06-20 00:00:00,22.715021
2011-06-21 00:00:00,22.665667000000003
2011-06-22 00:00:00,22.650651999999997
2011-06-23 00:00:00,22.859455
2011-06-26 00:00:00,22.724974
2011-06-27 00:00:00,22.825825
2011-06-28 00:00:00,22.640545
2011-06-29 00:00:00,22.682642
2011-06-30 00:00:00,22.728731
2011-07-03 00:00:00,22.712141
2011-07-04 00:00:00,22.697551999999998
2011-07-05 00:00:00,22.677847
2011-07-06 00:00:00,22.772606
2011-07-07 00:00:00,22.799248000000002
2011-07-10 00:00:00,22.940258
2011-07-11 00:00:00,22.983625
2011-07-12 00:00:00,23.101084
2011-07-13 00:00:00,22.985605
2011-07-14 00:00:00,23.10078
2011-07-17 00:00:00,22.482153
2011-07-18 00:00:00,23.129644
2011-07-19 00:00:00,23.069218
2011-07-20 00:00:00,23.014592999999998
2011-07-21 00:00:00,22.882975
2011-07-24 00:00:00,22.951744
2011-07-25 00:00:00,22.932819
2011-07-26 00:00:00,22.848001
2011-07-27 00:00:00,22.840436999999998
2011-07-28 00:00:00,22.914316
2011-07-31 00:00:00,22.962839000000002
2011-08-01 00:00:00,23.089375
2011-08-02 00:00:00,23.040064
2011-08-03 00:00:00,23.076649
2011-08-04 00:00:00,22.99935
2011-08-07 00:00:00,23.259634
2011-08-08 00:00:00,23.656935
2011-08-09 00:00:00,24.712191
2011-08-10 00:00:00,24.313969
2011-08-11 00:00:00,24.271553
2011-08-14 00:00:00,23.965742000000002
2011-08-15 00:00:00,23.836873999999998
2011-08-16 00:00:00,23.847573999999998
2011-08-17 00:00:00,23.935778
2011-08-18 00:00:00,23.860641
2011-08-21 00:00:00,23.944641
2011-08-22 00:00:00,24.075123
2011-08-23 00:00:00,24.023104
2011-08-24 00:00:00,23.980432999999998
2011-08-25 00:00:00,23.861061
2011-08-28 00:00:00,23.864029000000002
2011-08-29 00:00:00,23.838079
2011-08-30 00:00:00,23.920134
2011-08-31 00:00:00,23.924471
2011-09-01 00:00:00,24.037874
2011-09-04 00:00:00,24.188496
2011-09-05 00:00:00,24.388628
2011-09-06 00:00:00,24.446033
2011-09-07 00:00:00,24.345314000000002
2011-09-08 00:00:00,24.380724
2011-09-11 00:00:00,24.438463
2011-09-12 00:00:00,24.489141
2011-09-13 00:00:00,24.36585
2011-09-14 00:00:00,24.445946
2011-09-15 00:00:00,24.440748000000003
2011-09-18 00:00:00,24.574862
2011-09-19 00:00:00,24.733255
2011-09-20 00:00:00,24.900999
2011-09-21 00:00:00,24.56258
2011-09-22 00:00:00,24.586958
2011-09-25 00:00:00,24.656655999999998
2011-09-26 00:00:00,24.98345
2011-09-27 00:00:00,24.678767999999998
2011-09-28 00:00:00,24.422611
2011-09-29 00:00:00,24.644053
2011-10-02 00:00:00,24.658524
2011-10-03 00:00:00,24.747475
2011-10-04 00:00:00,25.009708
2011-10-05 00:00:00,24.654814000000002
2011-10-06 00:00:00,24.792364000000003
2011-10-09 00:00:00,24.715178
2011-10-10 00:00:00,24.729698000000003
2011-10-11 00:00:00,24.548267000000003
2011-10-12 00:00:00,24.306801
2011-10-13 00:00:00,24.403194
2011-10-16 00:00:00,24.409107000000002
2011-10-17 00:00:00,24.264554999999998
2011-10-18 00:00:00,24.359825
2011-10-19 00:00:00,24.490842999999998
2011-10-20 00:00:00,24.686548000000002
2011-10-23 00:00:00,24.362095
2011-10-24 00:00:00,24.135338
2011-10-25 00:00:00,24.107937
2011-10-26 00:00:00,24.147510999999998
2011-10-27 00:00:00,23.99831
2011-10-31 00:00:00,23.856697
2011-11-01 00:00:00,24.181295000000002
2011-11-02 00:00:00,24.088345999999998
2011-11-03 00:00:00,23.853403
2011-11-04 00:00:00,24.039189999999998
2011-11-07 00:00:00,24.10289
2011-11-08 00:00:00,23.869464999999998
2011-11-09 00:00:00,23.838054999999997
2011-11-10 00:00:00,23.787315
2011-11-11 00:00:00,23.660286
2011-11-14 00:00:00,23.571035000000002
2011-11-15 00:00:00,23.648113000000002
2011-11-16 00:00:00,23.656948
2011-11-17 00:00:00,23.667076
2011-11-18 00:00:00,23.817789
2011-11-21 00:00:00,23.736479
2011-11-22 00:00:00,23.841669
2011-11-23 00:00:00,23.854769
2011-11-24 00:00:00,23.957075
2011-11-25 00:00:00,24.027586
2011-11-28 00:00:00,24.158569
2011-11-29 00:00:00,24.137447
2011-11-30 00:00:00,23.743832
2011-12-01 00:00:00,23.930176
2011-12-02 00:00:00,23.588793
2011-12-05 00:00:00,24.134029
2011-12-06 00:00:00,24.138723000000002
2011-12-07 00:00:00,24.166603
2011-12-08 00:00:00,24.046728
2011-12-09 00:00:00,24.014456
2011-12-12 00:00:00,24.291447
2011-12-13 00:00:00,24.242016
2011-12-14 00:00:00,24.18206
2011-12-15 00:00:00,24.261282
2011-12-16 00:00:00,24.254309
2011-12-19 00:00:00,24.468327
2011-12-20 00:00:00,24.538969
2011-12-21 00:00:00,24.578417
2011-12-22 00:00:00,24.415751
2011-12-23 00:00:00,24.205828
2011-12-26 00:00:00,23.904713
2011-12-27 00:00:00,24.028412
2011-12-28 00:00:00,24.197685
2011-12-29 00:00:00,24.416611
2011-12-30 00:00:00,24.602983
2012-01-02 00:00:00,24.680737
2012-01-03 00:00:00,24.676926
2012-01-04 00:00:00,24.72471
2012-01-05 00:00:00,24.653547
2012-01-06 00:00:00,24.781326
2012-01-09 00:00:00,24.628067
2012-01-10 00:00:00,24.601204
2012-01-11 00:00:00,24.462828
2012-01-12 00:00:00,24.562307
2012-01-13 00:00:00,24.406717
2012-01-16 00:00:00,24.141023999999998
2012-01-17 00:00:00,24.455032
2012-01-18 00:00:00,24.579782
2012-01-19 00:00:00,24.55829
2012-01-20 00:00:00,24.598066
2012-01-23 00:00:00,24.554638
2012-01-24 00:00:00,24.323713
2012-01-25 00:00:00,24.272118
2012-01-26 00:00:00,24.157104
2012-01-27 00:00:00,24.086374
2012-01-30 00:00:00,24.067776000000002
2012-01-31 00:00:00,24.140949
2012-02-01 00:00:00,23.883793
2012-02-02 00:00:00,24.09515
2012-02-03 00:00:00,24.177166
2012-02-06 00:00:00,24.264898000000002
2012-02-07 00:00:00,23.992872
2012-02-08 00:00:00,23.880039
2012-02-09 00:00:00,23.852673
2012-02-10 00:00:00,23.801632
2012-02-13 00:00:00,23.882589000000003
2012-02-14 00:00:00,23.759396
2012-02-15 00:00:00,23.764201999999997
2012-02-16 00:00:00,23.789007
2012-02-17 00:00:00,23.812099
2012-02-20 00:00:00,23.89856
2012-02-21 00:00:00,23.732904
2012-02-22 00:00:00,23.668594
2012-02-23 00:00:00,23.596825
2012-02-24 00:00:00,23.594759
2012-02-27 00:00:00,23.222984
2012-02-28 00:00:00,23.115343
2012-02-29 00:00:00,23.230154000000002
2012-03-01 00:00:00,23.329659
2012-03-02 00:00:00,23.324148
2012-03-05 00:00:00,23.391178
2012-03-06 00:00:00,23.349411
2012-03-07 00:00:00,23.4599
2012-03-08 00:00:00,23.505661
2012-03-09 00:00:00,23.450172
2012-03-12 00:00:00,23.432959
2012-03-13 00:00:00,23.558401
2012-03-14 00:00:00,23.383026
2012-03-15 00:00:00,23.302229
2012-03-16 00:00:00,23.277317
2012-03-19 00:00:00,23.236437
2012-03-20 00:00:00,23.160776000000002
2012-03-21 00:00:00,23.146929
2012-03-22 00:00:00,23.146069
2012-03-23 00:00:00,23.28813
2012-03-25 00:00:00,23.248032000000002
2012-03-26 00:00:00,23.024422
2012-03-27 00:00:00,23.090908
2012-03-28 00:00:00,23.347275
2012-03-29 00:00:00,23.361588
2012-04-01 00:00:00,23.414639
2012-04-02 00:00:00,23.377935
2012-04-03 00:00:00,23.311459
2012-04-04 00:00:00,23.384617000000002
2012-04-05 00:00:00,23.327932
2012-04-08 00:00:00,23.415392
2012-04-09 00:00:00,23.471764
2012-04-10 00:00:00,23.625504
2012-04-11 00:00:00,23.566414
2012-04-12 00:00:00,23.511557
2012-04-15 00:00:00,23.722338
2012-04-16 00:00:00,23.676243
2012-04-17 00:00:00,23.642605
2012-04-18 00:00:00,23.572785999999997
2012-04-19 00:00:00,23.571531
2012-04-22 00:00:00,23.584196
2012-04-23 00:00:00,23.621805
2012-04-24 00:00:00,23.565048
2012-04-25 00:00:00,23.600031
2012-04-26 00:00:00,23.604895000000003
2012-04-29 00:00:00,23.652689000000002
2012-04-30 00:00:00,23.758045000000003
2012-05-01 00:00:00,23.723446
2012-05-02 00:00:00,23.638048
2012-05-03 00:00:00,23.752172
2012-05-06 00:00:00,23.794947
2012-05-07 00:00:00,24.101679
2012-05-08 00:00:00,24.120914000000003
2012-05-09 00:00:00,24.241835000000002
2012-05-10 00:00:00,24.066856
2012-05-13 00:00:00,24.088635999999997
2012-05-14 00:00:00,24.156354999999998
2012-05-15 00:00:00,24.318502
2012-05-16 00:00:00,24.485474
2012-05-17 00:00:00,24.439362
2012-05-20 00:00:00,24.542471
2012-05-21 00:00:00,24.529324
2012-05-22 00:00:00,24.478569
2012-05-23 00:00:00,24.758745
2012-05-24 00:00:00,24.875206
2012-05-27 00:00:00,25.099222
2012-05-28 00:00:00,25.088945000000002
2012-05-29 00:00:00,25.220982
2012-05-30 00:00:00,25.431698
2012-05-31 00:00:00,25.873085
2012-06-03 00:00:00,25.981098
2012-06-04 00:00:00,26.034882
2012-06-05 00:00:00,25.730543
2012-06-06 00:00:00,25.357342000000003
2012-06-07 00:00:00,25.396584
2012-06-10 00:00:00,25.106720000000003
2012-06-11 00:00:00,25.459866
2012-06-12 00:00:00,25.637783
2012-06-13 00:00:00,25.346989
2012-06-14 00:00:00,25.422207
2012-06-17 00:00:00,25.528688
2012-06-18 00:00:00,25.505159
2012-06-19 00:00:00,25.509911
2012-06-20 00:00:00,25.648415
2012-06-21 00:00:00,25.947914
2012-06-24 00:00:00,25.888445
2012-06-25 00:00:00,25.893677
2012-06-26 00:00:00,25.666565
2012-06-27 00:00:00,25.803959
2012-06-28 00:00:00,25.866272
2012-07-01 00:00:00,25.499014000000003
2012-07-02 00:00:00,25.70475
2012-07-03 00:00:00,25.517355
2012-07-04 00:00:00,25.503788
2012-07-05 00:00:00,25.756344
2012-07-08 00:00:00,25.894064
2012-07-09 00:00:00,25.837538000000002
2012-07-10 00:00:00,25.917133
2012-07-11 00:00:00,25.857504000000002
2012-07-12 00:00:00,25.796234
2012-07-15 00:00:00,25.72224
2012-07-16 00:00:00,25.703899
2012-07-17 00:00:00,25.654287
2012-07-18 00:00:00,25.605534
2012-07-19 00:00:00,25.381033
2012-07-22 00:00:00,25.458319
2012-07-23 00:00:00,25.869339
2012-07-24 00:00:00,26.074382999999997
2012-07-25 00:00:00,25.993216
2012-07-26 00:00:00,25.797253
2012-07-29 00:00:00,25.668341
2012-07-30 00:00:00,25.793415
2012-07-31 00:00:00,25.847862
2012-08-01 00:00:00,25.974184
2012-08-02 00:00:00,26.129654000000002
2012-08-05 00:00:00,25.809931
2012-08-06 00:00:00,25.432301000000002
2012-08-07 00:00:00,25.372387
2012-08-08 00:00:00,25.306185
2012-08-09 00:00:00,25.442435999999997
2012-08-12 00:00:00,25.545845
2012-08-13 00:00:00,25.544216
2012-08-14 00:00:00,25.516996
2012-08-15 00:00:00,25.446483999999998
2012-08-16 00:00:00,25.444517
2012-08-19 00:00:00,25.544003
2012-08-20 00:00:00,25.53673
2012-08-21 00:00:00,25.392103
2012-08-22 00:00:00,25.371279
2012-08-23 00:00:00,25.452942
2012-08-26 00:00:00,25.411726
2012-08-27 00:00:00,25.438951
2012-08-28 00:00:00,25.52459
2012-08-29 00:00:00,25.677876
2012-08-30 00:00:00,25.957081
2012-09-02 00:00:00,25.843702
2012-09-03 00:00:00,25.90126
2012-09-04 00:00:00,25.895336
2012-09-05 00:00:00,25.848459
2012-09-06 00:00:00,25.703985
2012-09-09 00:00:00,25.604273000000003
2012-09-10 00:00:00,25.590118
2012-09-11 00:00:00,25.580435
2012-09-12 00:00:00,25.5732
2012-09-13 00:00:00,25.33605
2012-09-16 00:00:00,24.984516
2012-09-17 00:00:00,25.036362
2012-09-18 00:00:00,25.218564999999998
2012-09-19 00:00:00,25.45014
2012-09-20 00:00:00,25.414005
2012-09-23 00:00:00,25.33856
2012-09-24 00:00:00,25.339363
2012-09-25 00:00:00,25.367995999999998
2012-09-26 00:00:00,25.425531
2012-09-27 00:00:00,25.203344
2012-09-30 00:00:00,25.366964000000003
2012-10-01 00:00:00,25.358176999999998
2012-10-02 00:00:00,25.278370000000002
2012-10-03 00:00:00,25.316313
2012-10-04 00:00:00,25.160534
2012-10-07 00:00:00,25.218994
2012-10-08 00:00:00,25.352047
2012-10-09 00:00:00,25.28828
2012-10-10 00:00:00,25.286678
2012-10-11 00:00:00,25.217129
2012-10-14 00:00:00,25.442663
2012-10-15 00:00:00,25.358284
2012-10-16 00:00:00,25.26717
2012-10-17 00:00:00,25.267345000000002
2012-10-18 00:00:00,25.229039999999998
2012-10-21 00:00:00,25.238188
2012-10-22 00:00:00,25.455036
2012-10-23 00:00:00,25.636944
2012-10-24 00:00:00,25.683973
2012-10-25 00:00:00,25.641659
2012-10-29 00:00:00,25.664158
2012-10-30 00:00:00,25.774649
2012-10-31 00:00:00,25.702123999999998
2012-11-01 00:00:00,25.647755
2012-11-02 00:00:00,25.60918
2012-11-05 00:00:00,25.710832999999997
2012-11-06 00:00:00,25.784132
2012-11-07 00:00:00,25.646931
2012-11-08 00:00:00,25.770367
2012-11-09 00:00:00,25.681904
2012-11-12 00:00:00,25.769442
2012-11-13 00:00:00,25.89645
2012-11-14 00:00:00,25.940901
2012-11-15 00:00:00,25.874426
2012-11-16 00:00:00,25.831282
2012-11-19 00:00:00,25.787766
2012-11-20 00:00:00,25.624295999999998
2012-11-21 00:00:00,25.561638000000002
2012-11-22 00:00:00,25.389057
2012-11-23 00:00:00,25.428959
2012-11-26 00:00:00,25.364048
2012-11-27 00:00:00,25.36524
2012-11-28 00:00:00,25.39591
2012-11-29 00:00:00,25.400328
2012-11-30 00:00:00,25.293125
2012-12-03 00:00:00,25.281313
2012-12-04 00:00:00,25.334044
2012-12-05 00:00:00,25.297813
2012-12-06 00:00:00,25.250925
2012-12-07 00:00:00,25.322210000000002
2012-12-10 00:00:00,25.246763
2012-12-11 00:00:00,25.178606
2012-12-12 00:00:00,25.136015
2012-12-13 00:00:00,25.023352
2012-12-14 00:00:00,25.152729
2012-12-17 00:00:00,25.140470999999998
2012-12-18 00:00:00,25.387014
2012-12-19 00:00:00,25.229816
2012-12-20 00:00:00,25.165569
2012-12-21 00:00:00,25.174192
2012-12-24 00:00:00,25.22699
2012-12-25 00:00:00,25.061193
2012-12-26 00:00:00,25.067295
2012-12-27 00:00:00,24.873951
2012-12-28 00:00:00,24.763657000000002
2012-12-31 00:00:00,24.891815
2013-01-01 00:00:00,24.987301000000002
2013-01-02 00:00:00,24.840088
2013-01-03 00:00:00,24.699007
2013-01-04 00:00:00,24.666119000000002
2013-01-07 00:00:00,24.690409
2013-01-08 00:00:00,24.701391
2013-01-09 00:00:00,24.653902
2013-01-10 00:00:00,24.704296
2013-01-11 00:00:00,24.644554
2013-01-14 00:00:00,24.662912
2013-01-15 00:00:00,24.604084
2013-01-16 00:00:00,24.747101
2013-01-17 00:00:00,24.765631
2013-01-18 00:00:00,24.652404999999998
2013-01-21 00:00:00,24.645270999999997
2013-01-22 00:00:00,24.625916
2013-01-23 00:00:00,24.626079999999998
2013-01-24 00:00:00,24.584007
2013-01-25 00:00:00,24.372723
2013-01-28 00:00:00,24.261314000000002
2013-01-29 00:00:00,24.322785999999997
2013-01-30 00:00:00,24.307379
2013-01-31 00:00:00,24.300289000000003
2013-02-01 00:00:00,24.241323
2013-02-04 00:00:00,24.093605
2013-02-05 00:00:00,24.269051
2013-02-06 00:00:00,24.176379999999998
2013-02-07 00:00:00,24.256601
2013-02-08 00:00:00,24.331982
2013-02-11 00:00:00,24.359779
2013-02-12 00:00:00,24.233843
2013-02-13 00:00:00,24.215785999999998
2013-02-14 00:00:00,24.310701
2013-02-15 00:00:00,24.324726000000002
2013-02-18 00:00:00,24.315088
2013-02-19 00:00:00,24.301363000000002
2013-02-20 00:00:00,24.284744
2013-02-21 00:00:00,24.3559
2013-02-22 00:00:00,24.510181
2013-02-25 00:00:00,24.470786999999998
2013-02-26 00:00:00,24.648378
2013-02-27 00:00:00,24.694929000000002
2013-02-28 00:00:00,24.623473999999998
2013-03-01 00:00:00,24.75602
2013-03-04 00:00:00,24.651297
2013-03-05 00:00:00,24.692806
2013-03-06 00:00:00,24.558739000000003
2013-03-07 00:00:00,24.610236999999998
2013-03-08 00:00:00,24.646317
2013-03-11 00:00:00,24.64007
2013-03-12 00:00:00,24.570614000000003
2013-03-13 00:00:00,24.626715
2013-03-14 00:00:00,24.653448
2013-03-15 00:00:00,24.598078
2013-03-18 00:00:00,24.674446
2013-03-19 00:00:00,24.668001
2013-03-20 00:00:00,24.73937
2013-03-21 00:00:00,24.612783
2013-03-22 00:00:00,24.767874
2013-03-25 00:00:00,24.650060999999997
2013-03-26 00:00:00,24.851689999999998
2013-03-27 00:00:00,24.86717
2013-03-28 00:00:00,25.000803
2013-03-29 00:00:00,25.032488
2013-03-31 00:00:00,24.986141
2013-04-01 00:00:00,25.038584
2013-04-02 00:00:00,25.241978
2013-04-03 00:00:00,25.529707000000002
2013-04-04 00:00:00,25.432732
2013-04-07 00:00:00,25.489151
2013-04-08 00:00:00,25.124697
2013-04-09 00:00:00,25.020018
2013-04-10 00:00:00,24.90328
2013-04-11 00:00:00,24.910632999999997
2013-04-14 00:00:00,25.094732
2013-04-15 00:00:00,25.391685
2013-04-16 00:00:00,25.311777
2013-04-17 00:00:00,25.763821
2013-04-18 00:00:00,25.482738
2013-04-21 00:00:00,25.552574
2013-04-22 00:00:00,25.392702
2013-04-23 00:00:00,25.466129000000002
2013-04-24 00:00:00,25.296661
2013-04-25 00:00:00,25.128532
2013-04-28 00:00:00,25.229704
2013-04-29 00:00:00,25.07312
2013-04-30 00:00:00,25.176685
2013-05-01 00:00:00,25.364161
2013-05-02 00:00:00,25.214385999999998
2013-05-05 00:00:00,25.198708
2013-05-06 00:00:00,25.160151000000003
2013-05-07 00:00:00,25.198362
2013-05-08 00:00:00,25.348198
2013-05-09 00:00:00,25.243292
2013-05-12 00:00:00,25.298597
2013-05-13 00:00:00,25.206583
2013-05-14 00:00:00,25.176026999999998
2013-05-15 00:00:00,25.243451999999998
2013-05-16 00:00:00,25.055405
2013-05-19 00:00:00,24.991923999999997
2013-05-20 00:00:00,24.906451999999998
2013-05-21 00:00:00,24.805214000000003
2013-05-22 00:00:00,24.713697
2013-05-23 00:00:00,24.791058
2013-05-26 00:00:00,24.670641
2013-05-27 00:00:00,24.852632999999997
2013-05-28 00:00:00,24.799526
2013-05-29 00:00:00,24.964010000000002
2013-05-30 00:00:00,25.140091
2013-06-02 00:00:00,25.285124
2013-06-03 00:00:00,25.370356
2013-06-04 00:00:00,25.432035
2013-06-05 00:00:00,25.739172
2013-06-06 00:00:00,25.86208
2013-06-09 00:00:00,25.649523000000002
2013-06-10 00:00:00,25.628951999999998
2013-06-11 00:00:00,25.837439
2013-06-12 00:00:00,25.608067000000002
2013-06-13 00:00:00,25.536198000000002
2013-06-16 00:00:00,25.365820000000003
2013-06-17 00:00:00,25.280066
2013-06-18 00:00:00,25.322042
2013-06-19 00:00:00,25.579407
2013-06-20 00:00:00,25.820299
2013-06-23 00:00:00,25.706433999999998
2013-06-24 00:00:00,25.665594
2013-06-25 00:00:00,25.75465
2013-06-26 00:00:00,25.872961
2013-06-27 00:00:00,25.885897
2013-06-30 00:00:00,25.855198
2013-07-01 00:00:00,26.088428
2013-07-02 00:00:00,26.086672
2013-07-03 00:00:00,26.036564000000002
2013-07-04 00:00:00,25.997252
2013-07-07 00:00:00,25.990645999999998
2013-07-08 00:00:00,25.943142
2013-07-09 00:00:00,25.809604999999998
2013-07-10 00:00:00,25.794355
2013-07-11 00:00:00,25.852608
2013-07-14 00:00:00,25.775617999999998
2013-07-15 00:00:00,25.794388
2013-07-16 00:00:00,25.742113
2013-07-17 00:00:00,25.62612
2013-07-18 00:00:00,25.618876
2013-07-21 00:00:00,25.611362
2013-07-22 00:00:00,25.652061
2013-07-23 00:00:00,25.490534
2013-07-24 00:00:00,25.533554000000002
2013-07-25 00:00:00,25.774055
2013-07-28 00:00:00,25.927849
2013-07-29 00:00:00,25.897844
2013-07-30 00:00:00,25.923342
2013-07-31 00:00:00,25.906734
2013-08-01 00:00:00,25.893658
2013-08-04 00:00:00,25.820623
2013-08-05 00:00:00,25.909128
2013-08-06 00:00:00,26.016327
2013-08-07 00:00:00,25.999556
2013-08-08 00:00:00,26.053652
2013-08-11 00:00:00,26.115492
2013-08-12 00:00:00,26.109924
2013-08-13 00:00:00,26.083414
2013-08-14 00:00:00,26.028151
2013-08-15 00:00:00,25.932348
2013-08-18 00:00:00,25.873266
2013-08-19 00:00:00,25.792004000000002
2013-08-20 00:00:00,25.809235
2013-08-21 00:00:00,25.784084
2013-08-22 00:00:00,25.779467
2013-08-25 00:00:00,25.817501
2013-08-26 00:00:00,25.800114
2013-08-27 00:00:00,25.654469
2013-08-28 00:00:00,25.946526000000002
2013-08-29 00:00:00,26.030184
2013-09-01 00:00:00,26.097717000000003
2013-09-02 00:00:00,26.191971
2013-09-03 00:00:00,26.222092
2013-09-04 00:00:00,26.110094
2013-09-05 00:00:00,26.091707
2013-09-08 00:00:00,26.082642
2013-09-09 00:00:00,26.114667999999998
2013-09-10 00:00:00,25.976114000000003
2013-09-11 00:00:00,25.871351
2013-09-12 00:00:00,25.741132999999998
2013-09-15 00:00:00,25.601091
2013-09-16 00:00:00,25.591832999999998
2013-09-17 00:00:00,25.552628
2013-09-18 00:00:00,25.511278
2013-09-19 00:00:00,25.394066
2013-09-22 00:00:00,25.459808
2013-09-23 00:00:00,25.417932999999998
2013-09-24 00:00:00,25.376155999999998
2013-09-25 00:00:00,25.584657999999997
2013-09-26 00:00:00,25.717201
2013-09-29 00:00:00,25.729592999999998
2013-09-30 00:00:00,25.814898
2013-10-01 00:00:00,25.738607000000002
2013-10-02 00:00:00,25.709068
2013-10-03 00:00:00,25.740676999999998
2013-10-06 00:00:00,25.78801
2013-10-08 00:00:00,25.918123
2013-10-09 00:00:00,25.831879
2013-10-10 00:00:00,25.765223000000002
2013-10-13 00:00:00,25.788618
2013-10-14 00:00:00,25.918104
2013-10-15 00:00:00,25.871492
2013-10-16 00:00:00,25.790722
2013-10-17 00:00:00,25.694115
2013-10-20 00:00:00,25.684670999999998
2013-10-21 00:00:00,25.713423000000002
2013-10-22 00:00:00,25.622053
2013-10-23 00:00:00,25.616285
2013-10-24 00:00:00,25.592966
2013-10-28 00:00:00,25.723835
2013-10-29 00:00:00,25.732773
2013-10-30 00:00:00,25.835194
2013-10-31 00:00:00,25.773335999999997
2013-11-01 00:00:00,25.806599
2013-11-04 00:00:00,26.015945000000002
2013-11-05 00:00:00,26.036659
2013-11-06 00:00:00,26.1141
2013-11-07 00:00:00,26.041377999999998
2013-11-08 00:00:00,26.0273
2013-11-11 00:00:00,26.141401000000002
2013-11-12 00:00:00,26.278447999999997
2013-11-13 00:00:00,26.320982
2013-11-14 00:00:00,26.281477000000002
2013-11-15 00:00:00,26.237820000000003
2013-11-18 00:00:00,26.11145
2013-11-19 00:00:00,26.084908
2013-11-20 00:00:00,26.289518
2013-11-21 00:00:00,26.372858
2013-11-22 00:00:00,26.381586
2013-11-25 00:00:00,26.010673999999998
2013-11-26 00:00:00,26.324118
2013-11-27 00:00:00,26.298851000000003
2013-11-28 00:00:00,26.415728
2013-11-29 00:00:00,26.377401000000003
2013-12-02 00:00:00,26.417515
2013-12-03 00:00:00,26.438946
2013-12-04 00:00:00,26.543894
2013-12-05 00:00:00,26.411853999999998
2013-12-06 00:00:00,26.267252000000003
2013-12-09 00:00:00,26.187181
2013-12-10 00:00:00,26.179516
2013-12-11 00:00:00,26.163218
2013-12-12 00:00:00,26.151093
2013-12-13 00:00:00,26.086873999999998
2013-12-16 00:00:00,26.187059
2013-12-17 00:00:00,26.155651000000002
2013-12-18 00:00:00,26.225782000000002
2013-12-19 00:00:00,25.998224
2013-12-20 00:00:00,26.011009
2013-12-23 00:00:00,26.045494
2013-12-24 00:00:00,25.742651000000002
2013-12-25 00:00:00,25.631474
2013-12-26 00:00:00,25.740328
2013-12-27 00:00:00,25.715256
2013-12-30 00:00:00,25.666054000000003
2013-12-31 00:00:00,25.796144
2014-01-01 00:00:00,25.891579
2014-01-02 00:00:00,25.874798000000002
2014-01-03 00:00:00,26.121944
2014-01-06 00:00:00,26.187374
2014-01-07 00:00:00,26.154259
2014-01-08 00:00:00,26.037016
2014-01-09 00:00:00,25.988234
2014-01-10 00:00:00,26.088383
2014-01-13 00:00:00,26.109894
2014-01-14 00:00:00,26.269947
2014-01-15 00:00:00,26.239278999999996
2014-01-16 00:00:00,26.238668
2014-01-17 00:00:00,26.252466
2014-01-20 00:00:00,26.353863
2014-01-21 00:00:00,26.436707000000002
2014-01-22 00:00:00,26.564234000000003
2014-01-23 00:00:00,26.517878000000003
2014-01-24 00:00:00,26.631123
2014-01-27 00:00:00,26.982576
2014-01-28 00:00:00,27.126354
2014-01-29 00:00:00,27.157898
2014-01-30 00:00:00,27.425913
2014-01-31 00:00:00,27.384372999999997
2014-02-03 00:00:00,27.520277
2014-02-04 00:00:00,27.753086
2014-02-05 00:00:00,27.56785
2014-02-06 00:00:00,27.483946000000003
2014-02-07 00:00:00,27.331732000000002
2014-02-10 00:00:00,27.369865
2014-02-11 00:00:00,27.339487
2014-02-12 00:00:00,27.403505
2014-02-13 00:00:00,27.495495000000002
2014-02-14 00:00:00,27.736231
2014-02-17 00:00:00,27.875774
2014-02-18 00:00:00,27.953235999999997
2014-02-19 00:00:00,28.075384000000003
2014-02-20 00:00:00,28.270597
2014-02-21 00:00:00,28.254641999999997
2014-02-24 00:00:00,28.004751000000002
2014-02-25 00:00:00,28.107879999999998
2014-02-26 00:00:00,28.233010999999998
2014-02-27 00:00:00,28.442883000000002
2014-02-28 00:00:00,28.464128000000002
2014-03-03 00:00:00,28.366397999999997
2014-03-04 00:00:00,28.656282
2014-03-05 00:00:00,28.378513
2014-03-06 00:00:00,28.38192
2014-03-07 00:00:00,28.56868
2014-03-10 00:00:00,28.731508
2014-03-11 00:00:00,28.69244
2014-03-12 00:00:00,28.745159
2014-03-13 00:00:00,28.760766999999998
2014-03-14 00:00:00,28.825922
2014-03-17 00:00:00,28.875069
2014-03-18 00:00:00,28.625551
2014-03-19 00:00:00,28.674191999999998
2014-03-20 00:00:00,28.3995
2014-03-21 00:00:00,28.413040000000002
2014-03-24 00:00:00,28.442482000000002
2014-03-25 00:00:00,28.396328000000004
2014-03-26 00:00:00,28.003722999999997
2014-03-27 00:00:00,28.035799
2014-03-28 00:00:00,28.139035999999997
2014-03-30 00:00:00,28.231157
2014-03-31 00:00:00,27.931486
2014-04-01 00:00:00,27.787657
2014-04-02 00:00:00,28.075449
2014-04-03 00:00:00,28.132259
2014-04-06 00:00:00,27.763437
2014-04-07 00:00:00,28.228184000000002
2014-04-08 00:00:00,28.493810999999997
2014-04-09 00:00:00,28.467833000000002
2014-04-10 00:00:00,28.453375
2014-04-13 00:00:00,28.514378000000004
2014-04-14 00:00:00,28.668209
2014-04-15 00:00:00,28.866932000000002
2014-04-16 00:00:00,28.794477
2014-04-17 00:00:00,28.283802
2014-04-20 00:00:00,28.281719
2014-04-21 00:00:00,28.4613
2014-04-22 00:00:00,28.3972
2014-04-23 00:00:00,28.410711
2014-04-24 00:00:00,28.403212
2014-04-27 00:00:00,28.669571
2014-04-28 00:00:00,28.518579
2014-04-29 00:00:00,28.37623
2014-04-30 00:00:00,28.408119
2014-05-01 00:00:00,28.220526
2014-05-04 00:00:00,28.505138
2014-05-05 00:00:00,28.537584000000003
2014-05-06 00:00:00,28.392519
2014-05-07 00:00:00,27.925953000000003
2014-05-08 00:00:00,28.087046
2014-05-11 00:00:00,28.160503000000002
2014-05-12 00:00:00,27.986497999999997
2014-05-13 00:00:00,27.787879999999998
2014-05-14 00:00:00,27.677205999999998
2014-05-15 00:00:00,27.750463
2014-05-18 00:00:00,27.724660999999998
2014-05-19 00:00:00,27.602992999999998
2014-05-20 00:00:00,27.533140000000003
2014-05-21 00:00:00,27.385009999999998
2014-05-22 00:00:00,27.419594
2014-05-25 00:00:00,27.181023
2014-05-26 00:00:00,27.268038
2014-05-27 00:00:00,27.356989000000002
2014-05-28 00:00:00,27.496477000000002
2014-05-29 00:00:00,27.607803000000004
2014-06-01 00:00:00,27.794635999999997
2014-06-02 00:00:00,27.751509000000002
2014-06-03 00:00:00,27.893041999999998
2014-06-04 00:00:00,27.781002
2014-06-05 00:00:00,27.682890000000004
2014-06-08 00:00:00,27.487637
2014-06-09 00:00:00,27.430172
2014-06-10 00:00:00,27.441019
2014-06-11 00:00:00,27.467165
2014-06-12 00:00:00,27.517189000000002
2014-06-15 00:00:00,27.476055
2014-06-16 00:00:00,27.663636999999998
2014-06-17 00:00:00,27.773901000000002
2014-06-18 00:00:00,27.493772999999997
2014-06-19 00:00:00,27.489956
2014-06-22 00:00:00,27.562769
2014-06-23 00:00:00,27.306897999999997
2014-06-24 00:00:00,27.028984
2014-06-25 00:00:00,27.023705
2014-06-26 00:00:00,26.902009999999997
2014-06-29 00:00:00,26.988020000000002
2014-06-30 00:00:00,27.146652000000003
2014-07-01 00:00:00,27.556934000000002
2014-07-02 00:00:00,27.492846999999998
2014-07-03 00:00:00,27.386944
2014-07-06 00:00:00,27.573605999999998
2014-07-07 00:00:00,27.593173999999998
2014-07-08 00:00:00,27.515511
2014-07-09 00:00:00,27.101662
2014-07-10 00:00:00,27.300634000000002
2014-07-13 00:00:00,27.550632
2014-07-14 00:00:00,27.648718
2014-07-15 00:00:00,27.629590999999998
2014-07-16 00:00:00,27.87167
2014-07-17 00:00:00,28.262814000000002
2014-07-20 00:00:00,28.263149
2014-07-21 00:00:00,28.357965000000004
2014-07-22 00:00:00,28.172194
2014-07-23 00:00:00,28.122957
2014-07-24 00:00:00,28.2432
2014-07-27 00:00:00,28.280191
2014-07-28 00:00:00,28.660006
2014-07-29 00:00:00,28.65423
2014-07-30 00:00:00,28.570051
2014-07-31 00:00:00,28.559828000000003
2014-08-03 00:00:00,28.655123
2014-08-04 00:00:00,28.644781
2014-08-05 00:00:00,28.853109000000003
2014-08-06 00:00:00,28.908527000000003
2014-08-07 00:00:00,28.977575
2014-08-10 00:00:00,28.889848999999998
2014-08-11 00:00:00,28.713597999999998
2014-08-12 00:00:00,28.903121999999996
2014-08-13 00:00:00,28.824398
2014-08-14 00:00:00,28.88673
2014-08-17 00:00:00,28.961906
2014-08-18 00:00:00,28.933155
2014-08-19 00:00:00,28.977638
2014-08-20 00:00:00,28.897710999999997
2014-08-21 00:00:00,28.780442999999998
2014-08-24 00:00:00,28.824492
2014-08-25 00:00:00,28.816972999999997
2014-08-26 00:00:00,28.815754
2014-08-27 00:00:00,28.958170000000003
2014-08-28 00:00:00,29.310892
2014-08-31 00:00:00,29.576181
2014-09-01 00:00:00,29.841065999999998
2014-09-02 00:00:00,29.859989000000002
2014-09-03 00:00:00,29.382561
2014-09-04 00:00:00,29.358479
2014-09-07 00:00:00,29.429802000000002
2014-09-08 00:00:00,29.33585
2014-09-09 00:00:00,29.343279
2014-09-10 00:00:00,29.517896999999998
2014-09-11 00:00:00,29.597795
2014-09-14 00:00:00,29.855673
2014-09-15 00:00:00,30.333040000000004
2014-09-16 00:00:00,30.387506
2014-09-17 00:00:00,30.235701000000002
2014-09-18 00:00:00,30.253805
2014-09-21 00:00:00,30.289982000000002
2014-09-22 00:00:00,30.442694
2014-09-23 00:00:00,30.393279999999997
2014-09-24 00:00:00,30.081703000000005
2014-09-25 00:00:00,30.305097999999997
2014-09-28 00:00:00,30.623666999999998
2014-09-29 00:00:00,30.86096
2014-09-30 00:00:00,31.005847999999997
2014-10-01 00:00:00,31.203577000000003
2014-10-02 00:00:00,31.046055
2014-10-05 00:00:00,31.290297
2014-10-06 00:00:00,31.121895000000002
2014-10-07 00:00:00,31.149738
2014-10-08 00:00:00,31.378709999999998
2014-10-09 00:00:00,31.462557
2014-10-12 00:00:00,31.657356
2014-10-13 00:00:00,31.786263
2014-10-14 00:00:00,32.045483000000004
2014-10-15 00:00:00,31.819876
2014-10-16 00:00:00,31.952677
2014-10-19 00:00:00,31.877594000000002
2014-10-20 00:00:00,32.235240999999995
2014-10-21 00:00:00,32.127117
2014-10-22 00:00:00,32.464729
2014-10-23 00:00:00,32.636665
2014-10-27 00:00:00,32.826267
2014-10-28 00:00:00,33.130234
2014-10-29 00:00:00,33.330082
2014-10-30 00:00:00,33.641338
2014-10-31 00:00:00,32.107883
2014-11-03 00:00:00,33.376488
2014-11-04 00:00:00,33.607159
2014-11-05 00:00:00,33.952698
2014-11-06 00:00:00,34.637749
2014-11-07 00:00:00,36.188301
2014-11-10 00:00:00,36.026917
2014-11-11 00:00:00,35.767146999999994
2014-11-12 00:00:00,35.951687
2014-11-13 00:00:00,35.578793
2014-11-14 00:00:00,36.122997
2014-11-17 00:00:00,36.39835
2014-11-18 00:00:00,36.287807
2014-11-19 00:00:00,36.093525
2014-11-20 00:00:00,35.946018
2014-11-21 00:00:00,35.464946999999995
2014-11-24 00:00:00,35.16441
2014-11-25 00:00:00,34.53561
2014-11-26 00:00:00,35.596653
2014-11-27 00:00:00,36.523457
2014-11-28 00:00:00,37.889896
2014-12-01 00:00:00,38.461098
2014-12-02 00:00:00,38.998726
2014-12-03 00:00:00,41.089985
2014-12-04 00:00:00,40.457240999999996
2014-12-05 00:00:00,41.338493
2014-12-08 00:00:00,39.84734
2014-12-09 00:00:00,40.767578
2014-12-10 00:00:00,41.088390000000004
2014-12-11 00:00:00,41.906357
2014-12-12 00:00:00,41.583313000000004
2014-12-15 00:00:00,44.379784
2014-12-16 00:00:00,49.951576
2014-12-17 00:00:00,52.226085999999995
2014-12-18 00:00:00,49.554901
2014-12-19 00:00:00,47.204147
2014-12-22 00:00:00,44.746689
2014-12-23 00:00:00,42.328559999999996
2014-12-24 00:00:00,41.21331
2014-12-25 00:00:00,40.896159999999995
2014-12-26 00:00:00,38.698260999999995
2014-12-29 00:00:00,40.406063
2014-12-30 00:00:00,43.681549
2014-12-31 00:00:00,42.805035
2015-01-01 00:00:00,45.849384
2015-01-02 00:00:00,44.059437
2015-01-05 00:00:00,44.032227
2015-01-06 00:00:00,45.590946
2015-01-07 00:00:00,47.345615
2015-01-08 00:00:00,46.849529
2015-01-09 00:00:00,45.039322
2015-01-12 00:00:00,46.145988
2015-01-13 00:00:00,47.331005
2015-01-14 00:00:00,48.883736
2015-01-15 00:00:00,48.022999
2015-01-16 00:00:00,48.864509999999996
2015-01-19 00:00:00,49.188235999999996
2015-01-20 00:00:00,48.612072
2015-01-21 00:00:00,48.548477
2015-01-22 00:00:00,48.872345
2015-01-23 00:00:00,47.994178999999995
2015-01-26 00:00:00,47.538414
2015-01-27 00:00:00,50.473019
2015-01-28 00:00:00,50.739189
2015-01-29 00:00:00,50.079414
2015-01-30 00:00:00,50.812813
2015-02-02 00:00:00,51.799884999999996
2015-02-03 00:00:00,50.558849
2015-02-04 00:00:00,48.351151
2015-02-05 00:00:00,50.263687
2015-02-06 00:00:00,49.370708
2015-02-09 00:00:00,49.50597
2015-02-10 00:00:00,48.521133
2015-02-11 00:00:00,48.211849
2015-02-12 00:00:00,47.8218
2015-02-13 00:00:00,48.137572999999996
2015-02-16 00:00:00,46.749393
2015-02-17 00:00:00,46.484119
2015-02-18 00:00:00,46.995529
2015-02-19 00:00:00,45.430424
2015-02-20 00:00:00,45.542534
2015-02-23 00:00:00,45.324905
2015-02-24 00:00:00,46.763618
2015-02-25 00:00:00,46.22044
2015-02-26 00:00:00,45.414249
2015-02-27 00:00:00,45.064537
2015-03-02 00:00:00,44.824253000000006
2015-03-03 00:00:00,45.884186
2015-03-04 00:00:00,45.409157
2015-03-05 00:00:00,45.233742
2015-03-06 00:00:00,44.4412
2015-03-09 00:00:00,43.792023
2015-03-10 00:00:00,44.009128999999994
2015-03-11 00:00:00,44.680401
2015-03-12 00:00:00,44.943501
2015-03-13 00:00:00,44.372974
2015-03-16 00:00:00,44.795155
2015-03-17 00:00:00,44.809319
2015-03-18 00:00:00,44.230495
2015-03-19 00:00:00,43.072292
2015-03-20 00:00:00,43.304047
2015-03-23 00:00:00,42.994011
2015-03-24 00:00:00,42.922424
2015-03-25 00:00:00,42.219952
2015-03-26 00:00:00,41.888321000000005
2015-03-27 00:00:00,41.844947999999995
2015-03-29 00:00:00,42.260360999999996
2015-03-30 00:00:00,41.813255
2015-03-31 00:00:00,42.345951
2015-04-01 00:00:00,42.229267
2015-04-02 00:00:00,41.672314
2015-04-05 00:00:00,42.043163
2015-04-06 00:00:00,40.88044
2015-04-07 00:00:00,40.386215
2015-04-08 00:00:00,39.561501
2015-04-09 00:00:00,38.250076
2015-04-12 00:00:00,38.193191999999996
2015-04-13 00:00:00,37.966961
2015-04-14 00:00:00,37.483276000000004
2015-04-15 00:00:00,36.714245
2015-04-16 00:00:00,36.832755999999996
2015-04-19 00:00:00,38.721088
2015-04-20 00:00:00,39.584351
2015-04-21 00:00:00,39.644085
2015-04-22 00:00:00,38.436424
2015-04-23 00:00:00,37.835747
2015-04-26 00:00:00,38.16925
2015-04-27 00:00:00,39.10714
2015-04-28 00:00:00,38.769981
2015-04-29 00:00:00,38.592017999999996
2015-04-30 00:00:00,38.969425
2015-05-03 00:00:00,38.617535
2015-05-04 00:00:00,39.016052
2015-05-05 00:00:00,37.952133
2015-05-06 00:00:00,38.465206
2015-05-07 00:00:00,37.717822999999996
2015-05-10 00:00:00,38.277187
2015-05-11 00:00:00,38.263271
2015-05-12 00:00:00,37.464306
2015-05-13 00:00:00,37.19413
2015-05-14 00:00:00,37.932026
2015-05-17 00:00:00,37.43808
2015-05-18 00:00:00,36.964283
2015-05-19 00:00:00,37.087109000000005
2015-05-20 00:00:00,37.049728
2015-05-21 00:00:00,37.377369
2015-05-24 00:00:00,37.366787
2015-05-25 00:00:00,37.225853
2015-05-26 00:00:00,37.724334999999996
2015-05-27 00:00:00,38.474918
2015-05-28 00:00:00,38.960751
2015-05-31 00:00:00,38.783046999999996
2015-06-01 00:00:00,39.480167
2015-06-02 00:00:00,39.089615
2015-06-03 00:00:00,40.375801
2015-06-04 00:00:00,41.801914000000004
2015-06-07 00:00:00,41.407528000000006
2015-06-08 00:00:00,41.318588
2015-06-09 00:00:00,41.103142
2015-06-10 00:00:00,40.419827000000005
2015-06-11 00:00:00,40.6534
2015-06-14 00:00:00,40.90852
2015-06-15 00:00:00,40.480292999999996
2015-06-16 00:00:00,39.951607
2015-06-17 00:00:00,40.166142
2015-06-18 00:00:00,39.897186
2015-06-21 00:00:00,40.499119
2015-06-22 00:00:00,40.368038
2015-06-23 00:00:00,40.109806
2015-06-24 00:00:00,40.575161
2015-06-25 00:00:00,40.71909
2015-06-28 00:00:00,40.458618
2015-06-29 00:00:00,41.317615999999994
2015-06-30 00:00:00,40.978699
2015-07-01 00:00:00,41.243263
2015-07-02 00:00:00,41.144890000000004
2015-07-05 00:00:00,41.400372
2015-07-06 00:00:00,42.119007
2015-07-07 00:00:00,41.813122
2015-07-08 00:00:00,42.542957
2015-07-09 00:00:00,42.397381
2015-07-12 00:00:00,41.636134999999996
2015-07-13 00:00:00,41.610115
2015-07-14 00:00:00,41.472828
2015-07-15 00:00:00,41.628231
2015-07-16 00:00:00,41.657211
2015-07-19 00:00:00,41.597874
2015-07-20 00:00:00,41.523773
2015-07-21 00:00:00,41.745506
2015-07-22 00:00:00,41.850689
2015-07-23 00:00:00,42.244259
2015-07-26 00:00:00,42.523140000000005
2015-07-27 00:00:00,43.513477
2015-07-28 00:00:00,43.942005
2015-07-29 00:00:00,42.728428
2015-07-30 00:00:00,43.41552
2015-08-02 00:00:00,44.894157
2015-08-03 00:00:00,46.101349
2015-08-04 00:00:00,45.677933
2015-08-05 00:00:00,45.805572999999995
2015-08-06 00:00:00,46.604076
2015-08-09 00:00:00,46.573444
2015-08-10 00:00:00,45.499268
2015-08-11 00:00:00,45.734463
2015-08-12 00:00:00,45.833595
2015-08-13 00:00:00,46.190746000000004
2015-08-16 00:00:00,46.135864
2015-08-17 00:00:00,46.470188
2015-08-18 00:00:00,46.854079999999996
2015-08-19 00:00:00,47.458378
2015-08-20 00:00:00,48.557457
2015-08-23 00:00:00,48.885513
2015-08-24 00:00:00,50.173744
2015-08-25 00:00:00,49.372559
2015-08-26 00:00:00,49.050034000000004
2015-08-27 00:00:00,47.204952
2015-08-30 00:00:00,46.340061
2015-08-31 00:00:00,45.593348999999996
2015-09-01 00:00:00,47.04142
2015-09-02 00:00:00,47.181141
2015-09-03 00:00:00,47.417759000000004
2015-09-06 00:00:00,48.044979
2015-09-07 00:00:00,48.465076
2015-09-08 00:00:00,47.897514
2015-09-09 00:00:00,48.159348
2015-09-10 00:00:00,47.904666999999996
2015-09-13 00:00:00,47.99535
2015-09-14 00:00:00,48.056126
2015-09-15 00:00:00,47.619811999999996
2015-09-16 00:00:00,46.722103000000004
2015-09-17 00:00:00,46.830578
2015-09-20 00:00:00,47.446301
2015-09-22 00:00:00,46.433861
2015-09-23 00:00:00,46.299606
2015-09-24 00:00:00,46.386906
2015-09-27 00:00:00,45.907951000000004
2015-09-28 00:00:00,46.167477000000005
2015-09-29 00:00:00,46.032166
2015-09-30 00:00:00,45.93335
2015-10-01 00:00:00,45.876059999999995
2015-10-04 00:00:00,46.081863
2015-10-05 00:00:00,45.600735
2015-10-06 00:00:00,44.616764
2015-10-07 00:00:00,44.09827
2015-10-08 00:00:00,43.68187
2015-10-11 00:00:00,44.09251
2015-10-12 00:00:00,44.413734000000005
2015-10-13 00:00:00,44.971268
2015-10-14 00:00:00,45.405243
2015-10-15 00:00:00,44.459099
2015-10-18 00:00:00,44.233631
2015-10-19 00:00:00,44.904835
2015-10-20 00:00:00,44.60635
2015-10-21 00:00:00,45.190559
2015-10-22 00:00:00,44.830738000000004
2015-10-26 00:00:00,44.630268
2015-10-27 00:00:00,45.227249
2015-10-28 00:00:00,46.856419
2015-10-29 00:00:00,45.599136
2015-10-30 00:00:00,45.760117
2015-11-02 00:00:00,45.797058
2015-11-03 00:00:00,45.489655
2015-11-04 00:00:00,44.862614
2015-11-05 00:00:00,44.959236
2015-11-06 00:00:00,44.261002000000005
2015-11-09 00:00:00,45.318932000000004
2015-11-10 00:00:00,45.422581
2015-11-11 00:00:00,45.340008000000005
2015-11-12 00:00:00,46.079063
2015-11-13 00:00:00,46.872840999999994
2015-11-16 00:00:00,46.886951
2015-11-17 00:00:00,45.76215
2015-11-18 00:00:00,45.578213
2015-11-19 00:00:00,45.655848999999996
2015-11-20 00:00:00,45.675521999999994
2015-11-23 00:00:00,45.737988
2015-11-24 00:00:00,46.604492
2015-11-25 00:00:00,46.434653999999995
2015-11-26 00:00:00,46.679958
2015-11-27 00:00:00,46.57275
2015-11-30 00:00:00,47.004704
2015-12-01 00:00:00,47.094952
2015-12-02 00:00:00,47.388443
2015-12-03 00:00:00,47.746899
2015-12-04 00:00:00,48.414303000000004
2015-12-07 00:00:00,48.686806
2015-12-08 00:00:00,49.315052
2015-12-09 00:00:00,49.232738
2015-12-10 00:00:00,49.365134999999995
2015-12-11 00:00:00,47.156895
2015-12-14 00:00:00,49.688606
2015-12-15 00:00:00,50.095161
2015-12-16 00:00:00,50.159039
2015-12-17 00:00:00,49.630253
2015-12-18 00:00:00,50.016575
2015-12-21 00:00:00,50.222706
2015-12-22 00:00:00,50.332874
2015-12-23 00:00:00,50.788181
2015-12-24 00:00:00,49.496947999999996
2015-12-25 00:00:00,49.516693
2015-12-28 00:00:00,50.016735
2015-12-29 00:00:00,51.304195
2015-12-30 00:00:00,51.134636
2015-12-31 00:00:00,51.769847999999996
2016-01-01 00:00:00,51.596584
2016-01-04 00:00:00,51.744803999999995
2016-01-05 00:00:00,51.277328000000004
2016-01-06 00:00:00,51.915240999999995
2016-01-07 00:00:00,51.950359000000006
2016-01-08 00:00:00,52.058765
2016-01-11 00:00:00,51.814316
2016-01-12 00:00:00,52.976723
2016-01-13 00:00:00,53.252196999999995
2016-01-14 00:00:00,52.986774
2016-01-15 00:00:00,53.1096
2016-01-18 00:00:00,53.97256899999999
2016-01-19 00:00:00,55.172031000000004
2016-01-20 00:00:00,54.709030000000006
2016-01-21 00:00:00,56.94123100000001
2016-01-22 00:00:00,57.840576
2016-01-25 00:00:00,54.837948
2016-01-26 00:00:00,55.791588
2016-01-27 00:00:00,54.840137
2016-01-28 00:00:00,54.344848999999996
2016-01-29 00:00:00,53.630478000000004
2016-02-01 00:00:00,52.963028
2016-02-02 00:00:00,54.284969
2016-02-03 00:00:00,55.752552
2016-02-04 00:00:00,54.303402
2016-02-05 00:00:00,54.95819100000001
2016-02-08 00:00:00,54.889618000000006
2016-02-09 00:00:00,56.113964
2016-02-10 00:00:00,56.953734999999995
2016-02-11 00:00:00,56.340355
2016-02-12 00:00:00,57.401973999999996
2016-02-15 00:00:00,56.071082999999994
2016-02-16 00:00:00,55.41295600000001
2016-02-17 00:00:00,55.373692000000005
2016-02-18 00:00:00,53.30086899999999
2016-02-19 00:00:00,54.398552
2016-02-22 00:00:00,55.009674
2016-02-23 00:00:00,55.284431000000005
2016-02-24 00:00:00,54.046375
2016-02-25 00:00:00,53.923485
2016-02-26 00:00:00,53.668564
2016-02-29 00:00:00,54.187191000000006
2016-03-01 00:00:00,52.97690600000001
2016-03-02 00:00:00,52.307365000000004
2016-03-03 00:00:00,52.441177
2016-03-04 00:00:00,52.613769999999995
2016-03-07 00:00:00,53.09689300000001
2016-03-08 00:00:00,52.98488199999999
2016-03-09 00:00:00,51.864360999999995
2016-03-10 00:00:00,51.362907
2016-03-11 00:00:00,51.538227
2016-03-14 00:00:00,50.893665000000006
2016-03-15 00:00:00,51.048061
2016-03-16 00:00:00,51.469734
2016-03-17 00:00:00,51.105759
2016-03-18 00:00:00,50.423031
2016-03-21 00:00:00,50.319241
2016-03-22 00:00:00,49.864796000000005
2016-03-23 00:00:00,49.437626
2016-03-24 00:00:00,50.262589
2016-03-25 00:00:00,50.104847
2016-03-27 00:00:00,49.723835
2016-03-28 00:00:00,49.996349
2016-03-29 00:00:00,50.252869
2016-03-30 00:00:00,50.092518
2016-03-31 00:00:00,49.69331
2016-04-03 00:00:00,50.044113
2016-04-04 00:00:00,50.750351
2016-04-05 00:00:00,50.727146000000005
2016-04-06 00:00:00,50.406368
2016-04-07 00:00:00,50.284569
2016-04-10 00:00:00,49.761486
2016-04-11 00:00:00,49.671463
2016-04-12 00:00:00,48.517708
2016-04-13 00:00:00,48.870621
2016-04-14 00:00:00,48.389702
2016-04-17 00:00:00,48.849289
2016-04-18 00:00:00,49.224045000000004
2016-04-19 00:00:00,49.21817
2016-04-20 00:00:00,48.87442
2016-04-21 00:00:00,49.398635999999996
2016-04-24 00:00:00,49.301025
2016-04-25 00:00:00,49.229675
2016-04-26 00:00:00,48.669391999999995
2016-04-27 00:00:00,48.290802
2016-04-28 00:00:00,48.023922
2016-05-01 00:00:00,48.046436
2016-05-02 00:00:00,48.135635
2016-05-03 00:00:00,49.098686
2016-05-04 00:00:00,49.046459000000006
2016-05-05 00:00:00,48.578159
2016-05-08 00:00:00,48.378853
2016-05-09 00:00:00,48.320553000000004
2016-05-10 00:00:00,48.309428999999994
2016-05-11 00:00:00,47.579163
2016-05-12 00:00:00,47.211929
2016-05-15 00:00:00,47.699944
2016-05-16 00:00:00,47.381683
2016-05-17 00:00:00,47.222569
2016-05-18 00:00:00,47.586135999999996
2016-05-19 00:00:00,48.37587
2016-05-22 00:00:00,48.404736
2016-05-23 00:00:00,48.447281
2016-05-24 00:00:00,48.064678
2016-05-25 00:00:00,47.465145
2016-05-26 00:00:00,47.923958
2016-05-29 00:00:00,47.934437
2016-05-30 00:00:00,47.612797
2016-05-31 00:00:00,48.515716999999995
2016-06-01 00:00:00,48.58197
2016-06-02 00:00:00,48.753181
2016-06-05 00:00:00,48.327591
2016-06-06 00:00:00,48.134808
2016-06-07 00:00:00,47.814246999999995
2016-06-08 00:00:00,47.33136
2016-06-09 00:00:00,47.410011
2016-06-12 00:00:00,47.9809
2016-06-13 00:00:00,48.437759
2016-06-14 00:00:00,48.730831
2016-06-15 00:00:00,48.313365999999995
2016-06-16 00:00:00,48.688038
2016-06-19 00:00:00,48.137684
2016-06-20 00:00:00,47.855743
2016-06-21 00:00:00,47.619259
2016-06-22 00:00:00,48.424694
2016-06-23 00:00:00,47.454788
2016-06-26 00:00:00,48.109161
2016-06-27 00:00:00,48.022205
2016-06-28 00:00:00,47.347603
2016-06-29 00:00:00,47.391834
2016-06-30 00:00:00,47.478363
2016-07-03 00:00:00,47.404251
2016-07-04 00:00:00,47.401569
2016-07-05 00:00:00,47.632603
2016-07-06 00:00:00,47.595946999999995
2016-07-07 00:00:00,47.927059
2016-07-10 00:00:00,47.426407
2016-07-11 00:00:00,47.498871
2016-07-12 00:00:00,47.366271999999995
2016-07-13 00:00:00,47.383339
2016-07-14 00:00:00,46.80418
2016-07-17 00:00:00,47.019176
2016-07-18 00:00:00,46.568802000000005
2016-07-19 00:00:00,46.995388
2016-07-20 00:00:00,47.013397
2016-07-21 00:00:00,47.535984
2016-07-24 00:00:00,47.699123
2016-07-25 00:00:00,48.038761
2016-07-26 00:00:00,48.455036
2016-07-27 00:00:00,48.776104
2016-07-28 00:00:00,49.221203
2016-07-31 00:00:00,49.163689
2016-08-01 00:00:00,49.858093
2016-08-02 00:00:00,49.760185
2016-08-03 00:00:00,49.341122
2016-08-04 00:00:00,48.973351
2016-08-07 00:00:00,48.635471
2016-08-08 00:00:00,47.982647
2016-08-09 00:00:00,48.173054
2016-08-10 00:00:00,48.426693
2016-08-11 00:00:00,47.894073
2016-08-14 00:00:00,47.834114
2016-08-15 00:00:00,47.661654999999996
2016-08-16 00:00:00,47.665375
2016-08-17 00:00:00,47.611706
2016-08-18 00:00:00,47.504704
2016-08-21 00:00:00,47.251976
2016-08-22 00:00:00,47.959
2016-08-23 00:00:00,47.80727
2016-08-24 00:00:00,48.042664
2016-08-25 00:00:00,47.925575
2016-08-28 00:00:00,47.563908000000005
2016-08-29 00:00:00,47.557735
2016-08-30 00:00:00,47.907707
2016-08-31 00:00:00,47.937069
2016-09-01 00:00:00,48.440575
2016-09-04 00:00:00,47.932728000000004
2016-09-05 00:00:00,47.7738
2016-09-06 00:00:00,47.904449
2016-09-07 00:00:00,47.650131
2016-09-08 00:00:00,47.391006
2016-09-11 00:00:00,47.469536
2016-09-12 00:00:00,47.723663
2016-09-13 00:00:00,47.818207
2016-09-14 00:00:00,47.79837
2016-09-15 00:00:00,47.372101
2016-09-18 00:00:00,47.564774
2016-09-19 00:00:00,47.43169
2016-09-20 00:00:00,47.561359
2016-09-21 00:00:00,47.202343
2016-09-22 00:00:00,46.933105
2016-09-25 00:00:00,47.110676
2016-09-26 00:00:00,46.942223
2016-09-27 00:00:00,46.993637
2016-09-28 00:00:00,46.429508
2016-09-29 00:00:00,46.225327
2016-10-02 00:00:00,46.080933
2016-10-03 00:00:00,45.635651
2016-10-04 00:00:00,45.727261
2016-10-05 00:00:00,45.498721999999994
2016-10-06 00:00:00,45.226967
2016-10-09 00:00:00,45.227337
2016-10-10 00:00:00,45.112961
2016-10-11 00:00:00,45.498318
2016-10-12 00:00:00,45.884407
2016-10-13 00:00:00,45.606255
2016-10-16 00:00:00,45.118621999999995
2016-10-17 00:00:00,45.459812
2016-10-18 00:00:00,45.264957
2016-10-19 00:00:00,44.931618
2016-10-20 00:00:00,44.852089
2016-10-23 00:00:00,44.687504
2016-10-24 00:00:00,44.620003000000004
2016-10-25 00:00:00,44.968658000000005
2016-10-26 00:00:00,45.131287
2016-10-27 00:00:00,44.94511
2016-10-31 00:00:00,45.328777
2016-11-01 00:00:00,45.477432
2016-11-02 00:00:00,45.605976
2016-11-03 00:00:00,45.898327
2016-11-04 00:00:00,45.916911999999996
2016-11-07 00:00:00,46.43821
2016-11-08 00:00:00,45.780235
2016-11-09 00:00:00,45.944443
2016-11-10 00:00:00,45.464264
2016-11-11 00:00:00,46.465755
2016-11-14 00:00:00,46.506565
2016-11-15 00:00:00,46.787009999999995
2016-11-16 00:00:00,45.571808000000004
2016-11-17 00:00:00,45.60688
2016-11-18 00:00:00,45.552212
2016-11-21 00:00:00,45.439629
2016-11-22 00:00:00,44.968361
2016-11-23 00:00:00,44.763714
2016-11-24 00:00:00,44.888161
2016-11-25 00:00:00,45.060574
2016-11-28 00:00:00,45.515656
2016-11-29 00:00:00,45.526855
2016-11-30 00:00:00,45.715832
2016-12-01 00:00:00,44.672646
2016-12-02 00:00:00,44.83424
2016-12-05 00:00:00,44.810513
2016-12-06 00:00:00,44.948521
2016-12-07 00:00:00,44.929699
2016-12-08 00:00:00,44.658004999999996
2016-12-09 00:00:00,44.466015000000006
2016-12-12 00:00:00,43.635155
2016-12-13 00:00:00,42.809795
2016-12-14 00:00:00,42.490051
2016-12-15 00:00:00,43.009109
2016-12-16 00:00:00,42.79665
2016-12-19 00:00:00,43.010799
2016-12-20 00:00:00,42.751568
2016-12-21 00:00:00,42.510456
2016-12-22 00:00:00,42.309952
2016-12-23 00:00:00,42.053391
2016-12-26 00:00:00,42.177563
2016-12-27 00:00:00,42.092773
2016-12-28 00:00:00,41.819621999999995
2016-12-29 00:00:00,41.696865
2016-12-30 00:00:00,41.724323
2017-01-02 00:00:00,42.316326000000004
2017-01-03 00:00:00,42.188587
2017-01-04 00:00:00,42.052113
2017-01-05 00:00:00,41.964436
2017-01-06 00:00:00,41.584084000000004
2017-01-09 00:00:00,41.394192
2017-01-10 00:00:00,41.888821
2017-01-11 00:00:00,41.849331
2017-01-12 00:00:00,41.925419
2017-01-13 00:00:00,41.687121999999995
2017-01-16 00:00:00,41.765236
2017-01-17 00:00:00,41.815247
2017-01-18 00:00:00,41.835018
2017-01-19 00:00:00,41.645584
2017-01-20 00:00:00,41.860794
2017-01-23 00:00:00,42.098007
2017-01-24 00:00:00,41.972664
2017-01-25 00:00:00,41.617851
2017-01-26 00:00:00,42.150894
2017-01-27 00:00:00,42.261227000000005
2017-01-30 00:00:00,41.848976
2017-01-31 00:00:00,42.04892
2017-02-01 00:00:00,42.677096999999996
2017-02-02 00:00:00,42.525425
2017-02-03 00:00:00,42.046135
2017-02-06 00:00:00,41.863644
2017-02-07 00:00:00,41.767788
2017-02-08 00:00:00,41.908203
2017-02-09 00:00:00,41.776817
2017-02-10 00:00:00,41.471153
2017-02-13 00:00:00,40.908569
2017-02-14 00:00:00,40.700092
2017-02-15 00:00:00,40.166256
2017-02-16 00:00:00,40.427116
2017-02-17 00:00:00,40.640246999999995
2017-02-20 00:00:00,41.115505
2017-02-21 00:00:00,40.818405
2017-02-22 00:00:00,40.41333
2017-02-23 00:00:00,40.964355
2017-02-24 00:00:00,41.007095
2017-02-27 00:00:00,41.519184
2017-02-28 00:00:00,41.403492
2017-03-01 00:00:00,41.502205
2017-03-02 00:00:00,41.246758
2017-03-03 00:00:00,41.571835
2017-03-06 00:00:00,41.289631
2017-03-07 00:00:00,41.231784999999995
2017-03-08 00:00:00,41.219574
2017-03-09 00:00:00,41.550216999999996
2017-03-10 00:00:00,41.696152000000005
2017-03-13 00:00:00,41.822632
2017-03-14 00:00:00,41.521126
2017-03-15 00:00:00,41.833473
2017-03-16 00:00:00,41.650295
2017-03-17 00:00:00,41.224087
2017-03-20 00:00:00,40.780663
2017-03-21 00:00:00,41.016987
2017-03-22 00:00:00,41.128731
2017-03-23 00:00:00,41.258057
2017-03-24 00:00:00,40.978328999999995
2017-03-26 00:00:00,40.816345
2017-03-27 00:00:00,40.794975
2017-03-28 00:00:00,40.769402
2017-03-29 00:00:00,40.621895
2017-03-30 00:00:00,40.068634
2017-04-02 00:00:00,40.25095
2017-04-03 00:00:00,40.171909
2017-04-04 00:00:00,40.029907
2017-04-05 00:00:00,40.285568
2017-04-06 00:00:00,40.223156
2017-04-09 00:00:00,40.814644
2017-04-10 00:00:00,40.65419
2017-04-11 00:00:00,40.64407
2017-04-12 00:00:00,40.589252
2017-04-13 00:00:00,40.236374
2017-04-16 00:00:00,40.33939
2017-04-17 00:00:00,39.975964000000005
2017-04-18 00:00:00,40.265178999999996
2017-04-19 00:00:00,40.463451
2017-04-20 00:00:00,40.121418
2017-04-23 00:00:00,40.508919
2017-04-24 00:00:00,40.036678
2017-04-25 00:00:00,40.213478
2017-04-26 00:00:00,40.926815000000005
2017-04-27 00:00:00,40.790432
2017-04-30 00:00:00,40.75742
2017-05-01 00:00:00,40.806622
2017-05-02 00:00:00,40.956093
2017-05-03 00:00:00,41.027889
2017-05-04 00:00:00,41.688694
2017-05-07 00:00:00,41.274048
2017-05-08 00:00:00,41.411133
2017-05-09 00:00:00,41.432209
2017-05-10 00:00:00,40.694016
2017-05-11 00:00:00,40.540729999999996
2017-05-14 00:00:00,40.655975
2017-05-15 00:00:00,40.318565
2017-05-16 00:00:00,40.457874
2017-05-17 00:00:00,41.023075
2017-05-18 00:00:00,41.309086
2017-05-21 00:00:00,41.065762
2017-05-22 00:00:00,40.840103000000006
2017-05-23 00:00:00,40.480629
2017-05-24 00:00:00,40.711472
2017-05-25 00:00:00,40.976044
2017-05-28 00:00:00,40.845158000000005
2017-05-29 00:00:00,40.70668
2017-05-30 00:00:00,40.798786
2017-05-31 00:00:00,40.98727
2017-06-01 00:00:00,40.665382
2017-06-04 00:00:00,40.966961
2017-06-05 00:00:00,40.974075
2017-06-06 00:00:00,40.941757
2017-06-07 00:00:00,41.257442
2017-06-08 00:00:00,41.129086
2017-06-11 00:00:00,41.193934999999996
2017-06-12 00:00:00,41.169575
2017-06-13 00:00:00,41.167396999999994
2017-06-14 00:00:00,41.746147
2017-06-15 00:00:00,41.773571000000004
2017-06-18 00:00:00,41.727692
2017-06-19 00:00:00,42.109547
2017-06-20 00:00:00,42.886253
2017-06-21 00:00:00,43.375263000000004
2017-06-22 00:00:00,43.058762
2017-06-25 00:00:00,42.836009999999995
2017-06-26 00:00:00,42.437096000000004
2017-06-27 00:00:00,42.809799
2017-06-28 00:00:00,42.849792
2017-06-29 00:00:00,43.107952000000004
2017-07-02 00:00:00,42.779007
2017-07-03 00:00:00,42.865444000000004
2017-07-04 00:00:00,42.962971
2017-07-05 00:00:00,43.572247
2017-07-06 00:00:00,43.472599
2017-07-09 00:00:00,43.666129999999995
2017-07-11 00:00:00,43.986591
2017-07-12 00:00:00,43.489944
2017-07-13 00:00:00,43.516678000000006
2017-07-16 00:00:00,43.107437
2017-07-17 00:00:00,43.263477
2017-07-18 00:00:00,43.233521
2017-07-19 00:00:00,43.071095
2017-07-20 00:00:00,43.090771000000004
2017-07-23 00:00:00,43.493347
2017-07-24 00:00:00,44.02211
2017-07-25 00:00:00,44.001835
2017-07-26 00:00:00,43.904686
2017-07-27 00:00:00,43.713421000000004
2017-07-30 00:00:00,43.831715
2017-07-31 00:00:00,44.064921999999996
2017-08-01 00:00:00,44.272575
2017-08-02 00:00:00,44.465515
2017-08-03 00:00:00,44.419849
2017-08-06 00:00:00,44.044636
2017-08-07 00:00:00,44.01358
2017-08-08 00:00:00,43.862667
2017-08-09 00:00:00,44.078808
2017-08-10 00:00:00,43.985909
2017-08-13 00:00:00,43.956577
2017-08-14 00:00:00,43.864895000000004
2017-08-15 00:00:00,43.718540000000004
2017-08-16 00:00:00,43.589836
2017-08-17 00:00:00,43.195640999999995
2017-08-20 00:00:00,43.191452000000005
2017-08-21 00:00:00,43.40733
2017-08-22 00:00:00,43.287459999999996
2017-08-23 00:00:00,43.358376
2017-08-24 00:00:00,43.426266
2017-08-27 00:00:00,43.192734
2017-08-28 00:00:00,43.112541
2017-08-29 00:00:00,43.3629
2017-08-30 00:00:00,43.060848
2017-08-31 00:00:00,42.761986
2017-09-03 00:00:00,42.339348
2017-09-04 00:00:00,42.547012
2017-09-05 00:00:00,42.542263
2017-09-06 00:00:00,42.48111
2017-09-07 00:00:00,42.490204
2017-09-10 00:00:00,42.694454
2017-09-11 00:00:00,42.496826
2017-09-12 00:00:00,42.791862
2017-09-13 00:00:00,42.891411
2017-09-14 00:00:00,42.741085
2017-09-17 00:00:00,42.834671
2017-09-18 00:00:00,43.101513
2017-09-19 00:00:00,43.124989
2017-09-20 00:00:00,43.02243
2017-09-21 00:00:00,42.87392
2017-09-24 00:00:00,42.749237
2017-09-25 00:00:00,42.613503
2017-09-26 00:00:00,42.675415
2017-09-27 00:00:00,42.791145
2017-09-28 00:00:00,42.618992
2017-10-01 00:00:00,42.323246000000005
2017-10-02 00:00:00,42.500919
2017-10-03 00:00:00,42.521332
2017-10-04 00:00:00,42.332916
2017-10-05 00:00:00,42.302059
2017-10-08 00:00:00,42.631336
2017-10-09 00:00:00,42.737235999999996
2017-10-10 00:00:00,42.737762
2017-10-11 00:00:00,42.716274
2017-10-12 00:00:00,42.637524
2017-10-15 00:00:00,42.375842999999996
2017-10-16 00:00:00,42.287693
2017-10-17 00:00:00,42.294266
2017-10-18 00:00:00,42.305927000000004
2017-10-19 00:00:00,42.195503
Changes,"Date
2007-10-21         NaN
2007-10-22    0.998211
2007-10-23    1.001099
2007-10-24    1.001288
2007-10-25    0.998554
2007-10-29    0.999608
2007-10-30    1.001230
2007-10-31    0.999701
2007-11-01    0.999412
2007-11-02    0.998685
2007-11-05    1.000175
2007-11-06    1.000447
2007-11-07    0.998517
2007-11-08    1.001420
2007-11-09    0.998996
2007-11-12    0.996428
2007-11-13    1.003145
2007-11-14    0.997010
2007-11-15    0.996267
2007-11-16    1.000196
2007-11-19    1.000528
2007-11-20    0.996577
2007-11-21    0.994886
2007-11-22    1.001558
2007-11-23    1.007386
2007-11-26    0.999931
2007-11-27    0.999730
2007-11-28    0.999119
2007-11-29    0.999450
2007-11-30    1.004604
                ...   
2017-09-10    1.004807
2017-09-11    0.995371
2017-09-12    1.006943
2017-09-13    1.002326
2017-09-14    0.996495
2017-09-17    1.002190
2017-09-18    1.006230
2017-09-19    1.000545
2017-09-20    0.997622
2017-09-21    0.996548
2017-09-24    0.997092
2017-09-25    0.996825
2017-09-26    1.001453
2017-09-27    1.002712
2017-09-28    0.995977
2017-10-01    0.993061
2017-10-02    1.004198
2017-10-03    1.000480
2017-10-04    0.995569
2017-10-05    0.999271
2017-10-08    1.007784
2017-10-09    1.002484
2017-10-10    1.000012
2017-10-11    0.999497
2017-10-12    0.998156
2017-10-15    0.993863
2017-10-16    0.997920
2017-10-17    1.000155
2017-10-18    1.000276
2017-10-19    0.997390
Name: Adj Close, Length: 2581, dtype: float64"
