21/10/2007 0:00,0.769163,1
22/10/2007 0:00,0.760837,0.989175246
23/10/2007 0:00,0.75724,0.995272312
24/10/2007 0:00,0.756408,0.998901273
25/10/2007 0:00,0.750585,0.992301774
29/10/2007 0:00,0.746436,0.994472312
30/10/2007 0:00,0.749655,1.004312493
31/10/2007 0:00,0.740956,0.988395995
1/11/2007 0:00,0.752937,1.016169651
2/11/2007 0:00,0.74736,0.992593006
5/11/2007 0:00,0.748448,1.001455791
6/11/2007 0:00,0.742458,0.991996772
7/11/2007 0:00,0.749273,1.00917897
8/11/2007 0:00,0.74934,1.00008942
9/11/2007 0:00,0.758676,1.012458964
12/11/2007 0:00,0.781568,1.030173618
13/11/2007 0:00,0.768869,0.983751894
14/11/2007 0:00,0.771273,1.00312667
15/11/2007 0:00,0.774881,1.00467798
16/11/2007 0:00,0.773009,0.997584145
19/11/2007 0:00,0.781425,1.010887325
20/11/2007 0:00,0.77575,0.992737627
21/11/2007 0:00,0.791865,1.020773445
22/11/2007 0:00,0.79017,0.997859484
23/11/2007 0:00,0.791432,1.001597125
26/11/2007 0:00,0.79353,1.002650891
27/11/2007 0:00,0.790496,0.996176578
28/11/2007 0:00,0.782524,0.989915192
29/11/2007 0:00,0.782122,0.999486278
30/11/2007 0:00,0.780065,0.997369976
3/12/2007 0:00,0.782513,1.0031382
4/12/2007 0:00,0.792684,1.012997867
5/12/2007 0:00,0.792996,1.000393599
6/12/2007 0:00,0.787364,0.99289782
7/12/2007 0:00,0.79282,1.006929451
10/12/2007 0:00,0.784657,0.989703842
11/12/2007 0:00,0.78931,1.00592998
12/12/2007 0:00,0.783924,0.993176319
13/12/2007 0:00,0.790117,1.007900001
14/12/2007 0:00,0.79898,1.011217326
17/12/2007 0:00,0.798068,0.998858545
19/12/2007 0:00,0.79763,0.999451175
20/12/2007 0:00,0.797875,1.00030716
21/12/2007 0:00,0.794019,0.995167163
24/12/2007 0:00,0.790148,0.995124802
25/12/2007 0:00,0.79023,1.000103778
26/12/2007 0:00,0.787219,0.996189717
27/12/2007 0:00,0.786133,0.99862046
28/12/2007 0:00,0.791283,1.006551054
31/12/2007 0:00,0.794858,1.004517979
1/1/2008 0:00,0.791956,0.996349033
2/1/2008 0:00,0.786347,0.992917536
3/1/2008 0:00,0.791004,1.005922322
4/1/2008 0:00,0.795925,1.006221207
7/1/2008 0:00,0.799651,1.004681346
8/1/2008 0:00,0.793564,0.992387929
9/1/2008 0:00,0.791252,0.997086561
10/1/2008 0:00,0.782663,0.989145051
11/1/2008 0:00,0.781383,0.998364558
14/1/2008 0:00,0.779045,0.997007869
15/1/2008 0:00,0.79054,1.014755245
16/1/2008 0:00,0.795428,1.006183115
17/1/2008 0:00,0.79547,1.000052802
18/1/2008 0:00,0.789627,0.992654657
21/1/2008 0:00,0.804427,1.018743027
22/1/2008 0:00,0.798593,0.992747633
23/1/2008 0:00,0.801301,1.003390964
24/1/2008 0:00,0.79386,0.990713852
25/1/2008 0:00,0.79597,1.002657899
28/1/2008 0:00,0.792382,0.995492292
29/1/2008 0:00,0.791977,0.999488883
30/1/2008 0:00,0.796238,1.005380207
31/1/2008 0:00,0.788144,0.989834698
1/2/2008 0:00,0.782156,0.992402404
4/2/2008 0:00,0.779232,0.996261615
5/2/2008 0:00,0.785931,1.008596926
6/2/2008 0:00,0.791161,1.006654528
7/2/2008 0:00,0.788653,0.996829975
8/2/2008 0:00,0.78882,1.000211753
11/2/2008 0:00,0.780152,0.989011435
12/2/2008 0:00,0.781608,1.001866303
13/2/2008 0:00,0.785956,1.005562891
14/2/2008 0:00,0.782026,0.99499972
15/2/2008 0:00,0.780493,0.998039707
18/2/2008 0:00,0.773007,0.990408626
19/2/2008 0:00,0.76886,0.994635236
20/2/2008 0:00,0.770791,1.002511511
21/2/2008 0:00,0.771528,1.000956161
22/2/2008 0:00,0.772717,1.001541098
25/2/2008 0:00,0.766975,0.992569078
26/2/2008 0:00,0.763749,0.995793866
27/2/2008 0:00,0.760765,0.996092957
28/2/2008 0:00,0.759805,0.998738112
29/2/2008 0:00,0.770984,1.014712986
3/3/2008 0:00,0.765095,0.992361709
4/3/2008 0:00,0.776594,1.015029506
5/3/2008 0:00,0.770721,0.99243749
6/3/2008 0:00,0.774937,1.005470203
7/3/2008 0:00,0.777746,1.003624811
10/3/2008 0:00,0.785714,1.01024499
11/3/2008 0:00,0.775609,0.987139086
12/3/2008 0:00,0.772468,0.995950279
13/3/2008 0:00,0.767412,0.993454745
14/3/2008 0:00,0.772579,1.00673302
17/3/2008 0:00,0.786076,1.017470058
18/3/2008 0:00,0.781225,0.993828841
19/3/2008 0:00,0.78738,1.007878652
20/3/2008 0:00,0.798935,1.014675252
21/3/2008 0:00,0.804839,1.007389838
24/3/2008 0:00,0.791958,0.983995557
25/3/2008 0:00,0.790309,0.997917819
26/3/2008 0:00,0.788626,0.997870453
27/3/2008 0:00,0.78733,0.998356635
28/3/2008 0:00,0.78923,1.002413219
30/3/2008 0:00,0.794064,1.006124957
1/4/2008 0:00,0.792911,0.998547976
2/4/2008 0:00,0.788991,0.995056192
3/4/2008 0:00,0.785657,0.99577435
6/4/2008 0:00,0.782961,0.996568477
7/4/2008 0:00,0.778672,0.994522077
8/4/2008 0:00,0.780536,1.002393819
9/4/2008 0:00,0.79061,1.012906516
10/4/2008 0:00,0.793058,1.003096343
13/4/2008 0:00,0.796078,1.003808044
14/4/2008 0:00,0.795977,0.999873128
15/4/2008 0:00,0.787554,0.989418036
16/4/2008 0:00,0.789462,1.002422691
17/4/2008 0:00,0.7902,1.000934814
20/4/2008 0:00,0.783718,0.991797013
21/4/2008 0:00,0.782995,0.999077474
22/4/2008 0:00,0.781141,0.997632169
23/4/2008 0:00,0.783859,1.003479525
24/4/2008 0:00,0.787115,1.004153808
27/4/2008 0:00,0.782922,0.994672951
28/4/2008 0:00,0.787803,1.006234338
29/4/2008 0:00,0.780783,0.991089143
1/5/2008 0:00,0.783563,1.003560528
4/5/2008 0:00,0.778195,0.993149243
5/5/2008 0:00,0.774621,0.995407321
6/5/2008 0:00,0.778599,1.005135415
7/5/2008 0:00,0.77178,0.991241962
8/5/2008 0:00,0.777623,1.00757081
11/5/2008 0:00,0.77482,0.996395426
12/5/2008 0:00,0.774085,0.999051393
13/5/2008 0:00,0.778317,1.0054671
14/5/2008 0:00,0.772698,0.992780577
15/5/2008 0:00,0.765011,0.990051741
18/5/2008 0:00,0.765006,0.999993464
19/5/2008 0:00,0.765189,1.000239214
20/5/2008 0:00,0.765278,1.000116311
21/5/2008 0:00,0.768444,1.004137059
22/5/2008 0:00,0.766105,0.996956187
25/5/2008 0:00,0.764265,0.99759824
26/5/2008 0:00,0.764943,1.000887127
27/5/2008 0:00,0.761434,0.99541273
28/5/2008 0:00,0.765222,1.004974824
29/5/2008 0:00,0.768185,1.003872079
1/6/2008 0:00,0.768841,1.000853961
2/6/2008 0:00,0.770924,1.002709273
3/6/2008 0:00,0.764723,0.991956406
4/6/2008 0:00,0.764103,0.999189249
5/6/2008 0:00,0.760381,0.995128929
8/6/2008 0:00,0.770206,1.012921154
9/6/2008 0:00,0.769752,0.999410547
10/6/2008 0:00,0.769988,1.000306592
11/6/2008 0:00,0.774535,1.005905287
12/6/2008 0:00,0.771646,0.99627002
15/6/2008 0:00,0.774311,1.003453656
16/6/2008 0:00,0.774736,1.000548875
17/6/2008 0:00,0.772644,0.997299725
18/6/2008 0:00,0.769253,0.995611174
19/6/2008 0:00,0.769327,1.000096197
22/6/2008 0:00,0.767926,0.998178928
23/6/2008 0:00,0.763987,0.9948706
24/6/2008 0:00,0.76362,0.999519625
25/6/2008 0:00,0.766486,1.003753176
26/6/2008 0:00,0.763773,0.99646047
29/6/2008 0:00,0.768178,1.00576742
1/7/2008 0:00,0.764606,0.995350036
2/7/2008 0:00,0.764982,1.000491757
3/7/2008 0:00,0.762531,0.996796003
6/7/2008 0:00,0.767853,1.006979388
7/7/2008 0:00,0.769349,1.00194829
8/7/2008 0:00,0.770238,1.001155522
9/7/2008 0:00,0.764875,0.993037217
10/7/2008 0:00,0.763424,0.998102958
13/7/2008 0:00,0.761461,0.99742869
14/7/2008 0:00,0.757846,0.995252547
15/7/2008 0:00,0.760729,1.003804203
16/7/2008 0:00,0.760619,0.999855402
17/7/2008 0:00,0.760844,1.000295812
20/7/2008 0:00,0.758069,0.996352735
21/7/2008 0:00,0.757676,0.999481578
22/7/2008 0:00,0.76298,1.007000354
23/7/2008 0:00,0.765614,1.003452253
24/7/2008 0:00,0.768767,1.004118263
27/7/2008 0:00,0.767012,0.997717124
28/7/2008 0:00,0.767825,1.001059957
29/7/2008 0:00,0.775307,1.009744408
30/7/2008 0:00,0.777477,1.002798891
31/7/2008 0:00,0.781567,1.005260606
3/8/2008 0:00,0.784913,1.004281143
4/8/2008 0:00,0.79115,1.007946104
5/8/2008 0:00,0.794627,1.004394868
6/8/2008 0:00,0.793089,0.998064501
7/8/2008 0:00,0.799074,1.007546442
10/8/2008 0:00,0.801289,1.002771959
11/8/2008 0:00,0.816671,1.01919657
12/8/2008 0:00,0.81791,1.001517135
13/8/2008 0:00,0.817319,0.999277427
14/8/2008 0:00,0.811914,0.993386915
17/8/2008 0:00,0.814977,1.003772567
18/8/2008 0:00,0.812682,0.99718397
19/8/2008 0:00,0.811531,0.998583702
20/8/2008 0:00,0.811159,0.999541607
21/8/2008 0:00,0.814873,1.004578634
24/8/2008 0:00,0.818995,1.005058457
25/8/2008 0:00,0.820351,1.001655688
26/8/2008 0:00,0.822417,1.002518434
27/8/2008 0:00,0.817322,0.993804846
28/8/2008 0:00,0.823749,1.007863486
31/8/2008 0:00,0.827216,1.004208806
1/9/2008 0:00,0.834614,1.008943251
2/9/2008 0:00,0.835414,1.000958527
3/9/2008 0:00,0.849358,1.016691126
4/9/2008 0:00,0.858476,1.010735167
7/9/2008 0:00,0.854123,0.994929386
8/9/2008 0:00,0.866774,1.014811684
9/9/2008 0:00,0.86984,1.003537254
10/9/2008 0:00,0.867516,0.997328244
11/9/2008 0:00,0.842407,0.971056442
14/9/2008 0:00,0.880073,1.044712354
15/9/2008 0:00,0.875096,0.994344787
16/9/2008 0:00,0.885288,1.011646722
17/9/2008 0:00,0.871809,0.984774446
18/9/2008 0:00,0.839057,0.962432138
21/9/2008 0:00,0.840878,1.002170294
22/9/2008 0:00,0.841296,1.000497099
23/9/2008 0:00,0.843412,1.002515167
24/9/2008 0:00,0.840307,0.996318525
25/9/2008 0:00,0.847073,1.008051819
28/9/2008 0:00,0.874058,1.031856759
29/9/2008 0:00,0.879724,1.006482407
30/9/2008 0:00,0.878427,0.998525674
1/10/2008 0:00,0.891733,1.015147531
2/10/2008 0:00,0.889004,0.996939667
5/10/2008 0:00,0.944986,1.062971595
6/10/2008 0:00,0.958012,1.013784331
7/10/2008 0:00,1.016897,1.061465827
8/10/2008 0:00,0.992476,0.975984785
9/10/2008 0:00,1.047475,1.05541595
12/10/2008 0:00,0.971464,0.927434068
13/10/2008 0:00,0.972639,1.001209515
14/10/2008 0:00,1.02983,1.058799822
15/10/2008 0:00,0.987221,0.95862521
16/10/2008 0:00,0.978772,0.991441633
19/10/2008 0:00,0.963507,0.984403927
20/10/2008 0:00,0.993798,1.031438277
21/10/2008 0:00,0.998733,1.004965798
22/10/2008 0:00,0.993999,0.995259994
23/10/2008 0:00,1.070498,1.076960842
27/10/2008 0:00,1.09404,1.021991634
28/10/2008 0:00,1.034174,0.94527988
29/10/2008 0:00,0.99886,0.965852942
30/10/2008 0:00,1.014197,1.015354504
31/10/2008 0:00,1.013767,0.999576019
3/11/2008 0:00,0.999865,0.98628679
4/11/2008 0:00,0.974345,0.974476554
5/11/2008 0:00,0.992922,1.019066142
6/11/2008 0:00,1.000067,1.007195933
7/11/2008 0:00,0.993112,0.993045466
10/11/2008 0:00,0.997388,1.004305657
11/11/2008 0:00,1.010281,1.012926765
12/11/2008 0:00,1.037858,1.027296366
13/11/2008 0:00,0.995755,0.959432793
14/11/2008 0:00,1.017782,1.022120903
17/11/2008 0:00,1.012276,0.994590197
18/11/2008 0:00,1.007866,0.995643481
19/11/2008 0:00,1.024653,1.016655984
20/11/2008 0:00,1.069551,1.043817761
21/11/2008 0:00,1.037421,0.969959357
24/11/2008 0:00,1.017796,0.981082897
25/11/2008 0:00,1.02154,1.003678537
26/11/2008 0:00,1.013308,0.991941578
27/11/2008 0:00,1.009272,0.996017006
28/11/2008 0:00,1.011312,1.002021259
1/12/2008 0:00,1.030638,1.01910983
2/12/2008 0:00,1.017539,0.987290397
3/12/2008 0:00,1.013002,0.995541203
4/12/2008 0:00,1.01795,1.004884492
5/12/2008 0:00,1.014269,0.996383909
8/12/2008 0:00,1.000464,0.986389212
9/12/2008 0:00,1.010969,1.010500128
10/12/2008 0:00,1.017217,1.006180209
11/12/2008 0:00,1.004237,0.987239694
12/12/2008 0:00,1.008649,1.004393385
15/12/2008 0:00,1.013832,1.005138557
16/12/2008 0:00,0.988067,0.974586519
17/12/2008 0:00,0.987532,0.999458539
18/12/2008 0:00,1.003822,1.016495668
19/12/2008 0:00,0.994392,0.990605904
22/12/2008 0:00,1.01002,1.015716136
23/12/2008 0:00,1.013988,1.003928635
24/12/2008 0:00,1.015346,1.001339266
25/12/2008 0:00,1.014454,0.999121482
26/12/2008 0:00,1.016053,1.001576217
29/12/2008 0:00,1.003464,0.987609898
30/12/2008 0:00,1.007871,1.004391787
31/12/2008 0:00,0.99112,0.983379817
1/1/2009 0:00,0.987675,0.996524134
2/1/2009 0:00,0.966875,0.978940441
5/1/2009 0:00,0.951345,0.983937944
6/1/2009 0:00,0.944997,0.993327342
7/1/2009 0:00,0.95412,1.009653999
8/1/2009 0:00,0.949307,0.994955561
9/1/2009 0:00,0.953177,1.004076658
12/1/2009 0:00,0.988248,1.036793796
13/1/2009 0:00,1.005774,1.017734415
14/1/2009 0:00,1.007636,1.001851311
15/1/2009 0:00,1.004755,0.997140833
16/1/2009 0:00,1.000739,0.996003006
19/1/2009 0:00,1.001203,1.000463657
20/1/2009 0:00,1.020596,1.019369698
21/1/2009 0:00,1.014085,0.993620394
22/1/2009 0:00,1.019826,1.005661261
23/1/2009 0:00,1.019621,0.999798985
26/1/2009 0:00,1.007065,0.98768562
27/1/2009 0:00,1.003936,0.996892951
28/1/2009 0:00,1.002334,0.998404281
29/1/2009 0:00,1.020164,1.017788482
30/1/2009 0:00,1.037219,1.0167179
2/2/2009 0:00,1.047902,1.010299657
3/2/2009 0:00,1.023044,0.976278316
4/2/2009 0:00,1.030329,1.007120906
5/2/2009 0:00,1.019943,0.989919725
6/2/2009 0:00,0.991226,0.971844505
9/2/2009 0:00,0.990641,0.999409822
10/2/2009 0:00,1.01056,1.020107183
11/2/2009 0:00,1.014803,1.004198662
12/2/2009 0:00,1.00908,0.994360482
13/2/2009 0:00,1.006639,0.997580965
16/2/2009 0:00,1.011825,1.005151797
17/2/2009 0:00,1.025623,1.013636745
18/2/2009 0:00,1.021752,0.996225709
19/2/2009 0:00,1.015905,0.994277476
20/2/2009 0:00,1.011173,0.995342084
23/2/2009 0:00,1.018266,1.007014626
24/2/2009 0:00,1.007957,0.989875926
25/2/2009 0:00,1.008746,1.000782771
26/2/2009 0:00,1.002139,0.993450284
27/2/2009 0:00,1.008093,1.005941292
2/3/2009 0:00,1.020886,1.012690297
3/3/2009 0:00,1.008752,0.988114246
4/3/2009 0:00,0.998579,0.989915262
5/3/2009 0:00,1.006431,1.007863174
6/3/2009 0:00,1.008286,1.001843147
9/3/2009 0:00,1.015536,1.00719042
10/3/2009 0:00,1.005277,0.989897946
11/3/2009 0:00,1.007708,1.002418239
12/3/2009 0:00,1.000524,0.992870951
13/3/2009 0:00,0.987131,0.986614014
16/3/2009 0:00,0.989622,1.002523475
17/3/2009 0:00,0.98756,0.997916376
18/3/2009 0:00,0.974741,0.987019523
19/3/2009 0:00,0.961941,0.986868307
20/3/2009 0:00,0.960676,0.998684951
23/3/2009 0:00,0.942461,0.981039393
24/3/2009 0:00,0.946728,1.004527508
25/3/2009 0:00,0.948674,1.002055501
26/3/2009 0:00,0.943965,0.99503623
27/3/2009 0:00,0.947775,1.004036167
29/3/2009 0:00,0.965784,1.019001345
30/3/2009 0:00,0.950049,0.983707537
31/3/2009 0:00,0.941804,0.9913215
1/4/2009 0:00,0.928938,0.986338983
2/4/2009 0:00,0.9285,0.999528494
5/4/2009 0:00,0.931817,1.003572429
6/4/2009 0:00,0.928288,0.996212776
7/4/2009 0:00,0.930487,1.002368877
8/4/2009 0:00,0.918946,0.987596818
9/4/2009 0:00,0.918173,0.999158819
12/4/2009 0:00,0.904281,0.984869954
13/4/2009 0:00,0.922118,1.019725063
14/4/2009 0:00,0.915217,0.992516142
15/4/2009 0:00,0.926802,1.0126582
16/4/2009 0:00,0.922518,0.995377653
19/4/2009 0:00,0.946093,1.025555057
20/4/2009 0:00,0.936657,0.99002635
21/4/2009 0:00,0.937811,1.001232041
22/4/2009 0:00,0.935322,0.997345947
23/4/2009 0:00,0.92977,0.994064076
26/4/2009 0:00,0.943562,1.014833776
27/4/2009 0:00,0.945238,1.001776248
28/4/2009 0:00,0.927457,0.981188865
29/4/2009 0:00,0.927791,1.000360125
30/4/2009 0:00,0.921591,0.993317461
3/5/2009 0:00,0.91733,0.995376474
4/5/2009 0:00,0.915559,0.998069397
5/5/2009 0:00,0.906339,0.98992965
6/5/2009 0:00,0.900462,0.993515671
7/5/2009 0:00,0.892828,0.99152213
10/5/2009 0:00,0.898103,1.005908193
11/5/2009 0:00,0.893613,0.995000573
12/5/2009 0:00,0.905048,1.012796367
13/5/2009 0:00,0.898476,0.992738507
14/5/2009 0:00,0.907084,1.009580668
17/5/2009 0:00,0.89137,0.982676356
18/5/2009 0:00,0.882856,0.990448411
19/5/2009 0:00,0.883562,1.000799677
20/5/2009 0:00,0.884902,1.001516589
21/5/2009 0:00,0.884431,0.999467738
24/5/2009 0:00,0.885746,1.001486832
25/5/2009 0:00,0.87626,0.989290383
26/5/2009 0:00,0.883392,1.008139137
27/5/2009 0:00,0.877874,0.993753622
28/5/2009 0:00,0.865022,0.985360086
31/5/2009 0:00,0.856102,0.989688124
1/6/2009 0:00,0.847947,0.990474266
2/6/2009 0:00,0.861926,1.0164857
3/6/2009 0:00,0.861165,0.999117094
4/6/2009 0:00,0.86462,1.004012007
7/6/2009 0:00,0.869571,1.005726215
8/6/2009 0:00,0.857565,0.986193192
9/6/2009 0:00,0.856269,0.998488744
10/6/2009 0:00,0.84082,0.981957773
11/6/2009 0:00,0.847326,1.007737685
14/6/2009 0:00,0.861953,1.017262541
15/6/2009 0:00,0.863142,1.001379426
16/6/2009 0:00,0.867887,1.005497357
17/6/2009 0:00,0.858724,0.989442174
18/6/2009 0:00,0.851255,0.991302211
21/6/2009 0:00,0.870572,1.022692378
22/6/2009 0:00,0.865919,0.994655238
23/6/2009 0:00,0.860221,0.993419708
24/6/2009 0:00,0.854729,0.993615594
25/6/2009 0:00,0.850644,0.995220707
28/6/2009 0:00,0.850958,1.000369132
29/6/2009 0:00,0.856926,1.007013272
30/6/2009 0:00,0.855729,0.998603147
1/7/2009 0:00,0.867905,1.014228804
2/7/2009 0:00,0.865824,0.997602272
5/7/2009 0:00,0.863358,0.997151846
6/7/2009 0:00,0.869386,1.00698204
7/7/2009 0:00,0.879699,1.011862395
8/7/2009 0:00,0.87404,0.993567118
9/7/2009 0:00,0.87665,1.002986133
12/7/2009 0:00,0.873305,0.996184338
13/7/2009 0:00,0.86349,0.988761086
14/7/2009 0:00,0.858048,0.993697669
15/7/2009 0:00,0.856297,0.997959322
16/7/2009 0:00,0.858147,1.002160465
19/7/2009 0:00,0.853184,0.994216609
20/7/2009 0:00,0.850378,0.996711143
21/7/2009 0:00,0.850239,0.999836543
22/7/2009 0:00,0.851148,1.001069111
23/7/2009 0:00,0.849114,0.997610286
26/7/2009 0:00,0.844616,0.994702714
27/7/2009 0:00,0.841609,0.996439802
28/7/2009 0:00,0.848191,1.007820734
29/7/2009 0:00,0.840277,0.990669554
30/7/2009 0:00,0.831793,0.989903329
2/8/2009 0:00,0.828063,0.995515711
3/8/2009 0:00,0.826375,0.997961508
4/8/2009 0:00,0.829566,1.003861443
5/8/2009 0:00,0.828723,0.998983806
6/8/2009 0:00,0.829709,1.001189782
9/8/2009 0:00,0.827426,0.997248433
10/8/2009 0:00,0.832631,1.006290593
11/8/2009 0:00,0.830849,0.997859796
12/8/2009 0:00,0.822493,0.989942818
13/8/2009 0:00,0.832778,1.012504666
16/8/2009 0:00,0.837793,1.006022013
17/8/2009 0:00,0.832723,0.993948386
18/8/2009 0:00,0.83301,1.000344652
19/8/2009 0:00,0.833715,1.000846328
20/8/2009 0:00,0.833542,0.999792495
23/8/2009 0:00,0.827639,0.992918173
24/8/2009 0:00,0.831128,1.004215606
25/8/2009 0:00,0.836262,1.006177147
26/8/2009 0:00,0.82517,0.986736214
27/8/2009 0:00,0.822893,0.997240569
30/8/2009 0:00,0.823146,1.000307452
31/8/2009 0:00,0.838283,1.018389204
1/9/2009 0:00,0.830664,0.990911184
2/9/2009 0:00,0.827119,0.99573233
3/9/2009 0:00,0.816241,0.986848325
6/9/2009 0:00,0.81543,0.999006421
7/9/2009 0:00,0.812022,0.99582061
8/9/2009 0:00,0.814562,1.003127994
9/9/2009 0:00,0.814326,0.999710274
10/9/2009 0:00,0.81524,1.001122401
13/9/2009 0:00,0.81533,1.000110397
14/9/2009 0:00,0.815522,1.000235487
15/9/2009 0:00,0.811623,0.995219013
16/9/2009 0:00,0.811908,1.000351148
17/9/2009 0:00,0.814032,1.00261606
20/9/2009 0:00,0.816501,1.00303305
21/9/2009 0:00,0.808723,0.990473986
22/9/2009 0:00,0.813132,1.005451805
23/9/2009 0:00,0.815673,1.003124954
24/9/2009 0:00,0.816722,1.001286055
27/9/2009 0:00,0.807955,0.989265625
28/9/2009 0:00,0.806881,0.998670718
29/9/2009 0:00,0.803394,0.995678421
30/9/2009 0:00,0.813436,1.012499471
1/10/2009 0:00,0.817165,1.004584257
4/10/2009 0:00,0.809734,0.990906365
5/10/2009 0:00,0.801313,0.989600288
6/10/2009 0:00,0.800887,0.999468373
7/10/2009 0:00,0.795639,0.993447265
8/10/2009 0:00,0.792876,0.99652732
11/10/2009 0:00,0.78861,0.994619587
12/10/2009 0:00,0.790613,1.002539912
13/10/2009 0:00,0.785822,0.993940145
14/10/2009 0:00,0.779178,0.991545159
15/10/2009 0:00,0.784077,1.006287395
18/10/2009 0:00,0.775562,0.989140097
19/10/2009 0:00,0.775818,1.000330083
20/10/2009 0:00,0.775397,0.999457347
21/10/2009 0:00,0.773214,0.997184668
22/10/2009 0:00,0.777483,1.005521111
26/10/2009 0:00,0.780176,1.003463741
27/10/2009 0:00,0.780076,0.999871824
28/10/2009 0:00,0.792153,1.015481825
29/10/2009 0:00,0.782814,0.988210611
30/10/2009 0:00,0.793126,1.013172989
2/11/2009 0:00,0.790016,0.996078807
3/11/2009 0:00,0.790083,1.000084808
4/11/2009 0:00,0.787829,0.997147135
5/11/2009 0:00,0.787158,0.999148292
6/11/2009 0:00,0.781831,0.993232617
9/11/2009 0:00,0.774515,0.990642479
10/11/2009 0:00,0.774263,0.999674635
11/11/2009 0:00,0.774966,1.00090796
12/11/2009 0:00,0.777698,1.003525316
13/11/2009 0:00,0.772973,0.993924377
16/11/2009 0:00,0.771722,0.998381573
17/11/2009 0:00,0.775307,1.004645455
18/11/2009 0:00,0.778268,1.003819132
19/11/2009 0:00,0.783235,1.00638212
20/11/2009 0:00,0.787036,1.00485295
23/11/2009 0:00,0.781266,0.992668696
24/11/2009 0:00,0.783682,1.003092417
25/11/2009 0:00,0.780341,0.995736791
26/11/2009 0:00,0.797016,1.021368863
27/11/2009 0:00,0.793747,0.995898451
30/11/2009 0:00,0.788567,0.993473991
1/12/2009 0:00,0.782842,0.992739995
2/12/2009 0:00,0.781071,0.99773773
3/12/2009 0:00,0.783175,1.002693737
4/12/2009 0:00,0.78665,1.004437067
7/12/2009 0:00,0.786794,1.000183055
8/12/2009 0:00,0.794978,1.010401706
9/12/2009 0:00,0.790821,0.994770924
10/12/2009 0:00,0.785601,0.993399265
11/12/2009 0:00,0.787193,1.002026474
14/12/2009 0:00,0.785473,0.997815021
15/12/2009 0:00,0.791452,1.007611974
16/12/2009 0:00,0.795848,1.005554348
17/12/2009 0:00,0.804374,1.010713101
18/12/2009 0:00,0.800985,0.995786786
21/12/2009 0:00,0.807624,1.008288545
22/12/2009 0:00,0.810932,1.004095965
23/12/2009 0:00,0.807015,0.995169755
24/12/2009 0:00,0.804054,0.996330923
25/12/2009 0:00,0.802828,0.998475227
28/12/2009 0:00,0.802562,0.999668671
29/12/2009 0:00,0.796313,0.992213686
30/12/2009 0:00,0.796141,0.999784005
31/12/2009 0:00,0.792934,0.995971819
1/1/2010 0:00,0.793187,1.000319068
4/1/2010 0:00,0.784467,0.989006376
5/1/2010 0:00,0.785152,1.000873204
6/1/2010 0:00,0.779732,0.993096878
7/1/2010 0:00,0.779734,1.000002565
8/1/2010 0:00,0.775188,0.994169807
11/1/2010 0:00,0.774928,0.999664597
12/1/2010 0:00,0.780909,1.007718136
13/1/2010 0:00,0.77982,0.998605471
14/1/2010 0:00,0.774173,0.992758585
15/1/2010 0:00,0.779488,1.006865391
18/1/2010 0:00,0.777265,0.997148128
19/1/2010 0:00,0.779672,1.003096756
20/1/2010 0:00,0.783811,1.005308643
21/1/2010 0:00,0.787449,1.004641425
22/1/2010 0:00,0.790032,1.003280212
25/1/2010 0:00,0.789737,0.999626597
26/1/2010 0:00,0.792142,1.003045318
27/1/2010 0:00,0.794206,1.002605593
28/1/2010 0:00,0.797137,1.003690478
29/1/2010 0:00,0.804439,1.009160282
1/2/2010 0:00,0.795671,0.989100479
2/2/2010 0:00,0.800938,1.00661957
3/2/2010 0:00,0.802933,1.00249083
4/2/2010 0:00,0.810308,1.009185075
5/2/2010 0:00,0.809805,0.999379248
8/2/2010 0:00,0.813844,1.00498762
9/2/2010 0:00,0.804621,0.988667361
10/2/2010 0:00,0.804642,1.000026099
11/2/2010 0:00,0.796271,0.989596616
12/2/2010 0:00,0.796953,1.000856492
15/2/2010 0:00,0.796388,0.99929105
16/2/2010 0:00,0.790186,0.992212339
17/2/2010 0:00,0.791507,1.001671758
18/2/2010 0:00,0.794739,1.00408335
19/2/2010 0:00,0.787177,0.990484926
22/2/2010 0:00,0.788157,1.001244955
23/2/2010 0:00,0.7942,1.007667254
24/2/2010 0:00,0.793502,0.999121128
25/2/2010 0:00,0.800568,1.008904829
26/2/2010 0:00,0.79394,0.991720878
1/3/2010 0:00,0.790729,0.995955614
2/3/2010 0:00,0.788722,0.997461836
3/3/2010 0:00,0.789545,1.00104346
4/3/2010 0:00,0.793053,1.004443065
5/3/2010 0:00,0.786153,0.991299447
8/3/2010 0:00,0.786503,1.000445206
9/3/2010 0:00,0.781151,0.993195194
10/3/2010 0:00,0.782773,1.002076423
11/3/2010 0:00,0.781466,0.998330295
12/3/2010 0:00,0.784243,1.003553578
15/3/2010 0:00,0.783352,0.998863873
16/3/2010 0:00,0.780504,0.996364342
17/3/2010 0:00,0.777538,0.996199891
18/3/2010 0:00,0.77808,1.000697072
19/3/2010 0:00,0.780926,1.003657722
22/3/2010 0:00,0.777543,0.995667963
23/3/2010 0:00,0.77731,0.999700338
24/3/2010 0:00,0.779976,1.003429777
25/3/2010 0:00,0.782176,1.0028206
26/3/2010 0:00,0.787985,1.007426717
28/3/2010 0:00,0.7797,0.98948584
29/3/2010 0:00,0.777877,0.997661921
30/3/2010 0:00,0.780578,1.003472271
31/3/2010 0:00,0.777356,0.99587229
1/4/2010 0:00,0.776825,0.999316915
4/4/2010 0:00,0.777092,1.000343707
5/4/2010 0:00,0.772008,0.99345766
6/4/2010 0:00,0.773063,1.001366566
7/4/2010 0:00,0.772333,0.999055704
8/4/2010 0:00,0.770925,0.998176952
11/4/2010 0:00,0.77599,1.00657003
12/4/2010 0:00,0.774695,0.998331164
13/4/2010 0:00,0.77815,1.00445982
14/4/2010 0:00,0.779348,1.001539549
15/4/2010 0:00,0.786722,1.009461755
18/4/2010 0:00,0.784482,0.997152743
19/4/2010 0:00,0.781043,0.995616216
20/4/2010 0:00,0.78573,1.00600095
21/4/2010 0:00,0.787318,1.00202105
22/4/2010 0:00,0.786815,0.999361122
25/4/2010 0:00,0.788673,1.002361419
26/4/2010 0:00,0.79409,1.006868499
27/4/2010 0:00,0.787095,0.991191175
28/4/2010 0:00,0.785364,0.997800774
29/4/2010 0:00,0.78927,1.00497349
2/5/2010 0:00,0.787576,0.997853713
3/5/2010 0:00,0.796609,1.011469369
4/5/2010 0:00,0.791934,0.994131374
5/5/2010 0:00,0.803577,1.014701983
6/5/2010 0:00,0.80753,1.004919255
9/5/2010 0:00,0.802294,0.99351603
10/5/2010 0:00,0.80836,1.007560819
11/5/2010 0:00,0.809557,1.001480776
12/5/2010 0:00,0.807973,0.998043374
13/5/2010 0:00,0.813509,1.006851714
16/5/2010 0:00,0.820742,1.008891112
17/5/2010 0:00,0.831054,1.012564241
18/5/2010 0:00,0.84536,1.017214285
19/5/2010 0:00,0.872534,1.032144885
20/5/2010 0:00,0.854784,0.979656953
23/5/2010 0:00,0.861202,1.00750833
24/5/2010 0:00,0.856049,0.994016503
25/5/2010 0:00,0.857578,1.001786113
26/5/2010 0:00,0.843804,0.983938487
27/5/2010 0:00,0.838735,0.993992681
30/5/2010 0:00,0.843961,1.006230812
31/5/2010 0:00,0.85006,1.007226637
1/6/2010 0:00,0.84639,0.995682658
2/6/2010 0:00,0.842775,0.995728919
3/6/2010 0:00,0.858609,1.018787933
6/6/2010 0:00,0.868551,1.011579194
7/6/2010 0:00,0.856799,0.986469419
8/6/2010 0:00,0.852827,0.99536414
9/6/2010 0:00,0.840613,0.985678221
10/6/2010 0:00,0.839223,0.998346445
13/6/2010 0:00,0.834145,0.993949165
14/6/2010 0:00,0.831883,0.997288241
15/6/2010 0:00,0.831491,0.99952878
16/6/2010 0:00,0.828351,0.996223651
17/6/2010 0:00,0.828481,1.000156938
20/6/2010 0:00,0.828082,0.999518396
21/6/2010 0:00,0.82716,0.998886584
22/6/2010 0:00,0.823546,0.995630833
23/6/2010 0:00,0.828553,1.006079806
24/6/2010 0:00,0.824989,0.995698525
27/6/2010 0:00,0.829486,1.005450982
28/6/2010 0:00,0.83923,1.011747034
29/6/2010 0:00,0.849425,1.01214804
30/6/2010 0:00,0.850209,1.000922977
1/7/2010 0:00,0.853212,1.003532073
4/7/2010 0:00,0.85782,1.005400768
5/7/2010 0:00,0.847174,0.987589471
6/7/2010 0:00,0.837068,0.988070928
7/7/2010 0:00,0.826768,0.987695145
8/7/2010 0:00,0.824727,0.997531351
11/7/2010 0:00,0.825785,1.001282849
12/7/2010 0:00,0.823089,0.996735228
13/7/2010 0:00,0.825713,1.003187991
14/7/2010 0:00,0.824384,0.998390482
15/7/2010 0:00,0.83634,1.01450295
18/7/2010 0:00,0.836892,1.000660019
19/7/2010 0:00,0.825346,0.986203716
20/7/2010 0:00,0.827603,1.002734611
21/7/2010 0:00,0.815358,0.985204259
22/7/2010 0:00,0.814864,0.999394131
25/7/2010 0:00,0.814913,1.000060133
26/7/2010 0:00,0.814731,0.999776663
27/7/2010 0:00,0.819832,1.006260962
28/7/2010 0:00,0.813665,0.992477727
29/7/2010 0:00,0.813374,0.999642359
1/8/2010 0:00,0.812324,0.998709081
2/8/2010 0:00,0.811546,0.999042254
3/8/2010 0:00,0.811768,1.000273552
4/8/2010 0:00,0.806941,0.99405372
5/8/2010 0:00,0.807493,1.000684065
8/8/2010 0:00,0.809018,1.001888561
9/8/2010 0:00,0.809866,1.001048184
10/8/2010 0:00,0.809165,0.999134425
11/8/2010 0:00,0.818584,1.011640395
12/8/2010 0:00,0.818469,0.999859514
15/8/2010 0:00,0.821245,1.003391698
16/8/2010 0:00,0.819758,0.998189334
17/8/2010 0:00,0.815611,0.99494119
18/8/2010 0:00,0.823421,1.009575643
19/8/2010 0:00,0.828141,1.005732183
22/8/2010 0:00,0.829662,1.001836644
23/8/2010 0:00,0.82796,0.997948562
24/8/2010 0:00,0.831289,1.004020726
25/8/2010 0:00,0.832511,1.001470006
26/8/2010 0:00,0.834022,1.001814991
29/8/2010 0:00,0.819864,0.983024429
30/8/2010 0:00,0.827467,1.009273489
31/8/2010 0:00,0.826321,0.998615051
1/9/2010 0:00,0.815901,0.987389888
2/9/2010 0:00,0.816722,1.00100625
5/9/2010 0:00,0.813045,0.995497856
6/9/2010 0:00,0.811124,0.997637277
7/9/2010 0:00,0.813903,1.00342611
8/9/2010 0:00,0.810569,0.995903689
9/9/2010 0:00,0.807122,0.995747432
12/9/2010 0:00,0.804455,0.996695667
13/9/2010 0:00,0.801152,0.995894115
14/9/2010 0:00,0.79799,0.996053183
15/9/2010 0:00,0.796321,0.997908495
16/9/2010 0:00,0.798535,1.002780286
19/9/2010 0:00,0.798458,0.999903573
20/9/2010 0:00,0.792351,0.992351508
21/9/2010 0:00,0.789149,0.995958862
22/9/2010 0:00,0.791566,1.003062793
23/9/2010 0:00,0.792473,1.00114583
26/9/2010 0:00,0.787812,0.994118412
27/9/2010 0:00,0.78879,1.001241413
28/9/2010 0:00,0.784582,0.994665247
29/9/2010 0:00,0.782879,0.997829417
30/9/2010 0:00,0.788277,1.006895063
3/10/2010 0:00,0.784674,0.995429272
4/10/2010 0:00,0.786867,1.002794791
5/10/2010 0:00,0.786277,0.999250191
6/10/2010 0:00,0.782652,0.995389665
7/10/2010 0:00,0.779028,0.99536959
10/10/2010 0:00,0.774406,0.994066966
11/10/2010 0:00,0.776937,1.003268311
12/10/2010 0:00,0.776807,0.999832676
13/10/2010 0:00,0.774255,0.996714757
14/10/2010 0:00,0.776895,1.003409729
17/10/2010 0:00,0.779208,1.002977236
18/10/2010 0:00,0.777069,0.997254905
19/10/2010 0:00,0.783823,1.008691635
20/10/2010 0:00,0.779049,0.993909339
21/10/2010 0:00,0.78488,1.007484767
24/10/2010 0:00,0.782843,0.997404699
25/10/2010 0:00,0.780586,0.997116919
26/10/2010 0:00,0.781289,1.000900605
27/10/2010 0:00,0.788162,1.008797001
28/10/2010 0:00,0.788162,1
1/11/2010 0:00,0.784424,0.99525732
2/11/2010 0:00,0.783501,0.99882334
3/11/2010 0:00,0.777657,0.992541171
4/11/2010 0:00,0.774918,0.996477882
5/11/2010 0:00,0.767553,0.990495769
8/11/2010 0:00,0.766231,0.998277643
9/11/2010 0:00,0.767812,1.002063346
10/11/2010 0:00,0.771481,1.004778513
11/11/2010 0:00,0.773622,1.002775182
12/11/2010 0:00,0.777623,1.005171776
15/11/2010 0:00,0.77955,1.002478065
16/11/2010 0:00,0.779021,0.999321403
17/11/2010 0:00,0.785525,1.008348941
18/11/2010 0:00,0.783539,0.997471755
19/11/2010 0:00,0.779477,0.994815829
22/11/2010 0:00,0.779966,1.000627344
23/11/2010 0:00,0.780353,1.000496175
24/11/2010 0:00,0.780881,1.000676617
25/11/2010 0:00,0.777276,0.995383419
26/11/2010 0:00,0.781785,1.005801028
29/11/2010 0:00,0.785289,1.004482051
30/11/2010 0:00,0.788023,1.003481521
1/12/2010 0:00,0.789258,1.001567213
2/12/2010 0:00,0.790016,1.000960396
3/12/2010 0:00,0.783167,0.991330555
6/12/2010 0:00,0.774687,0.989172169
7/12/2010 0:00,0.774621,0.999914804
8/12/2010 0:00,0.776743,1.002739404
9/12/2010 0:00,0.776873,1.000167366
10/12/2010 0:00,0.77536,0.998052449
13/12/2010 0:00,0.776657,1.001672771
14/12/2010 0:00,0.771108,0.992855276
15/12/2010 0:00,0.769928,0.998469734
16/12/2010 0:00,0.769365,0.999268763
17/12/2010 0:00,0.76871,0.999148649
20/12/2010 0:00,0.769582,1.001134368
21/12/2010 0:00,0.764827,0.993821321
22/12/2010 0:00,0.763971,0.998880793
23/12/2010 0:00,0.76645,1.003244888
24/12/2010 0:00,0.762828,0.995274317
27/12/2010 0:00,0.767979,1.006752505
28/12/2010 0:00,0.765794,0.99715487
29/12/2010 0:00,0.762341,0.995490954
30/12/2010 0:00,0.760682,0.997823809
31/12/2010 0:00,0.764269,1.004715505
3/1/2011 0:00,0.76342,0.998889135
4/1/2011 0:00,0.765328,1.00249928
5/1/2011 0:00,0.771457,1.008008331
6/1/2011 0:00,0.773892,1.003156365
7/1/2011 0:00,0.776467,1.003327338
10/1/2011 0:00,0.775608,0.998893707
11/1/2011 0:00,0.774798,0.998955658
12/1/2011 0:00,0.786846,1.015549859
13/1/2011 0:00,0.779586,0.99077329
14/1/2011 0:00,0.77952,0.99991534
17/1/2011 0:00,0.784088,1.005860016
18/1/2011 0:00,0.781849,0.997144453
19/1/2011 0:00,0.781216,0.999190381
20/1/2011 0:00,0.781657,1.000564505
21/1/2011 0:00,0.788112,1.008258098
24/1/2011 0:00,0.787546,0.999281828
25/1/2011 0:00,0.78288,0.994075267
26/1/2011 0:00,0.785116,1.002856121
27/1/2011 0:00,0.782935,0.997222067
28/1/2011 0:00,0.789433,1.00829954
31/1/2011 0:00,0.786732,0.996578557
1/2/2011 0:00,0.784016,0.996547744
2/2/2011 0:00,0.778435,0.992881523
3/2/2011 0:00,0.777055,0.998227212
4/2/2011 0:00,0.773596,0.995548578
7/2/2011 0:00,0.774435,1.001084545
8/2/2011 0:00,0.774845,1.000529418
9/2/2011 0:00,0.774318,0.999319864
10/2/2011 0:00,0.777217,1.00374394
11/2/2011 0:00,0.781255,1.00519546
14/2/2011 0:00,0.778366,0.996302104
15/2/2011 0:00,0.778454,1.000113057
16/2/2011 0:00,0.782687,1.005437701
17/2/2011 0:00,0.779804,0.996316535
18/2/2011 0:00,0.774438,0.993118784
21/2/2011 0:00,0.774564,1.000162699
22/2/2011 0:00,0.777225,1.003435481
23/2/2011 0:00,0.780754,1.004540513
24/2/2011 0:00,0.781283,1.00067755
25/2/2011 0:00,0.775929,0.993147169
28/2/2011 0:00,0.773409,0.99675228
1/3/2011 0:00,0.772509,0.998836321
2/3/2011 0:00,0.774742,1.002890581
3/3/2011 0:00,0.77554,1.00103002
4/3/2011 0:00,0.778921,1.004359543
7/3/2011 0:00,0.777891,0.998677658
8/3/2011 0:00,0.780517,1.003375794
9/3/2011 0:00,0.781574,1.001354231
10/3/2011 0:00,0.781158,0.999467741
11/3/2011 0:00,0.783992,1.003627947
14/3/2011 0:00,0.779957,0.994853264
15/3/2011 0:00,0.781881,1.002466803
16/3/2011 0:00,0.787907,1.007707055
17/3/2011 0:00,0.794381,1.008216706
18/3/2011 0:00,0.795456,1.001353255
21/3/2011 0:00,0.787836,0.990420589
22/3/2011 0:00,0.785455,0.996977797
23/3/2011 0:00,0.783817,0.997914585
24/3/2011 0:00,0.781068,0.996492804
25/3/2011 0:00,0.777418,0.995326911
27/3/2011 0:00,0.773645,0.995146755
28/3/2011 0:00,0.773201,0.999426093
29/3/2011 0:00,0.770707,0.996774448
30/3/2011 0:00,0.768493,0.997127313
31/3/2011 0:00,0.767939,0.999279109
3/4/2011 0:00,0.763553,0.994288609
4/4/2011 0:00,0.765535,1.00259576
5/4/2011 0:00,0.768989,1.004511877
6/4/2011 0:00,0.7606,0.989090871
7/4/2011 0:00,0.758554,0.997310018
10/4/2011 0:00,0.752988,0.992662355
11/4/2011 0:00,0.757846,1.00645163
12/4/2011 0:00,0.761755,1.00515804
13/4/2011 0:00,0.75871,0.996002652
17/4/2011 0:00,0.761943,1.00426118
18/4/2011 0:00,0.763948,1.00263143
19/4/2011 0:00,0.763519,0.999438443
20/4/2011 0:00,0.756053,0.990221592
21/4/2011 0:00,0.753235,0.996272748
24/4/2011 0:00,0.75345,1.000285435
25/4/2011 0:00,0.754663,1.001609928
26/4/2011 0:00,0.752086,0.996585231
27/4/2011 0:00,0.749508,0.996572201
28/4/2011 0:00,0.745158,0.994196193
1/5/2011 0:00,0.745957,1.001072256
2/5/2011 0:00,0.746843,1.001187736
3/5/2011 0:00,0.750383,1.004739952
4/5/2011 0:00,0.755793,1.007209652
5/5/2011 0:00,0.760678,1.00646341
8/5/2011 0:00,0.755436,0.993108779
9/5/2011 0:00,0.752043,0.995508554
10/5/2011 0:00,0.748725,0.995588018
11/5/2011 0:00,0.755708,1.009326522
12/5/2011 0:00,0.757156,1.001916084
15/5/2011 0:00,0.759965,1.003709936
16/5/2011 0:00,0.756463,0.995391893
17/5/2011 0:00,0.755545,0.998786458
18/5/2011 0:00,0.758959,1.004518593
19/5/2011 0:00,0.757525,0.99811057
22/5/2011 0:00,0.75853,1.001326689
23/5/2011 0:00,0.762278,1.004941136
24/5/2011 0:00,0.75941,0.996237593
25/5/2011 0:00,0.761242,1.002412399
26/5/2011 0:00,0.75725,0.994755938
29/5/2011 0:00,0.7557,0.99795312
30/5/2011 0:00,0.757762,1.002728596
31/5/2011 0:00,0.7598,1.002689499
1/6/2011 0:00,0.759343,0.999398526
2/6/2011 0:00,0.760205,1.001135192
5/6/2011 0:00,0.758134,0.997275735
6/6/2011 0:00,0.757576,0.999263982
7/6/2011 0:00,0.760621,1.004019399
8/6/2011 0:00,0.762883,1.002973886
9/6/2011 0:00,0.765352,1.003236407
12/6/2011 0:00,0.76781,1.003211594
13/6/2011 0:00,0.763809,0.994789075
14/6/2011 0:00,0.760545,0.99572668
15/6/2011 0:00,0.764196,1.004800505
16/6/2011 0:00,0.763725,0.999383666
19/6/2011 0:00,0.76485,1.001473043
20/6/2011 0:00,0.76446,0.999490096
21/6/2011 0:00,0.765585,1.001471627
22/6/2011 0:00,0.767723,1.002792636
23/6/2011 0:00,0.768838,1.001452347
26/6/2011 0:00,0.770786,1.002533694
27/6/2011 0:00,0.770549,0.999692522
28/6/2011 0:00,0.765911,0.993980915
29/6/2011 0:00,0.758492,0.990313496
30/6/2011 0:00,0.760275,1.002350717
3/7/2011 0:00,0.757033,0.995735754
4/7/2011 0:00,0.759731,1.003563913
5/7/2011 0:00,0.761467,1.002285019
6/7/2011 0:00,0.761424,0.99994353
7/7/2011 0:00,0.759367,0.997298483
10/7/2011 0:00,0.763287,1.005162194
11/7/2011 0:00,0.765578,1.003001492
12/7/2011 0:00,0.770556,1.006502277
13/7/2011 0:00,0.763135,0.990369292
14/7/2011 0:00,0.766395,1.004271852
17/7/2011 0:00,0.770608,1.005497165
18/7/2011 0:00,0.774605,1.005186814
19/7/2011 0:00,0.766058,0.988965989
20/7/2011 0:00,0.765575,0.999369499
21/7/2011 0:00,0.762562,0.996064396
24/7/2011 0:00,0.763182,1.000813049
25/7/2011 0:00,0.763676,1.00064729
26/7/2011 0:00,0.758256,0.992902749
27/7/2011 0:00,0.752729,0.992710905
28/7/2011 0:00,0.756252,1.004680303
31/7/2011 0:00,0.75456,0.997762651
1/8/2011 0:00,0.758018,1.004582803
2/8/2011 0:00,0.770077,1.015908593
3/8/2011 0:00,0.771041,1.001251823
4/8/2011 0:00,0.781212,1.013191257
7/8/2011 0:00,0.793075,1.015185379
8/8/2011 0:00,0.80736,1.018012168
9/8/2011 0:00,0.797606,0.987918648
10/8/2011 0:00,0.808824,1.014064588
11/8/2011 0:00,0.797888,0.986479135
14/8/2011 0:00,0.796947,0.998820636
15/8/2011 0:00,0.79441,0.996816601
16/8/2011 0:00,0.795069,1.000829546
17/8/2011 0:00,0.789294,0.992736479
18/8/2011 0:00,0.791668,1.003007751
21/8/2011 0:00,0.795613,1.00498315
22/8/2011 0:00,0.795665,1.000065358
23/8/2011 0:00,0.78967,0.992465422
24/8/2011 0:00,0.792471,1.003547051
25/8/2011 0:00,0.791087,0.998253564
28/8/2011 0:00,0.78558,0.993038692
29/8/2011 0:00,0.777522,0.989742611
30/8/2011 0:00,0.776812,0.999086843
31/8/2011 0:00,0.777341,1.000680988
1/9/2011 0:00,0.77456,0.99642242
4/9/2011 0:00,0.782304,1.009997934
5/9/2011 0:00,0.787195,1.006252045
6/9/2011 0:00,0.787694,1.000633896
7/9/2011 0:00,0.777493,0.98704954
8/9/2011 0:00,0.776557,0.998796131
11/9/2011 0:00,0.778467,1.002459575
12/9/2011 0:00,0.782844,1.005622589
13/9/2011 0:00,0.781941,0.998846513
14/9/2011 0:00,0.782698,1.000968104
15/9/2011 0:00,0.780174,0.996775257
18/9/2011 0:00,0.779273,0.998845129
19/9/2011 0:00,0.779059,0.999725385
20/9/2011 0:00,0.773774,0.993216175
21/9/2011 0:00,0.771405,0.996938383
22/9/2011 0:00,0.785577,1.018371672
25/9/2011 0:00,0.785565,0.999984725
26/9/2011 0:00,0.78741,1.002348628
27/9/2011 0:00,0.786599,0.998970041
28/9/2011 0:00,0.790005,1.004330033
29/9/2011 0:00,0.78936,0.999183549
2/10/2011 0:00,0.791392,1.002574237
3/10/2011 0:00,0.797857,1.00816915
4/10/2011 0:00,0.800122,1.002838855
5/10/2011 0:00,0.796575,0.995566926
6/10/2011 0:00,0.78998,0.991720805
9/10/2011 0:00,0.788752,0.99844553
10/10/2011 0:00,0.785199,0.995495416
11/10/2011 0:00,0.782548,0.996623786
12/10/2011 0:00,0.771145,0.98542837
13/10/2011 0:00,0.771025,0.999844387
16/10/2011 0:00,0.764545,0.991595603
17/10/2011 0:00,0.772594,1.01052783
18/10/2011 0:00,0.768937,0.995266595
19/10/2011 0:00,0.770998,1.002680324
20/10/2011 0:00,0.76818,0.996344997
23/10/2011 0:00,0.760776,0.990361634
24/10/2011 0:00,0.756122,0.993882562
25/10/2011 0:00,0.758796,1.003536466
26/10/2011 0:00,0.758144,0.999140744
27/10/2011 0:00,0.752265,0.992245536
31/10/2011 0:00,0.752982,1.000953122
1/11/2011 0:00,0.756711,1.00495231
2/11/2011 0:00,0.759222,1.003318308
3/11/2011 0:00,0.762147,1.003852628
4/11/2011 0:00,0.759618,0.996681742
7/11/2011 0:00,0.759563,0.999927595
8/11/2011 0:00,0.760241,1.000892619
9/11/2011 0:00,0.760406,1.000217036
10/11/2011 0:00,0.765575,1.006797684
11/11/2011 0:00,0.763401,0.997160304
14/11/2011 0:00,0.758797,0.993969094
15/11/2011 0:00,0.759625,1.001091201
16/11/2011 0:00,0.762461,1.003733421
17/11/2011 0:00,0.766947,1.00588358
18/11/2011 0:00,0.772006,1.006596284
21/11/2011 0:00,0.770689,0.998294055
22/11/2011 0:00,0.778613,1.010281709
23/11/2011 0:00,0.781,1.003065708
24/11/2011 0:00,0.786867,1.007512164
25/11/2011 0:00,0.787101,1.000297382
28/11/2011 0:00,0.78095,0.992185247
29/11/2011 0:00,0.776743,0.994612971
30/11/2011 0:00,0.769741,0.990985435
1/12/2011 0:00,0.760766,0.988340234
2/12/2011 0:00,0.762543,1.002335804
5/12/2011 0:00,0.761866,0.999112181
6/12/2011 0:00,0.760278,0.997915644
7/12/2011 0:00,0.760661,1.000503763
8/12/2011 0:00,0.757858,0.996315047
9/12/2011 0:00,0.759442,1.002090101
12/12/2011 0:00,0.757594,0.997566634
13/12/2011 0:00,0.7644,1.008983704
14/12/2011 0:00,0.766128,1.002260597
15/12/2011 0:00,0.771016,1.006380135
16/12/2011 0:00,0.770503,0.999334644
19/12/2011 0:00,0.770187,0.999589878
20/12/2011 0:00,0.771166,1.00127112
21/12/2011 0:00,0.764258,0.991042136
22/12/2011 0:00,0.766115,1.002429808
23/12/2011 0:00,0.762699,0.995541139
26/12/2011 0:00,0.760781,0.997485246
27/12/2011 0:00,0.76198,1.001576012
28/12/2011 0:00,0.760355,0.997867398
29/12/2011 0:00,0.763619,1.004292732
30/12/2011 0:00,0.759006,0.993959029
2/1/2012 0:00,0.755821,0.995803722
3/1/2012 0:00,0.752318,0.995365305
4/1/2012 0:00,0.75097,0.998208205
5/1/2012 0:00,0.750835,0.999820232
6/1/2012 0:00,0.754948,1.005477901
9/1/2012 0:00,0.756504,1.002061069
10/1/2012 0:00,0.753422,0.995925996
11/1/2012 0:00,0.752923,0.999337689
12/1/2012 0:00,0.751271,0.997805885
13/1/2012 0:00,0.750469,0.998932476
16/1/2012 0:00,0.75201,1.002053383
17/1/2012 0:00,0.750631,0.998166248
18/1/2012 0:00,0.750682,1.000067943
19/1/2012 0:00,0.75168,1.001329458
20/1/2012 0:00,0.754713,1.004034962
23/1/2012 0:00,0.750483,0.99439522
24/1/2012 0:00,0.749442,0.998612893
25/1/2012 0:00,0.753058,1.004824923
26/1/2012 0:00,0.749052,0.994680357
27/1/2012 0:00,0.748502,0.999265739
30/1/2012 0:00,0.751359,1.003816957
31/1/2012 0:00,0.751384,1.000033273
1/2/2012 0:00,0.749289,0.997211812
2/2/2012 0:00,0.746253,0.995948159
3/2/2012 0:00,0.74887,1.003506854
6/2/2012 0:00,0.747937,0.998754123
7/2/2012 0:00,0.746965,0.998700425
8/2/2012 0:00,0.743617,0.995517862
9/2/2012 0:00,0.743829,1.000285093
10/2/2012 0:00,0.743935,1.000142506
13/2/2012 0:00,0.743819,0.999844072
14/2/2012 0:00,0.742265,0.997910782
15/2/2012 0:00,0.739223,0.995901733
16/2/2012 0:00,0.739968,1.001007815
17/2/2012 0:00,0.737477,0.996633638
20/2/2012 0:00,0.740504,1.004104535
21/2/2012 0:00,0.743345,1.003836576
22/2/2012 0:00,0.74605,1.003638956
23/2/2012 0:00,0.748322,1.003045372
24/2/2012 0:00,0.744759,0.995238681
27/2/2012 0:00,0.745139,1.000510232
28/2/2012 0:00,0.740885,0.994290998
29/2/2012 0:00,0.741777,1.001203966
1/3/2012 0:00,0.744133,1.003176157
2/3/2012 0:00,0.741097,0.995920084
5/3/2012 0:00,0.743767,1.003602767
6/3/2012 0:00,0.745455,1.002269528
7/3/2012 0:00,0.749291,1.005145851
8/3/2012 0:00,0.751163,1.002498362
9/3/2012 0:00,0.750771,0.999478143
12/3/2012 0:00,0.753298,1.003365873
13/3/2012 0:00,0.755411,1.002804999
14/3/2012 0:00,0.753735,0.99778134
15/3/2012 0:00,0.754866,1.001500527
16/3/2012 0:00,0.752021,0.996231119
19/3/2012 0:00,0.750374,0.997809902
20/3/2012 0:00,0.750883,1.000678328
21/3/2012 0:00,0.755011,1.005497528
22/3/2012 0:00,0.756536,1.002019838
23/3/2012 0:00,0.760601,1.005373175
25/3/2012 0:00,0.757252,0.995596903
26/3/2012 0:00,0.75566,0.997897662
27/3/2012 0:00,0.7616,1.007860678
28/3/2012 0:00,0.765233,1.004770221
29/3/2012 0:00,0.765655,1.000551466
1/4/2012 0:00,0.765536,0.999844578
2/4/2012 0:00,0.76548,0.999926849
3/4/2012 0:00,0.772438,1.009089721
4/4/2012 0:00,0.772942,1.00065248
5/4/2012 0:00,0.771264,0.997829074
8/4/2012 0:00,0.770397,0.998875871
9/4/2012 0:00,0.769289,0.99856178
10/4/2012 0:00,0.773972,1.006087439
11/4/2012 0:00,0.771182,0.996395218
12/4/2012 0:00,0.766054,0.993350467
15/4/2012 0:00,0.774035,1.010418326
16/4/2012 0:00,0.772834,0.998448391
17/4/2012 0:00,0.770429,0.996888077
18/4/2012 0:00,0.770733,1.000394585
19/4/2012 0:00,0.772907,1.002820691
22/4/2012 0:00,0.771836,0.998614322
23/4/2012 0:00,0.777427,1.007243767
24/4/2012 0:00,0.777128,0.999615398
25/4/2012 0:00,0.776333,0.998977003
26/4/2012 0:00,0.776838,1.000650494
29/4/2012 0:00,0.772816,0.994822601
30/4/2012 0:00,0.775926,1.004024244
1/5/2012 0:00,0.783193,1.009365584
2/5/2012 0:00,0.782056,0.998548251
3/5/2012 0:00,0.783634,1.002017758
6/5/2012 0:00,0.789947,1.008056057
7/5/2012 0:00,0.786194,0.995249048
8/5/2012 0:00,0.792609,1.008159564
9/5/2012 0:00,0.794322,1.002161217
10/5/2012 0:00,0.793766,0.999300032
13/5/2012 0:00,0.796566,1.003527488
14/5/2012 0:00,0.79736,1.000996779
15/5/2012 0:00,0.797367,1.000008779
16/5/2012 0:00,0.794837,0.996827057
17/5/2012 0:00,0.794309,0.999335713
20/5/2012 0:00,0.798617,1.005423582
21/5/2012 0:00,0.79588,0.996572825
22/5/2012 0:00,0.801896,1.007558928
23/5/2012 0:00,0.804367,1.003081447
24/5/2012 0:00,0.802272,0.997395467
27/5/2012 0:00,0.797557,0.994122941
28/5/2012 0:00,0.796527,0.998708556
29/5/2012 0:00,0.795435,0.998629048
30/5/2012 0:00,0.799752,1.005427219
31/5/2012 0:00,0.798916,0.998954676
3/6/2012 0:00,0.801215,1.002877649
4/6/2012 0:00,0.798661,0.996812341
5/6/2012 0:00,0.796155,0.996862248
6/6/2012 0:00,0.791809,0.994541264
7/6/2012 0:00,0.790583,0.998451647
10/6/2012 0:00,0.784673,0.992524504
11/6/2012 0:00,0.787492,1.003592579
12/6/2012 0:00,0.783636,0.995103442
13/6/2012 0:00,0.784609,1.001241648
14/6/2012 0:00,0.781112,0.995543003
17/6/2012 0:00,0.780746,0.999531437
18/6/2012 0:00,0.779036,0.997809787
19/6/2012 0:00,0.77559,0.995576584
20/6/2012 0:00,0.772749,0.996336982
21/6/2012 0:00,0.778843,1.007886131
24/6/2012 0:00,0.779559,1.000919312
25/6/2012 0:00,0.779547,0.999984607
26/6/2012 0:00,0.778271,0.998363152
27/6/2012 0:00,0.777197,0.998620018
28/6/2012 0:00,0.778224,1.001321415
1/7/2012 0:00,0.771499,0.991358529
2/7/2012 0:00,0.77063,0.998873621
3/7/2012 0:00,0.770063,0.999264238
4/7/2012 0:00,0.76874,0.998281959
5/7/2012 0:00,0.768986,1.000320004
8/7/2012 0:00,0.770751,1.00229523
9/7/2012 0:00,0.772073,1.00171521
10/7/2012 0:00,0.773886,1.002348224
11/7/2012 0:00,0.772356,0.998022965
12/7/2012 0:00,0.777315,1.006420614
15/7/2012 0:00,0.77273,0.99410149
16/7/2012 0:00,0.772478,0.999673884
17/7/2012 0:00,0.769158,0.995702143
18/7/2012 0:00,0.767279,0.997557069
19/7/2012 0:00,0.765167,0.997247416
22/7/2012 0:00,0.768601,1.004487909
23/7/2012 0:00,0.772049,1.004486073
24/7/2012 0:00,0.775396,1.004335217
25/7/2012 0:00,0.772539,0.996315431
26/7/2012 0:00,0.7688,0.995160115
29/7/2012 0:00,0.765917,0.99625
30/7/2012 0:00,0.76398,0.997471005
31/7/2012 0:00,0.765613,1.002137491
1/8/2012 0:00,0.765681,1.000088818
2/8/2012 0:00,0.7657,1.000024815
5/8/2012 0:00,0.763389,0.996981847
6/8/2012 0:00,0.762545,0.998894404
7/8/2012 0:00,0.763631,1.001424178
8/8/2012 0:00,0.760763,0.996244259
9/8/2012 0:00,0.759798,0.998731537
12/8/2012 0:00,0.761218,1.001868918
13/8/2012 0:00,0.763208,1.002614231
14/8/2012 0:00,0.764786,1.002067588
15/8/2012 0:00,0.762741,0.997326049
16/8/2012 0:00,0.760777,0.997425076
19/8/2012 0:00,0.765141,1.005736241
20/8/2012 0:00,0.763933,0.998421206
21/8/2012 0:00,0.763971,1.000049743
22/8/2012 0:00,0.763385,0.999232955
23/8/2012 0:00,0.768438,1.006619203
26/8/2012 0:00,0.76881,1.000484099
27/8/2012 0:00,0.770335,1.001983585
28/8/2012 0:00,0.76961,0.999058851
29/8/2012 0:00,0.771198,1.002063383
30/8/2012 0:00,0.775963,1.006178699
2/9/2012 0:00,0.779038,1.003962818
3/9/2012 0:00,0.783873,1.006206372
4/9/2012 0:00,0.784773,1.001148145
5/9/2012 0:00,0.786618,1.002350998
6/9/2012 0:00,0.782455,0.994707723
9/9/2012 0:00,0.780658,0.997703382
10/9/2012 0:00,0.782469,1.002319838
11/9/2012 0:00,0.77955,0.996269501
12/9/2012 0:00,0.777671,0.997589635
13/9/2012 0:00,0.774781,0.996283776
16/9/2012 0:00,0.777396,1.003375147
17/9/2012 0:00,0.779992,1.003339353
18/9/2012 0:00,0.780928,1.001200012
19/9/2012 0:00,0.780257,0.999140766
20/9/2012 0:00,0.782989,1.00350141
23/9/2012 0:00,0.782317,0.99914175
24/9/2012 0:00,0.781608,0.999093718
25/9/2012 0:00,0.785225,1.004627639
26/9/2012 0:00,0.783343,0.997603235
27/9/2012 0:00,0.78146,0.9975962
30/9/2012 0:00,0.785745,1.005483326
1/10/2012 0:00,0.785321,0.999460385
2/10/2012 0:00,0.791715,1.008141894
3/10/2012 0:00,0.79469,1.003757665
4/10/2012 0:00,0.794782,1.000115768
7/10/2012 0:00,0.799714,1.006205475
8/10/2012 0:00,0.796591,0.996094854
9/10/2012 0:00,0.797328,1.000925192
10/10/2012 0:00,0.794936,0.99699998
11/10/2012 0:00,0.79401,0.998835126
14/10/2012 0:00,0.799828,1.007327364
15/10/2012 0:00,0.797478,0.997061868
16/10/2012 0:00,0.795955,0.998090229
17/10/2012 0:00,0.792075,0.995125353
18/10/2012 0:00,0.790697,0.998260266
21/10/2012 0:00,0.793687,1.003781474
22/10/2012 0:00,0.792461,0.99845531
23/10/2012 0:00,0.795198,1.003453798
24/10/2012 0:00,0.790603,0.994221565
25/10/2012 0:00,0.791215,1.000774093
29/10/2012 0:00,0.790814,0.999493185
30/10/2012 0:00,0.791959,1.001447875
31/10/2012 0:00,0.791183,0.999020151
1/11/2012 0:00,0.790226,0.998790419
2/11/2012 0:00,0.787115,0.996063152
5/11/2012 0:00,0.789773,1.003376889
6/11/2012 0:00,0.787074,0.996582562
7/11/2012 0:00,0.7839,0.995967342
8/11/2012 0:00,0.785462,1.001992601
9/11/2012 0:00,0.785022,0.99943982
12/11/2012 0:00,0.786237,1.001547727
13/11/2012 0:00,0.784468,0.997750042
14/11/2012 0:00,0.783088,0.998240846
15/11/2012 0:00,0.788669,1.007126913
16/11/2012 0:00,0.790171,1.001904475
19/11/2012 0:00,0.787284,0.99634636
20/11/2012 0:00,0.78502,0.997124291
21/11/2012 0:00,0.786259,1.001578304
22/11/2012 0:00,0.786617,1.000455321
23/11/2012 0:00,0.786681,1.000081361
26/11/2012 0:00,0.782267,0.994389085
27/11/2012 0:00,0.782012,0.999674024
28/11/2012 0:00,0.782903,1.001139369
29/11/2012 0:00,0.781219,0.997849031
30/11/2012 0:00,0.785733,1.005778149
3/12/2012 0:00,0.78618,1.000568896
5/12/2012 0:00,0.784089,0.997340304
6/12/2012 0:00,0.785619,1.001951309
7/12/2012 0:00,0.782377,0.995873318
10/12/2012 0:00,0.781607,0.99901582
11/12/2012 0:00,0.780445,0.998513319
12/12/2012 0:00,0.777621,0.996381552
13/12/2012 0:00,0.776895,0.999066383
14/12/2012 0:00,0.777573,1.000872705
17/12/2012 0:00,0.776422,0.998519753
18/12/2012 0:00,0.777345,1.001188787
19/12/2012 0:00,0.780764,1.004398304
20/12/2012 0:00,0.782356,1.002039028
21/12/2012 0:00,0.783213,1.001095409
24/12/2012 0:00,0.787602,1.00560384
25/12/2012 0:00,0.790129,1.003208473
26/12/2012 0:00,0.789166,0.998781212
27/12/2012 0:00,0.788336,0.998948257
28/12/2012 0:00,0.788633,1.000376743
31/12/2012 0:00,0.786884,0.997782238
1/1/2013 0:00,0.787769,1.001124689
2/1/2013 0:00,0.787939,1.000215799
3/1/2013 0:00,0.78055,0.990622371
4/1/2013 0:00,0.779528,0.998690667
7/1/2013 0:00,0.776775,0.996468376
8/1/2013 0:00,0.774035,0.996472595
9/1/2013 0:00,0.774557,1.000674388
10/1/2013 0:00,0.774942,1.000497058
11/1/2013 0:00,0.773097,0.997619177
14/1/2013 0:00,0.773317,1.00028457
15/1/2013 0:00,0.772563,0.999024979
16/1/2013 0:00,0.77275,1.000242051
17/1/2013 0:00,0.774105,1.001753478
18/1/2013 0:00,0.775063,1.001237558
21/1/2013 0:00,0.775662,1.00077284
22/1/2013 0:00,0.773995,0.997850868
23/1/2013 0:00,0.771565,0.996860445
24/1/2013 0:00,0.773661,1.002716557
25/1/2013 0:00,0.777995,1.005601937
28/1/2013 0:00,0.776946,0.998651662
29/1/2013 0:00,0.774924,0.997397503
30/1/2013 0:00,0.77388,0.998652771
31/1/2013 0:00,0.776619,1.003539308
1/2/2013 0:00,0.774489,0.997257342
4/2/2013 0:00,0.773313,0.998481579
5/2/2013 0:00,0.773135,0.999769822
6/2/2013 0:00,0.778148,1.006483991
7/2/2013 0:00,0.782137,1.005126274
8/2/2013 0:00,0.784656,1.003220663
11/2/2013 0:00,0.782787,0.997618064
12/2/2013 0:00,0.78478,1.002546031
13/2/2013 0:00,0.780895,0.995049568
14/2/2013 0:00,0.781171,1.000353441
15/2/2013 0:00,0.782165,1.001272449
18/2/2013 0:00,0.784431,1.002897087
19/2/2013 0:00,0.782212,0.997171198
20/2/2013 0:00,0.781123,0.998607794
21/2/2013 0:00,0.786789,1.007253659
22/2/2013 0:00,0.783292,0.995555352
25/2/2013 0:00,0.783602,1.000395766
26/2/2013 0:00,0.785606,1.002557421
27/2/2013 0:00,0.789034,1.00436351
28/2/2013 0:00,0.790504,1.001863038
1/3/2013 0:00,0.790572,1.000086021
4/3/2013 0:00,0.789273,0.998356886
5/3/2013 0:00,0.787481,0.997729556
6/3/2013 0:00,0.782438,0.993596036
7/3/2013 0:00,0.782953,1.000658199
8/3/2013 0:00,0.782111,0.998924584
11/3/2013 0:00,0.784002,1.002417815
12/3/2013 0:00,0.779061,0.99369772
13/3/2013 0:00,0.776695,0.996963011
14/3/2013 0:00,0.777754,1.00136347
15/3/2013 0:00,0.771313,0.991718461
18/3/2013 0:00,0.771977,1.00086087
19/3/2013 0:00,0.770235,0.997743456
20/3/2013 0:00,0.771371,1.001474875
21/3/2013 0:00,0.770332,0.998653048
22/3/2013 0:00,0.766955,0.995616176
25/3/2013 0:00,0.76779,1.001088721
26/3/2013 0:00,0.768328,1.000700712
27/3/2013 0:00,0.769549,1.001589165
28/3/2013 0:00,0.770456,1.001178612
29/3/2013 0:00,0.773761,1.004289667
31/3/2013 0:00,0.773855,1.000121485
1/4/2013 0:00,0.773299,0.999281519
2/4/2013 0:00,0.771972,0.998283976
3/4/2013 0:00,0.772299,1.00042359
4/4/2013 0:00,0.773491,1.001543444
7/4/2013 0:00,0.779314,1.007528207
8/4/2013 0:00,0.773055,0.991968577
9/4/2013 0:00,0.769426,0.995305638
10/4/2013 0:00,0.766459,0.996143879
11/4/2013 0:00,0.766887,1.000558412
14/4/2013 0:00,0.768773,1.002459293
15/4/2013 0:00,0.781107,1.016043748
16/4/2013 0:00,0.780396,0.999089753
17/4/2013 0:00,0.785585,1.006649188
18/4/2013 0:00,0.785736,1.000192213
21/4/2013 0:00,0.786664,1.001181058
22/4/2013 0:00,0.785258,0.998212706
23/4/2013 0:00,0.784986,0.999653617
24/4/2013 0:00,0.783307,0.997861108
25/4/2013 0:00,0.784313,1.001284298
28/4/2013 0:00,0.786612,1.002931228
29/4/2013 0:00,0.783674,0.996264995
30/4/2013 0:00,0.783122,0.999295625
1/5/2013 0:00,0.788167,1.006442164
2/5/2013 0:00,0.789722,1.001972932
5/5/2013 0:00,0.787563,0.997266127
6/5/2013 0:00,0.792913,1.006793107
7/5/2013 0:00,0.797079,1.005254044
8/5/2013 0:00,0.799927,1.003573046
9/5/2013 0:00,0.804548,1.005776777
12/5/2013 0:00,0.807792,1.004032078
13/5/2013 0:00,0.808673,1.001090627
14/5/2013 0:00,0.81173,1.003780267
15/5/2013 0:00,0.811076,0.999194313
16/5/2013 0:00,0.813639,1.00316
19/5/2013 0:00,0.814693,1.001295415
20/5/2013 0:00,0.812665,0.997510719
21/5/2013 0:00,0.809346,0.995915906
22/5/2013 0:00,0.815825,1.008005229
23/5/2013 0:00,0.816323,1.000610425
26/5/2013 0:00,0.820607,1.005247923
27/5/2013 0:00,0.823683,1.003748445
28/5/2013 0:00,0.822686,0.998789583
29/5/2013 0:00,0.819934,0.99665486
30/5/2013 0:00,0.821315,1.001684282
2/6/2013 0:00,0.823755,1.002970846
3/6/2013 0:00,0.818636,0.993785774
4/6/2013 0:00,0.826596,1.009723491
5/6/2013 0:00,0.841136,1.017590213
6/6/2013 0:00,0.842274,1.001352932
9/6/2013 0:00,0.848083,1.006896806
10/6/2013 0:00,0.840321,0.990847594
11/6/2013 0:00,0.843623,1.003929451
12/6/2013 0:00,0.840337,0.996104895
13/6/2013 0:00,0.830698,0.988529602
16/6/2013 0:00,0.835574,1.005869763
17/6/2013 0:00,0.834894,0.999186188
18/6/2013 0:00,0.835169,1.000329383
19/6/2013 0:00,0.84975,1.017458742
20/6/2013 0:00,0.853568,1.004493086
23/6/2013 0:00,0.849843,0.995635966
24/6/2013 0:00,0.84691,0.996548774
25/6/2013 0:00,0.849873,1.003498601
26/6/2013 0:00,0.845626,0.995002783
27/6/2013 0:00,0.85053,1.005799254
30/6/2013 0:00,0.863193,1.014888364
1/7/2013 0:00,0.856039,0.991712166
2/7/2013 0:00,0.860197,1.004857255
3/7/2013 0:00,0.863971,1.004387367
4/7/2013 0:00,0.858769,0.993978965
7/7/2013 0:00,0.86145,1.003121911
8/7/2013 0:00,0.855454,0.993039642
9/7/2013 0:00,0.853903,0.998186928
10/7/2013 0:00,0.854685,1.000915795
11/7/2013 0:00,0.865353,1.012481792
14/7/2013 0:00,0.873207,1.009076065
15/7/2013 0:00,0.871436,0.997971844
16/7/2013 0:00,0.859649,0.98647405
17/7/2013 0:00,0.859478,0.999801082
18/7/2013 0:00,0.860148,1.000779543
21/7/2013 0:00,0.858774,0.9984026
22/7/2013 0:00,0.857426,0.99843032
23/7/2013 0:00,0.85212,0.993811711
24/7/2013 0:00,0.862713,1.012431348
25/7/2013 0:00,0.855688,0.991857083
28/7/2013 0:00,0.855478,0.999754583
29/7/2013 0:00,0.858081,1.003042743
30/7/2013 0:00,0.867833,1.011364894
31/7/2013 0:00,0.879196,1.013093533
1/8/2013 0:00,0.87661,0.997058676
4/8/2013 0:00,0.883658,1.008040063
5/8/2013 0:00,0.884603,1.001069418
6/8/2013 0:00,0.878322,0.99289964
7/8/2013 0:00,0.876952,0.998440208
8/8/2013 0:00,0.871726,0.994040723
11/8/2013 0:00,0.8656,0.992972562
12/8/2013 0:00,0.868155,1.00295171
13/8/2013 0:00,0.867616,0.999379143
14/8/2013 0:00,0.86175,0.993238944
15/8/2013 0:00,0.863282,1.001777778
18/8/2013 0:00,0.855751,0.991276315
19/8/2013 0:00,0.858567,1.003290677
20/8/2013 0:00,0.8653,1.007842137
21/8/2013 0:00,0.867955,1.0030683
22/8/2013 0:00,0.865398,0.997053995
25/8/2013 0:00,0.866267,1.001004162
26/8/2013 0:00,0.865954,0.99963868
27/8/2013 0:00,0.87029,1.005007194
28/8/2013 0:00,0.875337,1.005799216
29/8/2013 0:00,0.878253,1.003331288
1/9/2013 0:00,0.878032,0.999748364
2/9/2013 0:00,0.872464,0.993658545
3/9/2013 0:00,0.864358,0.990709072
4/9/2013 0:00,0.855453,0.989697556
5/9/2013 0:00,0.856311,1.001002977
8/9/2013 0:00,0.852782,0.995878834
9/9/2013 0:00,0.853653,1.001021363
10/9/2013 0:00,0.84813,0.993530158
11/9/2013 0:00,0.846691,0.998303326
12/9/2013 0:00,0.851789,1.006021087
15/9/2013 0:00,0.848945,0.996661145
16/9/2013 0:00,0.850337,1.001639682
17/9/2013 0:00,0.848748,0.998131329
18/9/2013 0:00,0.845424,0.996083643
19/9/2013 0:00,0.849693,1.005049537
22/9/2013 0:00,0.850526,1.000980354
23/9/2013 0:00,0.848498,0.997615593
24/9/2013 0:00,0.849219,1.000849737
25/9/2013 0:00,0.851564,1.002761361
26/9/2013 0:00,0.851206,0.999579597
29/9/2013 0:00,0.85529,1.004797899
30/9/2013 0:00,0.854771,0.999393188
1/10/2013 0:00,0.85033,0.994804456
2/10/2013 0:00,0.853284,1.003473945
3/10/2013 0:00,0.851752,0.998204584
6/10/2013 0:00,0.849409,0.997249199
8/10/2013 0:00,0.847608,0.997879702
9/10/2013 0:00,0.846601,0.998811951
10/10/2013 0:00,0.846788,1.000220883
13/10/2013 0:00,0.848803,1.00237958
14/10/2013 0:00,0.84526,0.995825887
15/10/2013 0:00,0.843809,0.998283368
16/10/2013 0:00,0.842161,0.998046951
17/10/2013 0:00,0.838988,0.996232312
20/10/2013 0:00,0.835587,0.995946307
21/10/2013 0:00,0.833749,0.997800349
22/10/2013 0:00,0.834203,1.000544528
23/10/2013 0:00,0.837593,1.004063759
24/10/2013 0:00,0.839947,1.002810434
28/10/2013 0:00,0.84314,1.00380143
29/10/2013 0:00,0.846272,1.003714686
30/10/2013 0:00,0.849895,1.004281129
31/10/2013 0:00,0.851632,1.002043782
1/11/2013 0:00,0.85118,0.999469254
4/11/2013 0:00,0.849825,0.998408092
5/11/2013 0:00,0.846314,0.995868561
6/11/2013 0:00,0.846625,1.000367476
7/11/2013 0:00,0.84466,0.99767902
8/11/2013 0:00,0.849691,1.005956243
11/11/2013 0:00,0.855428,1.006751866
12/11/2013 0:00,0.855209,0.999743988
13/11/2013 0:00,0.860503,1.0061903
14/11/2013 0:00,0.857342,0.996326567
15/11/2013 0:00,0.861465,1.004809049
18/11/2013 0:00,0.856295,0.993998595
19/11/2013 0:00,0.85615,0.999830666
20/11/2013 0:00,0.852569,0.995817322
21/11/2013 0:00,0.860091,1.008822746
22/11/2013 0:00,0.866929,1.007950322
25/11/2013 0:00,0.872863,1.006844851
26/11/2013 0:00,0.870477,0.997266467
27/11/2013 0:00,0.876053,1.006405683
28/11/2013 0:00,0.877124,1.001222529
29/11/2013 0:00,0.876719,0.999538264
2/12/2013 0:00,0.873623,0.996468652
3/12/2013 0:00,0.873384,0.999726427
4/12/2013 0:00,0.873823,1.000502643
5/12/2013 0:00,0.882569,1.010008892
6/12/2013 0:00,0.879969,0.997054055
9/12/2013 0:00,0.878103,0.997879471
10/12/2013 0:00,0.880763,1.003029257
11/12/2013 0:00,0.875586,0.994122142
12/12/2013 0:00,0.882973,1.008436636
13/12/2013 0:00,0.891655,1.00983269
16/12/2013 0:00,0.889898,0.998029507
17/12/2013 0:00,0.890815,1.001030455
18/12/2013 0:00,0.891613,1.000895809
19/12/2013 0:00,0.895712,1.004597286
20/12/2013 0:00,0.891138,0.994893448
23/12/2013 0:00,0.885203,0.993339977
24/12/2013 0:00,0.883715,0.99831903
25/12/2013 0:00,0.883724,1.000010184
26/12/2013 0:00,0.884887,1.001316022
27/12/2013 0:00,0.886719,1.002070321
30/12/2013 0:00,0.889619,1.003270484
31/12/2013 0:00,0.88486,0.994650519
1/1/2014 0:00,0.888609,1.004236828
2/1/2014 0:00,0.889708,1.001236764
3/1/2014 0:00,0.886223,0.996082985
6/1/2014 0:00,0.88073,0.993801786
7/1/2014 0:00,0.880037,0.999213153
8/1/2014 0:00,0.882027,1.002261269
9/1/2014 0:00,0.883457,1.001621266
10/1/2014 0:00,0.884543,1.001229262
13/1/2014 0:00,0.878179,0.992805324
14/1/2014 0:00,0.873318,0.994464682
15/1/2014 0:00,0.879548,1.007133713
16/1/2014 0:00,0.882159,1.00296857
17/1/2014 0:00,0.891457,1.01054005
20/1/2014 0:00,0.893714,1.00253181
21/1/2014 0:00,0.889805,0.995626118
22/1/2014 0:00,0.888416,0.998438984
23/1/2014 0:00,0.88382,0.994826748
24/1/2014 0:00,0.892389,1.009695413
27/1/2014 0:00,0.899401,1.00785756
28/1/2014 0:00,0.897436,0.997815213
29/1/2014 0:00,0.893452,0.995560686
30/1/2014 0:00,0.895614,1.002419828
31/1/2014 0:00,0.891987,0.995950264
3/2/2014 0:00,0.894115,1.002385685
4/2/2014 0:00,0.896131,1.002254744
5/2/2014 0:00,0.884519,0.987042073
6/2/2014 0:00,0.883378,0.998710033
7/2/2014 0:00,0.881012,0.997321645
10/2/2014 0:00,0.88139,1.000429052
11/2/2014 0:00,0.880011,0.998435426
12/2/2014 0:00,0.874784,0.994060302
13/2/2014 0:00,0.875581,1.000911082
14/2/2014 0:00,0.880253,1.005335886
17/2/2014 0:00,0.877055,0.996366954
18/2/2014 0:00,0.87864,1.001807184
19/2/2014 0:00,0.87876,1.000136575
20/2/2014 0:00,0.87926,1.000568984
21/2/2014 0:00,0.87794,0.998498738
24/2/2014 0:00,0.879122,1.001346333
25/2/2014 0:00,0.87629,0.996778604
26/2/2014 0:00,0.877801,1.001724315
27/2/2014 0:00,0.881117,1.003777622
28/2/2014 0:00,0.8825,1.001569599
3/3/2014 0:00,0.885073,1.002915581
4/3/2014 0:00,0.882267,0.99682964
5/3/2014 0:00,0.880091,0.997533626
6/3/2014 0:00,0.877596,0.997165066
7/3/2014 0:00,0.869496,0.990770241
10/3/2014 0:00,0.87058,1.001246699
11/3/2014 0:00,0.873992,1.003919226
12/3/2014 0:00,0.880007,1.006882214
13/3/2014 0:00,0.877197,0.996806844
14/3/2014 0:00,0.874302,0.996699715
17/3/2014 0:00,0.875273,1.0011106
18/3/2014 0:00,0.870638,0.994704509
19/3/2014 0:00,0.866541,0.995294255
20/3/2014 0:00,0.869586,1.003513971
21/3/2014 0:00,0.866297,0.99621774
24/3/2014 0:00,0.863359,0.996608553
25/3/2014 0:00,0.861918,0.998330938
26/3/2014 0:00,0.860787,0.99868781
27/3/2014 0:00,0.856108,0.994564277
28/3/2014 0:00,0.854212,0.997785326
30/3/2014 0:00,0.85754,1.003895988
31/3/2014 0:00,0.857365,0.999795928
1/4/2014 0:00,0.859218,1.002161273
2/4/2014 0:00,0.857064,0.997493069
3/4/2014 0:00,0.857799,1.000857579
6/4/2014 0:00,0.855066,0.996813939
7/4/2014 0:00,0.856769,1.001991659
8/4/2014 0:00,0.854447,0.997289818
9/4/2014 0:00,0.855277,1.000971389
10/4/2014 0:00,0.85158,0.995677424
13/4/2014 0:00,0.853424,1.002165387
14/4/2014 0:00,0.847931,0.993563574
15/4/2014 0:00,0.85421,1.007405084
16/4/2014 0:00,0.85344,0.999098582
17/4/2014 0:00,0.855505,1.002419619
20/4/2014 0:00,0.855546,1.000047925
21/4/2014 0:00,0.854976,0.999333759
22/4/2014 0:00,0.849817,0.993965912
23/4/2014 0:00,0.857657,1.009225516
24/4/2014 0:00,0.857881,1.000261177
27/4/2014 0:00,0.858376,1.000577003
28/4/2014 0:00,0.860136,1.002050384
29/4/2014 0:00,0.858925,0.998592083
30/4/2014 0:00,0.859752,1.000962831
1/5/2014 0:00,0.860404,1.000758358
4/5/2014 0:00,0.861639,1.001435372
5/5/2014 0:00,0.862226,1.00068126
6/5/2014 0:00,0.857633,0.99467309
7/5/2014 0:00,0.85835,1.000836022
8/5/2014 0:00,0.855949,0.997202773
11/5/2014 0:00,0.855112,0.999022138
12/5/2014 0:00,0.854394,0.999160344
13/5/2014 0:00,0.853053,0.998430467
14/5/2014 0:00,0.853619,1.000663499
15/5/2014 0:00,0.85346,0.999813734
18/5/2014 0:00,0.853843,1.000448762
19/5/2014 0:00,0.856656,1.003294517
20/5/2014 0:00,0.864267,1.008884546
21/5/2014 0:00,0.865163,1.001036717
22/5/2014 0:00,0.865755,1.000684264
25/5/2014 0:00,0.863804,0.997746476
26/5/2014 0:00,0.862233,0.9981813
27/5/2014 0:00,0.859295,0.996592568
28/5/2014 0:00,0.862968,1.004274434
29/5/2014 0:00,0.856521,0.992529271
1/6/2014 0:00,0.857257,1.00085929
2/6/2014 0:00,0.861243,1.004649714
3/6/2014 0:00,0.859258,0.997695192
4/6/2014 0:00,0.857277,0.997694522
5/6/2014 0:00,0.855747,0.998215279
8/6/2014 0:00,0.856022,1.000321357
9/6/2014 0:00,0.856023,1.000001168
10/6/2014 0:00,0.853901,0.997521095
11/6/2014 0:00,0.852543,0.998409652
12/6/2014 0:00,0.850203,0.99725527
15/6/2014 0:00,0.851391,1.001397313
16/6/2014 0:00,0.851186,0.999759218
17/6/2014 0:00,0.854687,1.004113085
18/6/2014 0:00,0.851933,0.996777768
19/6/2014 0:00,0.851517,0.999511699
22/6/2014 0:00,0.852642,1.001321172
23/6/2014 0:00,0.850437,0.99741392
24/6/2014 0:00,0.854579,1.004870437
25/6/2014 0:00,0.851125,0.995958244
26/6/2014 0:00,0.850369,0.999111764
29/6/2014 0:00,0.849717,0.999233274
30/6/2014 0:00,0.850639,1.001085067
1/7/2014 0:00,0.845967,0.994507658
2/7/2014 0:00,0.849721,1.004437525
3/7/2014 0:00,0.857679,1.009365427
6/7/2014 0:00,0.857721,1.000048969
7/7/2014 0:00,0.856033,0.998031994
8/7/2014 0:00,0.855094,0.99890308
9/7/2014 0:00,0.855329,1.000274824
10/7/2014 0:00,0.857937,1.003049119
13/7/2014 0:00,0.858563,1.000729657
14/7/2014 0:00,0.857817,0.999131106
15/7/2014 0:00,0.858721,1.001053838
16/7/2014 0:00,0.859609,1.001034096
17/7/2014 0:00,0.859909,1.000348996
20/7/2014 0:00,0.857746,0.997484618
21/7/2014 0:00,0.861151,1.003969707
22/7/2014 0:00,0.859284,0.997831971
23/7/2014 0:00,0.856155,0.996358596
24/7/2014 0:00,0.856226,1.000082929
27/7/2014 0:00,0.856844,1.000721772
28/7/2014 0:00,0.855668,0.998627521
29/7/2014 0:00,0.857423,1.002051029
30/7/2014 0:00,0.86152,1.004778272
31/7/2014 0:00,0.861682,1.00018804
3/8/2014 0:00,0.861293,0.999548557
4/8/2014 0:00,0.859952,0.998443039
5/8/2014 0:00,0.861269,1.001531481
6/8/2014 0:00,0.857202,0.995277898
7/8/2014 0:00,0.861761,1.005318466
10/8/2014 0:00,0.861781,1.000023208
11/8/2014 0:00,0.863789,1.002330058
12/8/2014 0:00,0.86258,0.998600353
13/8/2014 0:00,0.860339,0.99740198
14/8/2014 0:00,0.861373,1.001201852
17/8/2014 0:00,0.862241,1.001007694
18/8/2014 0:00,0.861734,0.999411997
19/8/2014 0:00,0.862325,1.000685826
20/8/2014 0:00,0.860775,0.998202534
21/8/2014 0:00,0.860285,0.999430746
24/8/2014 0:00,0.85974,0.999366489
25/8/2014 0:00,0.861764,1.0023542
26/8/2014 0:00,0.859224,0.997052557
27/8/2014 0:00,0.858783,0.999486746
28/8/2014 0:00,0.855599,0.996292428
31/8/2014 0:00,0.858044,1.002857647
1/9/2014 0:00,0.857262,0.999088625
2/9/2014 0:00,0.85968,1.002820608
3/9/2014 0:00,0.855561,0.995208682
4/9/2014 0:00,0.85295,0.996948201
7/9/2014 0:00,0.851831,0.998688083
8/9/2014 0:00,0.856246,1.005182953
9/9/2014 0:00,0.8607,1.005201776
10/9/2014 0:00,0.864824,1.004791449
11/9/2014 0:00,0.869779,1.005729489
14/9/2014 0:00,0.877271,1.008613682
15/9/2014 0:00,0.875606,0.998102069
16/9/2014 0:00,0.873243,0.997301298
17/9/2014 0:00,0.879611,1.007292357
18/9/2014 0:00,0.87825,0.998452725
21/9/2014 0:00,0.883203,1.005639624
22/9/2014 0:00,0.887754,1.005152836
23/9/2014 0:00,0.890501,1.003094326
24/9/2014 0:00,0.890128,0.999581135
25/9/2014 0:00,0.894653,1.005083539
28/9/2014 0:00,0.897551,1.003239245
29/9/2014 0:00,0.90028,1.003040496
30/9/2014 0:00,0.896986,0.996341138
1/10/2014 0:00,0.898655,1.001860676
2/10/2014 0:00,0.893854,0.994657572
5/10/2014 0:00,0.900748,1.007712669
6/10/2014 0:00,0.893862,0.992355243
7/10/2014 0:00,0.890022,0.995704035
8/10/2014 0:00,0.888737,0.998556215
9/10/2014 0:00,0.897106,1.009416734
12/10/2014 0:00,0.904077,1.007770542
13/10/2014 0:00,0.89852,0.9938534
14/10/2014 0:00,0.899752,1.001371144
15/10/2014 0:00,0.893633,0.993199237
16/10/2014 0:00,0.894644,1.001131337
19/10/2014 0:00,0.896141,1.001673291
20/10/2014 0:00,0.89693,1.000880442
21/10/2014 0:00,0.896601,0.999633193
22/10/2014 0:00,0.895966,0.99929177
23/10/2014 0:00,0.895033,0.998958666
27/10/2014 0:00,0.890425,0.994851586
28/10/2014 0:00,0.891103,1.000761434
29/10/2014 0:00,0.886781,0.995149831
30/10/2014 0:00,0.89211,1.006009375
31/10/2014 0:00,0.887149,0.994439027
3/11/2014 0:00,0.887797,1.00073043
4/11/2014 0:00,0.891384,1.004040338
5/11/2014 0:00,0.887131,0.995228768
6/11/2014 0:00,0.900975,1.015605362
7/11/2014 0:00,0.90152,1.0006049
10/11/2014 0:00,0.897879,0.995961265
11/11/2014 0:00,0.897995,1.000129193
12/11/2014 0:00,0.889285,0.990300614
13/11/2014 0:00,0.88934,1.000061847
14/11/2014 0:00,0.88864,0.999212899
17/11/2014 0:00,0.879858,0.990117483
18/11/2014 0:00,0.884417,1.005181518
19/11/2014 0:00,0.884401,0.999981909
20/11/2014 0:00,0.892728,1.009415412
21/11/2014 0:00,0.891602,0.998738698
24/11/2014 0:00,0.886955,0.994788033
25/11/2014 0:00,0.89179,1.005451235
26/11/2014 0:00,0.899324,1.008448177
27/11/2014 0:00,0.902879,1.003952969
28/11/2014 0:00,0.902364,0.999429602
1/12/2014 0:00,0.906844,1.004964737
2/12/2014 0:00,0.903181,0.995960717
3/12/2014 0:00,0.901836,0.998510819
4/12/2014 0:00,0.907248,1.006001091
5/12/2014 0:00,0.909049,1.001985124
8/12/2014 0:00,0.910418,1.001505969
9/12/2014 0:00,0.913627,1.003524755
10/12/2014 0:00,0.91571,1.002279924
11/12/2014 0:00,0.916661,1.001038538
12/12/2014 0:00,0.922932,1.006841133
15/12/2014 0:00,0.929088,1.006670047
16/12/2014 0:00,0.92805,0.998882775
17/12/2014 0:00,0.933429,1.005796024
18/12/2014 0:00,0.937976,1.004871286
19/12/2014 0:00,0.931063,0.992629875
22/12/2014 0:00,0.932901,1.001974088
23/12/2014 0:00,0.933047,1.000156501
24/12/2014 0:00,0.930431,0.997196283
25/12/2014 0:00,0.932251,1.001956083
26/12/2014 0:00,0.932448,1.000211316
29/12/2014 0:00,0.930983,0.998428867
30/12/2014 0:00,0.928318,0.997137434
31/12/2014 0:00,0.924743,0.996148949
1/1/2015 0:00,0.92439,0.999618272
2/1/2015 0:00,0.923718,0.999273034
5/1/2015 0:00,0.928986,1.005703039
6/1/2015 0:00,0.925279,0.996009628
7/1/2015 0:00,0.927722,1.002640285
8/1/2015 0:00,0.925998,0.998141685
9/1/2015 0:00,0.921269,0.994893078
12/1/2015 0:00,0.913605,0.99168104
13/1/2015 0:00,0.919054,1.005964284
14/1/2015 0:00,0.917456,0.998261256
15/1/2015 0:00,0.9205,1.00331787
16/1/2015 0:00,0.918665,0.998006518
19/1/2015 0:00,0.916155,0.997267774
20/1/2015 0:00,0.915283,0.999048196
21/1/2015 0:00,0.91515,0.99985469
22/1/2015 0:00,0.924284,1.009980877
23/1/2015 0:00,0.930627,1.006862609
26/1/2015 0:00,0.94297,1.013263101
27/1/2015 0:00,0.939568,0.99639225
28/1/2015 0:00,0.942582,1.003207857
29/1/2015 0:00,0.935988,0.993004322
30/1/2015 0:00,0.949945,1.014911516
2/2/2015 0:00,0.950423,1.000503187
3/2/2015 0:00,0.948154,0.997612642
4/2/2015 0:00,0.956994,1.00932338
5/2/2015 0:00,0.955726,0.998675018
6/2/2015 0:00,0.953681,0.997860265
9/2/2015 0:00,0.952208,0.998455458
10/2/2015 0:00,0.947154,0.994692336
11/2/2015 0:00,0.948293,1.00120255
12/2/2015 0:00,0.952244,1.004166434
13/2/2015 0:00,0.951095,0.998793376
16/2/2015 0:00,0.950564,0.999441696
17/2/2015 0:00,0.949946,0.99934986
18/2/2015 0:00,0.94404,0.993782804
19/2/2015 0:00,0.943912,0.999864413
20/2/2015 0:00,0.944193,1.000297697
23/2/2015 0:00,0.936857,0.992230402
24/2/2015 0:00,0.943144,1.006710736
25/2/2015 0:00,0.940544,0.997243263
26/2/2015 0:00,0.937098,0.996336163
27/2/2015 0:00,0.944339,1.007727047
2/3/2015 0:00,0.941339,0.996823175
3/3/2015 0:00,0.943895,1.002715281
4/3/2015 0:00,0.938874,0.994680552
5/3/2015 0:00,0.935109,0.995989877
6/3/2015 0:00,0.937044,1.002069277
9/3/2015 0:00,0.939157,1.002254963
10/3/2015 0:00,0.942318,1.003365784
11/3/2015 0:00,0.942361,1.000045632
12/3/2015 0:00,0.94759,1.005548829
13/3/2015 0:00,0.939902,0.991886786
16/3/2015 0:00,0.943396,1.003717409
17/3/2015 0:00,0.941679,0.99817998
18/3/2015 0:00,0.94472,1.003229338
19/3/2015 0:00,0.933082,0.987681006
20/3/2015 0:00,0.941891,1.009440757
23/3/2015 0:00,0.932462,0.989989288
24/3/2015 0:00,0.92842,0.995665239
25/3/2015 0:00,0.92995,1.001647961
26/3/2015 0:00,0.931938,1.002137749
27/3/2015 0:00,0.932038,1.000107303
29/3/2015 0:00,0.94375,1.012566011
30/3/2015 0:00,0.949148,1.005719735
31/3/2015 0:00,0.95641,1.007651072
1/4/2015 0:00,0.964582,1.008544453
2/4/2015 0:00,0.971895,1.007581522
5/4/2015 0:00,0.970187,0.998242609
6/4/2015 0:00,0.971343,1.001191523
7/4/2015 0:00,0.962151,0.990536813
8/4/2015 0:00,0.959668,0.997419324
9/4/2015 0:00,0.955093,0.995232726
12/4/2015 0:00,0.953304,0.998126884
13/4/2015 0:00,0.960788,1.007850591
14/4/2015 0:00,0.96542,1.004821043
15/4/2015 0:00,0.960157,0.994548487
16/4/2015 0:00,0.950203,0.989632945
19/4/2015 0:00,0.953782,1.003766564
20/4/2015 0:00,0.960423,1.006962807
21/4/2015 0:00,0.959044,0.998564174
22/4/2015 0:00,0.957423,0.998309775
23/4/2015 0:00,0.957473,1.000052224
26/4/2015 0:00,0.958078,1.000631872
27/4/2015 0:00,0.957731,0.999637817
28/4/2015 0:00,0.948764,0.990637246
29/4/2015 0:00,0.946679,0.997802404
30/4/2015 0:00,0.95586,1.009698113
3/5/2015 0:00,0.960059,1.004392903
4/5/2015 0:00,0.957222,0.997044973
5/5/2015 0:00,0.946082,0.988362156
6/5/2015 0:00,0.94979,1.003919322
7/5/2015 0:00,0.949794,1.000004211
10/5/2015 0:00,0.948454,0.998589168
11/5/2015 0:00,0.946906,0.99836787
12/5/2015 0:00,0.937938,0.990529155
13/5/2015 0:00,0.929759,0.991279807
14/5/2015 0:00,0.937067,1.007860101
17/5/2015 0:00,0.941283,1.004499145
18/5/2015 0:00,0.942109,1.000877526
19/5/2015 0:00,0.945692,1.003803169
20/5/2015 0:00,0.949776,1.004318531
21/5/2015 0:00,0.947727,0.997842649
24/5/2015 0:00,0.957335,1.010137941
25/5/2015 0:00,0.95209,0.994521249
26/5/2015 0:00,0.957175,1.005340882
27/5/2015 0:00,0.956914,0.999727323
28/5/2015 0:00,0.968493,1.012100356
31/5/2015 0:00,0.96965,1.00119464
1/6/2015 0:00,0.968294,0.998601557
2/6/2015 0:00,0.955256,0.986535081
3/6/2015 0:00,0.957137,1.001969106
4/6/2015 0:00,0.964825,1.008032288
7/6/2015 0:00,0.966058,1.001277952
8/6/2015 0:00,0.960727,0.994481698
9/6/2015 0:00,0.96217,1.001501988
10/6/2015 0:00,0.962781,1.000635023
11/6/2015 0:00,0.959401,0.996489337
14/6/2015 0:00,0.961985,1.002693347
15/6/2015 0:00,0.957318,0.995148573
16/6/2015 0:00,0.961024,1.003871232
17/6/2015 0:00,0.968717,1.008005003
18/6/2015 0:00,0.961984,0.99304957
21/6/2015 0:00,0.965039,1.003175728
22/6/2015 0:00,0.968698,1.003791557
23/6/2015 0:00,0.963471,0.994604097
24/6/2015 0:00,0.965866,1.002485804
25/6/2015 0:00,0.962906,0.996935393
28/6/2015 0:00,0.967868,1.005153151
29/6/2015 0:00,0.967629,0.999753066
30/6/2015 0:00,0.964599,0.996868635
1/7/2015 0:00,0.967148,1.002642549
2/7/2015 0:00,0.97071,1.003682994
5/7/2015 0:00,0.988554,1.018382421
6/7/2015 0:00,0.990577,1.002046423
7/7/2015 0:00,0.990076,0.999494234
8/7/2015 0:00,0.997357,1.007353981
9/7/2015 0:00,0.993109,0.995740743
12/7/2015 0:00,0.996721,1.003637063
13/7/2015 0:00,0.995729,0.999004737
14/7/2015 0:00,0.987028,0.991261679
15/7/2015 0:00,0.992898,1.005947146
16/7/2015 0:00,0.98724,0.994301529
19/7/2015 0:00,0.991365,1.004178315
20/7/2015 0:00,0.988892,0.99750546
21/7/2015 0:00,0.987752,0.998847195
22/7/2015 0:00,0.993093,1.005407228
23/7/2015 0:00,0.993017,0.999923471
26/7/2015 0:00,1.001676,1.008719891
27/7/2015 0:00,1.003893,1.002213291
28/7/2015 0:00,0.99843,0.994558185
29/7/2015 0:00,1.00038,1.001953066
30/7/2015 0:00,0.997366,0.996987145
2/8/2015 0:00,0.997888,1.000523379
3/8/2015 0:00,0.997822,0.99993386
4/8/2015 0:00,0.981232,0.983373788
5/8/2015 0:00,0.982844,1.001642833
6/8/2015 0:00,0.983976,1.00115176
9/8/2015 0:00,0.975818,0.991709147
10/8/2015 0:00,0.975821,1.000003074
11/8/2015 0:00,0.975643,0.999817589
12/8/2015 0:00,0.968406,0.992582328
13/8/2015 0:00,0.970677,1.002345091
16/8/2015 0:00,0.964559,0.993697182
17/8/2015 0:00,0.964182,0.999609148
18/8/2015 0:00,0.970343,1.006389872
19/8/2015 0:00,0.969843,0.999484718
20/8/2015 0:00,0.971363,1.001567264
23/8/2015 0:00,0.974562,1.003293311
24/8/2015 0:00,0.988774,1.014582961
25/8/2015 0:00,1.002565,1.013947575
26/8/2015 0:00,0.999153,0.996596729
27/8/2015 0:00,0.995913,0.996757253
30/8/2015 0:00,0.993868,0.997946608
31/8/2015 0:00,0.997681,1.003836526
1/9/2015 0:00,1.009496,1.011842463
2/9/2015 0:00,1.002671,0.993239201
3/9/2015 0:00,1.006187,1.003506634
6/9/2015 0:00,1.012848,1.006620042
7/9/2015 0:00,1.008985,0.996186002
8/9/2015 0:00,1.002894,0.99396324
9/9/2015 0:00,1.010687,1.007770512
10/9/2015 0:00,1.00092,0.990336276
13/9/2015 0:00,0.997613,0.99669604
14/9/2015 0:00,0.993639,0.996016491
15/9/2015 0:00,1.000349,1.006752956
16/9/2015 0:00,0.994401,0.994054075
17/9/2015 0:00,0.996083,1.001691471
20/9/2015 0:00,0.993202,0.997107671
22/9/2015 0:00,0.996543,1.003363868
23/9/2015 0:00,1.002013,1.005488975
24/9/2015 0:00,1.001165,0.999153704
27/9/2015 0:00,0.999109,0.997946392
28/9/2015 0:00,1.002404,1.003297938
29/9/2015 0:00,1.000224,0.997825228
30/9/2015 0:00,1.002086,1.001861583
1/10/2015 0:00,0.993429,0.991361021
4/10/2015 0:00,0.990741,0.99729422
5/10/2015 0:00,0.993227,1.002509233
6/10/2015 0:00,0.983108,0.989811997
7/10/2015 0:00,0.984613,1.001530859
8/10/2015 0:00,0.980406,0.995727255
11/10/2015 0:00,0.977561,0.997098141
12/10/2015 0:00,0.971947,0.994257136
13/10/2015 0:00,0.988258,1.016781779
14/10/2015 0:00,0.991141,1.002917254
15/10/2015 0:00,0.988624,0.997460503
18/10/2015 0:00,0.995749,1.007206987
19/10/2015 0:00,0.992038,0.996273157
20/10/2015 0:00,0.989252,0.99719164
21/10/2015 0:00,0.99491,1.005719473
22/10/2015 0:00,0.994478,0.99956579
26/10/2015 0:00,0.991335,0.996839548
27/10/2015 0:00,0.990832,0.999492603
28/10/2015 0:00,0.995789,1.005002866
29/10/2015 0:00,1.004415,1.008662478
30/10/2015 0:00,1.005454,1.001034433
2/11/2015 0:00,1.000721,0.995292674
3/11/2015 0:00,0.998977,0.998257257
4/11/2015 0:00,0.996103,0.997123057
5/11/2015 0:00,0.998318,1.002223666
6/11/2015 0:00,0.994717,0.996392933
9/11/2015 0:00,0.999683,1.004992375
10/11/2015 0:00,0.997265,0.997581233
11/11/2015 0:00,0.998867,1.001606393
12/11/2015 0:00,0.99694,0.998070814
13/11/2015 0:00,0.988263,0.991296367
16/11/2015 0:00,0.987489,0.999216808
17/11/2015 0:00,0.99093,1.003484596
18/11/2015 0:00,0.986934,0.995967425
19/11/2015 0:00,0.989157,1.00225243
20/11/2015 0:00,0.983993,0.994779393
23/11/2015 0:00,0.979099,0.995026387
24/11/2015 0:00,0.981333,1.00228169
25/11/2015 0:00,0.977579,0.996174591
26/11/2015 0:00,0.981379,1.003887154
27/11/2015 0:00,0.984023,1.002694168
30/11/2015 0:00,0.985103,1.001097535
1/12/2015 0:00,0.980477,0.995304044
2/12/2015 0:00,0.971022,0.990356735
3/12/2015 0:00,0.970027,0.998975306
4/12/2015 0:00,0.977348,1.007547213
7/12/2015 0:00,0.974165,0.996743228
8/12/2015 0:00,0.979334,1.005306083
9/12/2015 0:00,0.983284,1.004033353
10/12/2015 0:00,0.984241,1.000973269
11/12/2015 0:00,0.97996,0.995650456
14/12/2015 0:00,0.987756,1.007955427
15/12/2015 0:00,0.978894,0.991028149
16/12/2015 0:00,0.987903,1.009203244
17/12/2015 0:00,0.98353,0.995573452
18/12/2015 0:00,0.98947,1.00603947
21/12/2015 0:00,0.988026,0.998540633
22/12/2015 0:00,0.986834,0.998793554
23/12/2015 0:00,0.98492,0.998060464
24/12/2015 0:00,0.984314,0.999384722
25/12/2015 0:00,0.979507,0.995116396
28/12/2015 0:00,0.977692,0.998147027
29/12/2015 0:00,0.979247,1.00159048
30/12/2015 0:00,0.97145,0.99203776
31/12/2015 0:00,0.970428,0.998947964
1/1/2016 0:00,0.968942,0.998468717
4/1/2016 0:00,0.96743,0.998439535
5/1/2016 0:00,0.975863,1.00871691
6/1/2016 0:00,0.97908,1.003296569
7/1/2016 0:00,0.983641,1.004658455
8/1/2016 0:00,0.994417,1.010955216
11/1/2016 0:00,0.997769,1.003370819
12/1/2016 0:00,0.997609,0.999839642
13/1/2016 0:00,0.995943,0.998330007
14/1/2016 0:00,1.002406,1.006489327
15/1/2016 0:00,0.994904,0.992516006
18/1/2016 0:00,1.012329,1.017514253
19/1/2016 0:00,1.01063,0.998321692
20/1/2016 0:00,1.00611,0.995527542
21/1/2016 0:00,1.003187,0.997094751
22/1/2016 0:00,0.994453,0.991293747
25/1/2016 0:00,0.999041,1.004613592
26/1/2016 0:00,1.00703,1.007996669
27/1/2016 0:00,1.000414,0.993430186
28/1/2016 0:00,0.994974,0.994562251
29/1/2016 0:00,0.988678,0.993672196
1/2/2016 0:00,0.993197,1.00457075
2/2/2016 0:00,0.988105,0.994873122
3/2/2016 0:00,0.994894,1.006870727
4/2/2016 0:00,0.986609,0.99167248
5/2/2016 0:00,0.994359,1.007855189
8/2/2016 0:00,1.002721,1.008409438
9/2/2016 0:00,1.004137,1.001412158
10/2/2016 0:00,1.012559,1.008387302
11/2/2016 0:00,1.011998,0.999445958
12/2/2016 0:00,1.010125,0.998149206
15/2/2016 0:00,1.006072,0.995987625
16/2/2016 0:00,1.000293,0.994255878
17/2/2016 0:00,0.999516,0.999223228
18/2/2016 0:00,0.992182,0.992662449
19/2/2016 0:00,0.996487,1.004338922
22/2/2016 0:00,0.995393,0.998902143
23/2/2016 0:00,0.987646,0.992217144
24/2/2016 0:00,0.986968,0.999313519
25/2/2016 0:00,0.989612,1.002678912
26/2/2016 0:00,0.986565,0.996921016
29/2/2016 0:00,0.995798,1.009358735
1/3/2016 0:00,0.99681,1.00101627
2/3/2016 0:00,0.993897,0.997077678
3/3/2016 0:00,0.980975,0.986998653
4/3/2016 0:00,0.978347,0.997321033
7/3/2016 0:00,0.98019,1.00188379
8/3/2016 0:00,0.971982,0.991626113
9/3/2016 0:00,0.970752,0.998734544
10/3/2016 0:00,0.968545,0.997726505
11/3/2016 0:00,0.970742,1.002268351
14/3/2016 0:00,0.962615,0.991628054
15/3/2016 0:00,0.966033,1.003550745
16/3/2016 0:00,0.970099,1.004208966
17/3/2016 0:00,0.969645,0.999532007
18/3/2016 0:00,0.967601,0.997892012
21/3/2016 0:00,0.969269,1.001723851
22/3/2016 0:00,0.970475,1.001244237
23/3/2016 0:00,0.964714,0.994063732
24/3/2016 0:00,0.970946,1.006459946
25/3/2016 0:00,0.970681,0.99972707
27/3/2016 0:00,0.970795,1.000117443
28/3/2016 0:00,0.967112,0.996206202
29/3/2016 0:00,0.96637,0.999232767
30/3/2016 0:00,0.966102,0.999722674
31/3/2016 0:00,0.967017,1.000947105
3/4/2016 0:00,0.966778,0.999752848
4/4/2016 0:00,0.972721,1.006147223
5/4/2016 0:00,0.977798,1.005219379
6/4/2016 0:00,0.975959,0.998119243
7/4/2016 0:00,0.983739,1.007971646
10/4/2016 0:00,0.980689,0.996899584
11/4/2016 0:00,0.979811,0.999104711
12/4/2016 0:00,0.968493,0.988448793
13/4/2016 0:00,0.966526,0.99796901
14/4/2016 0:00,0.953702,0.986731862
17/4/2016 0:00,0.961486,1.008161879
18/4/2016 0:00,0.953221,0.991403931
19/4/2016 0:00,0.958215,1.005239079
20/4/2016 0:00,0.953823,0.995416478
21/4/2016 0:00,0.957071,1.003405244
24/4/2016 0:00,0.957722,1.0006802
25/4/2016 0:00,0.958411,1.000719415
26/4/2016 0:00,0.955183,0.996631925
27/4/2016 0:00,0.975384,1.021148827
28/4/2016 0:00,0.974389,0.998979889
1/5/2016 0:00,0.977004,1.002683733
2/5/2016 0:00,0.972883,0.995782003
3/5/2016 0:00,0.98671,1.014212398
4/5/2016 0:00,0.986468,0.999754741
5/5/2016 0:00,0.984905,0.998415559
8/5/2016 0:00,0.995828,1.01109041
9/5/2016 0:00,0.996224,1.000397659
10/5/2016 0:00,0.991317,0.995074401
11/5/2016 0:00,0.994155,1.002862858
12/5/2016 0:00,0.995143,1.000993809
15/5/2016 0:00,1.001319,1.006206143
16/5/2016 0:00,1.001979,1.000659131
17/5/2016 0:00,0.997658,0.995687534
18/5/2016 0:00,1.00152,1.003871066
19/5/2016 0:00,1.002538,1.001016455
22/5/2016 0:00,1.001839,0.99930277
23/5/2016 0:00,1.004171,1.002327719
24/5/2016 0:00,1.006528,1.00234721
25/5/2016 0:00,1.009519,1.002971601
26/5/2016 0:00,1.00755,0.998049566
29/5/2016 0:00,1.008543,1.000985559
30/5/2016 0:00,1.007591,0.999056064
31/5/2016 0:00,1.003173,0.995615284
1/6/2016 0:00,1.001481,0.998313352
2/6/2016 0:00,1.00538,1.003893234
5/6/2016 0:00,1.001899,0.996537628
6/6/2016 0:00,1.00062,0.998723424
7/6/2016 0:00,0.993725,0.993109272
8/6/2016 0:00,0.990841,0.997097789
9/6/2016 0:00,0.995746,1.00495034
12/6/2016 0:00,0.9964,1.000656794
13/6/2016 0:00,0.999063,1.002672621
14/6/2016 0:00,1.002796,1.003736501
15/6/2016 0:00,0.998356,0.99557238
16/6/2016 0:00,1.005093,1.006748094
19/6/2016 0:00,1.000446,0.995376547
20/6/2016 0:00,0.998071,0.997626059
21/6/2016 0:00,0.999218,1.001149217
22/6/2016 0:00,0.994976,0.99575468
23/6/2016 0:00,0.987646,0.992632988
26/6/2016 0:00,0.991622,1.004025734
27/6/2016 0:00,0.998039,1.006471216
28/6/2016 0:00,0.99841,1.000371729
29/6/2016 0:00,0.994178,0.99576126
30/6/2016 0:00,0.996556,1.002391926
3/7/2016 0:00,0.995645,0.999085852
4/7/2016 0:00,0.986202,0.990515696
5/7/2016 0:00,0.993088,1.006982342
6/7/2016 0:00,0.985025,0.991880881
7/7/2016 0:00,0.988789,1.003821223
10/7/2016 0:00,0.982853,0.993996697
11/7/2016 0:00,0.981801,0.998929647
12/7/2016 0:00,0.976131,0.994224899
13/7/2016 0:00,0.976906,1.000793951
14/7/2016 0:00,0.977352,1.000456543
17/7/2016 0:00,0.97802,1.000683479
18/7/2016 0:00,0.978722,1.000717777
19/7/2016 0:00,0.98381,1.005198616
20/7/2016 0:00,0.98625,1.002480154
21/7/2016 0:00,0.98376,0.997475285
24/7/2016 0:00,0.984376,1.000626169
25/7/2016 0:00,0.981977,0.997562923
26/7/2016 0:00,0.979705,0.9976863
27/7/2016 0:00,0.986115,1.006542786
28/7/2016 0:00,0.98401,0.997865361
31/7/2016 0:00,0.981895,0.997850632
1/8/2016 0:00,0.989489,1.007734025
2/8/2016 0:00,0.981479,0.991904913
3/8/2016 0:00,0.981978,1.000508416
4/8/2016 0:00,0.975517,0.993420423
7/8/2016 0:00,0.974794,0.999258855
8/8/2016 0:00,0.969606,0.99467785
9/8/2016 0:00,0.970528,1.000950902
10/8/2016 0:00,0.967116,0.996484388
11/8/2016 0:00,0.96711,0.999993796
14/8/2016 0:00,0.970717,1.003729669
15/8/2016 0:00,0.970021,0.999283004
16/8/2016 0:00,0.969639,0.999606194
17/8/2016 0:00,0.973129,1.003599278
18/8/2016 0:00,0.972098,0.998940531
21/8/2016 0:00,0.974243,1.002206568
22/8/2016 0:00,0.970412,0.996067716
23/8/2016 0:00,0.972097,1.001736376
24/8/2016 0:00,0.969921,0.99776154
25/8/2016 0:00,0.969844,0.999920612
28/8/2016 0:00,0.974245,1.004537843
29/8/2016 0:00,0.971267,0.996943274
30/8/2016 0:00,0.974883,1.003722972
31/8/2016 0:00,0.976502,1.001660712
1/9/2016 0:00,0.973902,0.997337435
4/9/2016 0:00,0.971842,0.997884797
5/9/2016 0:00,0.970509,0.998628378
6/9/2016 0:00,0.967135,0.996523474
7/9/2016 0:00,0.967996,1.000890258
8/9/2016 0:00,0.968014,1.000018595
11/9/2016 0:00,0.974681,1.006887297
12/9/2016 0:00,0.974845,1.00016826
13/9/2016 0:00,0.979407,1.004679718
14/9/2016 0:00,0.98063,1.001248715
15/9/2016 0:00,0.977814,0.997128377
18/9/2016 0:00,0.974821,0.996939091
19/9/2016 0:00,0.974261,0.999425536
20/9/2016 0:00,0.972296,0.997983087
21/9/2016 0:00,0.967966,0.995546624
22/9/2016 0:00,0.964157,0.996064944
25/9/2016 0:00,0.966102,1.002017306
26/9/2016 0:00,0.963015,0.996804685
27/9/2016 0:00,0.959064,0.99589726
28/9/2016 0:00,0.956858,0.997699841
29/9/2016 0:00,0.960634,1.003946249
2/10/2016 0:00,0.958824,0.998115828
3/10/2016 0:00,0.953183,0.994116751
4/10/2016 0:00,0.958421,1.005495272
5/10/2016 0:00,0.958355,0.999931137
6/10/2016 0:00,0.96103,1.002791241
9/10/2016 0:00,0.958598,0.997469382
10/10/2016 0:00,0.957085,0.998421653
11/10/2016 0:00,0.960109,1.003159594
12/10/2016 0:00,0.956011,0.995731735
13/10/2016 0:00,0.956934,1.00096547
16/10/2016 0:00,0.946118,0.988697235
17/10/2016 0:00,0.943415,0.997143062
18/10/2016 0:00,0.940197,0.996588988
19/10/2016 0:00,0.934088,0.993502426
20/10/2016 0:00,0.942044,1.008517399
23/10/2016 0:00,0.943758,1.001819448
24/10/2016 0:00,0.944823,1.001128467
25/10/2016 0:00,0.941783,0.996782466
26/10/2016 0:00,0.939864,0.997962376
27/10/2016 0:00,0.944749,1.00519756
31/10/2016 0:00,0.94631,1.001652291
1/11/2016 0:00,0.944868,0.998476186
2/11/2016 0:00,0.942024,0.996990056
3/11/2016 0:00,0.943877,1.001967041
4/11/2016 0:00,0.939918,0.995805598
7/11/2016 0:00,0.939658,0.99972338
8/11/2016 0:00,0.932407,0.992283363
9/11/2016 0:00,0.930531,0.997988003
10/11/2016 0:00,0.93454,1.004308293
11/11/2016 0:00,0.931546,0.996796285
14/11/2016 0:00,0.936875,1.005720598
15/11/2016 0:00,0.934226,0.997172515
16/11/2016 0:00,0.936035,1.001936362
17/11/2016 0:00,0.943829,1.008326612
18/11/2016 0:00,0.949714,1.00623524
21/11/2016 0:00,0.956675,1.007329575
22/11/2016 0:00,0.953198,0.996365537
23/11/2016 0:00,0.948162,0.994716733
24/11/2016 0:00,0.946663,0.998419047
25/11/2016 0:00,0.941945,0.995016178
28/11/2016 0:00,0.942216,1.000287703
29/11/2016 0:00,0.937693,0.995199615
30/11/2016 0:00,0.937759,1.000070386
1/12/2016 0:00,0.943636,1.006267069
2/12/2016 0:00,0.945448,1.001920232
5/12/2016 0:00,0.943326,0.997755561
6/12/2016 0:00,0.942854,0.999499643
7/12/2016 0:00,0.942286,0.999397574
8/12/2016 0:00,0.942909,1.000661158
9/12/2016 0:00,0.942272,0.999324431
12/12/2016 0:00,0.937648,0.995092712
13/12/2016 0:00,0.936598,0.998880177
14/12/2016 0:00,0.936673,1.000080077
15/12/2016 0:00,0.938191,1.00162063
16/12/2016 0:00,0.940625,1.002594354
19/12/2016 0:00,0.949661,1.009606379
20/12/2016 0:00,0.952483,1.002971587
21/12/2016 0:00,0.952421,0.999934907
22/12/2016 0:00,0.956437,1.004216623
23/12/2016 0:00,0.95513,0.99863347
26/12/2016 0:00,0.962745,1.007972737
27/12/2016 0:00,0.962039,0.99926668
28/12/2016 0:00,0.959564,0.997427339
29/12/2016 0:00,0.959611,1.000048981
30/12/2016 0:00,0.955753,0.995979621
2/1/2017 0:00,0.958542,1.002918118
3/1/2017 0:00,0.957418,0.998827386
4/1/2017 0:00,0.954713,0.997174693
5/1/2017 0:00,0.953993,0.999245847
6/1/2017 0:00,0.953964,0.999969601
9/1/2017 0:00,0.950402,0.996266106
10/1/2017 0:00,0.946955,0.996373114
11/1/2017 0:00,0.945263,0.99821322
12/1/2017 0:00,0.941774,0.996308964
13/1/2017 0:00,0.936676,0.994586812
16/1/2017 0:00,0.934022,0.997166576
17/1/2017 0:00,0.93595,1.002064191
18/1/2017 0:00,0.933852,0.997758427
19/1/2017 0:00,0.931728,0.99772555
20/1/2017 0:00,0.927308,0.995256126
23/1/2017 0:00,0.929538,1.00240481
24/1/2017 0:00,0.930154,1.000662695
25/1/2017 0:00,0.926869,0.996468327
26/1/2017 0:00,0.934276,1.007991421
27/1/2017 0:00,0.930627,0.996094302
30/1/2017 0:00,0.926814,0.995902762
31/1/2017 0:00,0.930707,1.004200411
1/2/2017 0:00,0.935902,1.005581778
2/2/2017 0:00,0.933146,0.997055247
3/2/2017 0:00,0.925258,0.991546875
6/2/2017 0:00,0.925223,0.999962173
7/2/2017 0:00,0.92747,1.002428604
8/2/2017 0:00,0.924915,0.997245194
9/2/2017 0:00,0.925099,1.000198937
10/2/2017 0:00,0.922335,0.997012212
13/2/2017 0:00,0.916057,0.993193362
14/2/2017 0:00,0.91938,1.003627504
15/2/2017 0:00,0.918181,0.99869586
16/2/2017 0:00,0.913244,0.994623065
17/2/2017 0:00,0.917056,1.004174131
20/2/2017 0:00,0.91945,1.002610528
21/2/2017 0:00,0.916729,0.997040622
22/2/2017 0:00,0.917278,1.000598868
23/2/2017 0:00,0.918877,1.001743201
24/2/2017 0:00,0.920868,1.002166775
27/2/2017 0:00,0.927445,1.007142175
28/2/2017 0:00,0.927004,0.9995245
1/3/2017 0:00,0.930661,1.003944967
2/3/2017 0:00,0.924924,0.993835564
3/3/2017 0:00,0.934945,1.010834404
6/3/2017 0:00,0.934333,0.999345416
7/3/2017 0:00,0.932962,0.998532643
8/3/2017 0:00,0.93353,1.000608814
9/3/2017 0:00,0.937399,1.004144484
10/3/2017 0:00,0.937262,0.999853851
13/3/2017 0:00,0.938578,1.00140409
14/3/2017 0:00,0.933643,0.994742046
15/3/2017 0:00,0.934259,1.000659781
16/3/2017 0:00,0.925811,0.99095754
17/3/2017 0:00,0.930375,1.004929732
20/3/2017 0:00,0.926079,0.995382507
21/3/2017 0:00,0.925938,0.999847745
22/3/2017 0:00,0.930605,1.005040294
23/3/2017 0:00,0.931809,1.001293782
24/3/2017 0:00,0.93589,1.004379653
26/3/2017 0:00,0.938649,1.002947996
27/3/2017 0:00,0.940147,1.001595911
28/3/2017 0:00,0.935205,0.994743375
29/3/2017 0:00,0.93482,0.999588326
30/3/2017 0:00,0.934935,1.000123018
2/4/2017 0:00,0.938107,1.003392749
3/4/2017 0:00,0.941825,1.003963301
4/4/2017 0:00,0.945267,1.003654607
5/4/2017 0:00,0.943607,0.998243882
6/4/2017 0:00,0.945697,1.002214905
9/4/2017 0:00,0.947559,1.001968918
10/4/2017 0:00,0.948357,1.000842164
11/4/2017 0:00,0.949812,1.001534232
12/4/2017 0:00,0.950845,1.001087584
13/4/2017 0:00,0.94528,0.994147311
16/4/2017 0:00,0.945097,0.999806407
17/4/2017 0:00,0.942271,0.997009831
18/4/2017 0:00,0.947867,1.005938843
19/4/2017 0:00,0.95422,1.006702417
20/4/2017 0:00,0.95099,0.996615036
23/4/2017 0:00,0.950149,0.999115658
24/4/2017 0:00,0.949455,0.999269588
25/4/2017 0:00,0.951752,1.002419283
26/4/2017 0:00,0.95824,1.006816902
27/4/2017 0:00,0.958824,1.000609451
30/4/2017 0:00,0.956645,0.997727424
1/5/2017 0:00,0.950659,0.993742715
2/5/2017 0:00,0.951639,1.001030864
3/5/2017 0:00,0.963406,1.012364983
4/5/2017 0:00,0.963712,1.000317623
7/5/2017 0:00,0.958823,0.994926908
8/5/2017 0:00,0.962904,1.00425626
9/5/2017 0:00,0.965929,1.003141539
10/5/2017 0:00,0.962451,0.996399321
11/5/2017 0:00,0.962685,1.000243129
14/5/2017 0:00,0.963412,1.00075518
15/5/2017 0:00,0.964501,1.001130358
16/5/2017 0:00,0.966151,1.001710729
17/5/2017 0:00,0.967295,1.00118408
18/5/2017 0:00,0.967492,1.000203661
21/5/2017 0:00,0.968014,1.000539539
22/5/2017 0:00,0.965798,0.997710777
23/5/2017 0:00,0.962268,0.996344991
24/5/2017 0:00,0.963693,1.001480876
25/5/2017 0:00,0.96753,1.003981558
28/5/2017 0:00,0.971421,1.004021581
29/5/2017 0:00,0.969179,0.997692041
30/5/2017 0:00,0.967523,0.998291337
31/5/2017 0:00,0.973179,1.005845856
1/6/2017 0:00,0.977409,1.00434658
4/6/2017 0:00,0.974221,0.996738315
5/6/2017 0:00,0.967195,0.992788084
6/6/2017 0:00,0.965172,0.997908385
7/6/2017 0:00,0.959011,0.993616682
8/6/2017 0:00,0.960602,1.001659001
11/6/2017 0:00,0.959538,0.998892361
12/6/2017 0:00,0.956938,0.997290363
13/6/2017 0:00,0.960177,1.003384754
14/6/2017 0:00,0.957909,0.997637936
15/6/2017 0:00,0.95277,0.99463519
18/6/2017 0:00,0.948735,0.99576498
19/6/2017 0:00,0.949422,1.000724122
20/6/2017 0:00,0.950424,1.001055379
21/6/2017 0:00,0.953586,1.003326936
22/6/2017 0:00,0.954087,1.000525385
25/6/2017 0:00,0.952553,0.99839218
26/6/2017 0:00,0.950065,0.997388072
27/6/2017 0:00,0.950736,1.000706267
28/6/2017 0:00,0.94764,0.996743576
29/6/2017 0:00,0.943993,0.996151492
2/7/2017 0:00,0.944994,1.001060389
3/7/2017 0:00,0.943953,0.998898406
4/7/2017 0:00,0.95084,1.007295914
5/7/2017 0:00,0.952582,1.001832064
6/7/2017 0:00,0.9543,1.001803519
9/7/2017 0:00,0.951427,0.996989416
11/7/2017 0:00,0.947688,0.996070114
12/7/2017 0:00,0.945467,0.997656402
13/7/2017 0:00,0.940932,0.995203429
16/7/2017 0:00,0.93272,0.991272483
17/7/2017 0:00,0.936582,1.004140578
18/7/2017 0:00,0.924166,0.986743286
19/7/2017 0:00,0.917909,0.993229571
20/7/2017 0:00,0.920645,1.002980688
23/7/2017 0:00,0.92658,1.006446567
24/7/2017 0:00,0.925955,0.999325476
25/7/2017 0:00,0.925211,0.999196505
26/7/2017 0:00,0.921719,0.996225726
27/7/2017 0:00,0.923377,1.001798813
30/7/2017 0:00,0.922778,0.999351294
31/7/2017 0:00,0.922316,0.999499338
1/8/2017 0:00,0.924749,1.002637925
2/8/2017 0:00,0.924036,0.99922898
3/8/2017 0:00,0.925519,1.001604916
6/8/2017 0:00,0.926594,1.00116151
7/8/2017 0:00,0.927287,1.0007479
8/8/2017 0:00,0.928839,1.0016737
9/8/2017 0:00,0.929828,1.00106477
10/8/2017 0:00,0.932081,1.002423029
13/8/2017 0:00,0.930142,0.997919709
14/8/2017 0:00,0.933826,1.003960686
15/8/2017 0:00,0.934939,1.001191871
16/8/2017 0:00,0.924972,0.989339411
17/8/2017 0:00,0.929031,1.004388241
20/8/2017 0:00,0.925087,0.995754716
21/8/2017 0:00,0.925718,1.000682098
22/8/2017 0:00,0.92752,1.001946597
23/8/2017 0:00,0.929403,1.002030145
24/8/2017 0:00,0.929621,1.000234559
27/8/2017 0:00,0.92882,0.999138359
28/8/2017 0:00,0.931092,1.002446114
29/8/2017 0:00,0.927432,0.996069132
30/8/2017 0:00,0.931639,1.004536182
31/8/2017 0:00,0.928972,0.997137303
3/9/2017 0:00,0.925055,0.995783511
4/9/2017 0:00,0.92746,1.002599845
5/9/2017 0:00,0.923197,0.995403575
6/9/2017 0:00,0.924804,1.00174069
7/9/2017 0:00,0.926527,1.001863097
10/9/2017 0:00,0.92514,0.998503012
11/9/2017 0:00,0.925688,1.000592343
12/9/2017 0:00,0.925871,1.000197691
13/9/2017 0:00,0.928228,1.002545711
14/9/2017 0:00,0.92847,1.000260712
17/9/2017 0:00,0.928773,1.000326343
18/9/2017 0:00,0.931137,1.002545294
19/9/2017 0:00,0.927465,0.996056434
20/9/2017 0:00,0.923453,0.99567423
21/9/2017 0:00,0.934293,1.011738551
24/9/2017 0:00,0.93185,0.997385189
25/9/2017 0:00,0.932882,1.001107474
26/9/2017 0:00,0.936295,1.003658555
27/9/2017 0:00,0.93703,1.000785009
28/9/2017 0:00,0.938291,1.001345741
1/10/2017 0:00,0.937833,0.999511879
2/10/2017 0:00,0.938184,1.000374267
3/10/2017 0:00,0.937007,0.998745449
4/10/2017 0:00,0.934098,0.996895434
5/10/2017 0:00,0.940938,1.007322572
8/10/2017 0:00,0.941977,1.001104217
9/10/2017 0:00,0.945547,1.003789901
10/10/2017 0:00,0.947332,1.001887796
11/10/2017 0:00,0.946909,0.999553483
12/10/2017 0:00,0.945036,0.998021985
15/10/2017 0:00,0.939404,0.994040439
16/10/2017 0:00,0.942573,1.003373415
17/10/2017 0:00,0.940489,0.997789031
18/10/2017 0:00,0.940201,0.999693776
19/10/2017 0:00,0.936108,0.995646676
,,
