21/10/2007 0:00,0.481773,1
22/10/2007 0:00,0.47953,0.99534428
23/10/2007 0:00,0.479982,1.00094259
24/10/2007 0:00,0.479647,0.999302057
25/10/2007 0:00,0.478169,0.996918567
29/10/2007 0:00,0.477639,0.998891605
30/10/2007 0:00,0.477864,1.000471067
31/10/2007 0:00,0.477071,0.998340532
1/11/2007 0:00,0.477616,1.001142388
2/11/2007 0:00,0.476316,0.997278148
5/11/2007 0:00,0.476279,0.99992232
6/11/2007 0:00,0.475104,0.997532959
7/11/2007 0:00,0.473749,0.997147993
8/11/2007 0:00,0.47335,0.999157782
9/11/2007 0:00,0.472953,0.999161297
12/11/2007 0:00,0.473535,1.001230566
13/11/2007 0:00,0.473584,1.000103477
14/11/2007 0:00,0.471826,0.996287881
15/11/2007 0:00,0.470424,0.997028566
16/11/2007 0:00,0.47075,1.000692992
19/11/2007 0:00,0.470048,0.998508763
20/11/2007 0:00,0.466038,0.991468956
21/11/2007 0:00,0.463239,0.993994052
22/11/2007 0:00,0.464004,1.001651415
23/11/2007 0:00,0.46909,1.010961112
26/11/2007 0:00,0.468203,0.998109105
27/11/2007 0:00,0.467534,0.998571133
28/11/2007 0:00,0.467275,0.99944603
29/11/2007 0:00,0.468023,1.00160077
30/11/2007 0:00,0.470028,1.004283977
3/12/2007 0:00,0.470046,1.000038296
4/12/2007 0:00,0.468315,0.996317382
5/12/2007 0:00,0.473118,1.010255917
6/12/2007 0:00,0.472564,0.998829045
7/12/2007 0:00,0.474683,1.004484049
10/12/2007 0:00,0.47242,0.995232608
11/12/2007 0:00,0.472132,0.999390373
12/12/2007 0:00,0.47129,0.9982166
13/12/2007 0:00,0.47441,1.006620128
14/12/2007 0:00,0.477334,1.006163445
17/12/2007 0:00,0.475252,0.995638274
19/12/2007 0:00,0.476113,1.00181167
20/12/2007 0:00,0.478197,1.004377112
21/12/2007 0:00,0.477841,0.999255537
24/12/2007 0:00,0.478533,1.00144818
25/12/2007 0:00,0.477908,0.998693925
26/12/2007 0:00,0.4753,0.994542883
27/12/2007 0:00,0.47208,0.993225331
28/12/2007 0:00,0.470038,0.995674462
31/12/2007 0:00,0.475942,1.012560687
1/1/2008 0:00,0.475125,0.998283404
2/1/2008 0:00,0.472344,0.994146803
3/1/2008 0:00,0.472943,1.001268144
4/1/2008 0:00,0.472853,0.999809702
7/1/2008 0:00,0.474854,1.004231759
8/1/2008 0:00,0.448274,0.9440249
9/1/2008 0:00,0.476498,1.062961492
10/1/2008 0:00,0.473064,0.992793254
11/1/2008 0:00,0.471795,0.997317488
14/1/2008 0:00,0.470703,0.997685435
15/1/2008 0:00,0.472004,1.002763951
16/1/2008 0:00,0.476781,1.010120677
17/1/2008 0:00,0.474545,0.995310216
18/1/2008 0:00,0.475591,1.002204217
21/1/2008 0:00,0.478229,1.005546783
22/1/2008 0:00,0.47561,0.994523544
23/1/2008 0:00,0.47799,1.0050041
24/1/2008 0:00,0.474423,0.992537501
25/1/2008 0:00,0.478432,1.008450265
28/1/2008 0:00,0.476077,0.99507767
29/1/2008 0:00,0.476397,1.00067216
30/1/2008 0:00,0.474982,0.997029788
31/1/2008 0:00,0.474749,0.999509455
1/2/2008 0:00,0.478053,1.006959467
4/2/2008 0:00,0.477046,0.997893539
5/2/2008 0:00,0.481058,1.00841009
6/2/2008 0:00,0.483006,1.004049408
7/2/2008 0:00,0.487376,1.009047507
8/2/2008 0:00,0.453289,0.930060159
11/2/2008 0:00,0.486359,1.072955664
12/2/2008 0:00,0.484376,0.995922765
13/2/2008 0:00,0.484349,0.999944258
14/2/2008 0:00,0.481708,0.99454732
15/2/2008 0:00,0.482632,1.001918174
18/2/2008 0:00,0.483592,1.001989093
19/2/2008 0:00,0.480902,0.99443746
20/2/2008 0:00,0.481538,1.001322515
21/2/2008 0:00,0.478784,0.994280825
22/2/2008 0:00,0.479962,1.0024604
25/2/2008 0:00,0.479744,0.999545797
26/2/2008 0:00,0.475669,0.991505886
27/2/2008 0:00,0.473927,0.99633779
28/2/2008 0:00,0.472684,0.997377233
29/2/2008 0:00,0.471823,0.998178487
3/3/2008 0:00,0.472894,1.002269919
4/3/2008 0:00,0.473197,1.000640736
5/3/2008 0:00,0.471362,0.996122122
6/3/2008 0:00,0.468117,0.993115695
7/3/2008 0:00,0.47053,1.005154694
10/3/2008 0:00,0.469362,0.997517693
11/3/2008 0:00,0.469536,1.000370716
12/3/2008 0:00,0.465259,0.990891007
13/3/2008 0:00,0.464394,0.99814082
14/3/2008 0:00,0.464483,1.000191648
17/3/2008 0:00,0.459545,0.989368825
18/3/2008 0:00,0.464034,1.009768358
19/3/2008 0:00,0.460088,0.991496313
20/3/2008 0:00,0.466019,1.012891012
21/3/2008 0:00,0.460137,0.987378197
24/3/2008 0:00,0.466873,1.014639118
25/3/2008 0:00,0.46395,0.993739197
26/3/2008 0:00,0.4584,0.988037504
27/3/2008 0:00,0.458358,0.999908377
28/3/2008 0:00,0.459236,1.001915533
30/3/2008 0:00,0.460489,1.002728445
1/4/2008 0:00,0.462337,1.004013125
2/4/2008 0:00,0.461085,0.997292019
3/4/2008 0:00,0.460304,0.998306169
6/4/2008 0:00,0.461272,1.002102958
7/4/2008 0:00,0.465369,1.008881961
8/4/2008 0:00,0.458633,0.985525465
9/4/2008 0:00,0.46819,1.020838012
10/4/2008 0:00,0.46579,0.994873876
13/4/2008 0:00,0.465873,1.000178192
14/4/2008 0:00,0.466748,1.001878194
15/4/2008 0:00,0.463697,0.993463282
16/4/2008 0:00,0.465367,1.00360149
17/4/2008 0:00,0.469021,1.007851867
20/4/2008 0:00,0.4647,0.990787193
21/4/2008 0:00,0.463242,0.996862492
22/4/2008 0:00,0.466257,1.006508477
23/4/2008 0:00,0.469058,1.006007417
24/4/2008 0:00,0.469779,1.001537123
27/4/2008 0:00,0.469474,0.999350759
28/4/2008 0:00,0.471991,1.005361319
29/4/2008 0:00,0.471682,0.999345326
1/5/2008 0:00,0.475852,1.008840702
4/5/2008 0:00,0.475,0.998209527
5/5/2008 0:00,0.473774,0.997418947
6/5/2008 0:00,0.475723,1.004113776
7/5/2008 0:00,0.471052,0.990181261
8/5/2008 0:00,0.473334,1.004844476
11/5/2008 0:00,0.471843,0.996850004
12/5/2008 0:00,0.470864,0.997925157
13/5/2008 0:00,0.468476,0.994928472
14/5/2008 0:00,0.470459,1.004232874
15/5/2008 0:00,0.468946,0.996783992
18/5/2008 0:00,0.469696,1.001599331
19/5/2008 0:00,0.468164,0.996738316
20/5/2008 0:00,0.466345,0.996114609
21/5/2008 0:00,0.467562,1.002609656
22/5/2008 0:00,0.466399,0.997512629
25/5/2008 0:00,0.465404,0.997866634
26/5/2008 0:00,0.467407,1.004303788
27/5/2008 0:00,0.46814,1.001568226
28/5/2008 0:00,0.471612,1.007416585
29/5/2008 0:00,0.472785,1.002487214
1/6/2008 0:00,0.472041,0.998426346
2/6/2008 0:00,0.47476,1.005760093
3/6/2008 0:00,0.474051,0.998506614
4/6/2008 0:00,0.469949,0.991346923
5/6/2008 0:00,0.46394,0.987213506
8/6/2008 0:00,0.468411,1.009637022
9/6/2008 0:00,0.47088,1.005271012
10/6/2008 0:00,0.468894,0.995782365
11/6/2008 0:00,0.469505,1.001303066
12/6/2008 0:00,0.471835,1.004962673
15/6/2008 0:00,0.471096,0.998433775
16/6/2008 0:00,0.471494,1.000844838
17/6/2008 0:00,0.470488,0.997866357
18/6/2008 0:00,0.471102,1.001305028
19/6/2008 0:00,0.469775,0.9971832
22/6/2008 0:00,0.470879,1.002350061
23/6/2008 0:00,0.469729,0.997557759
24/6/2008 0:00,0.467194,0.994603271
25/6/2008 0:00,0.465123,0.995567152
26/6/2008 0:00,0.466285,1.002498264
29/6/2008 0:00,0.467265,1.002101719
1/7/2008 0:00,0.463429,0.991790526
2/7/2008 0:00,0.467788,1.009405972
3/7/2008 0:00,0.46772,0.999854635
6/7/2008 0:00,0.466884,0.998212606
7/7/2008 0:00,0.478431,1.024732053
8/7/2008 0:00,0.467685,0.977539081
9/7/2008 0:00,0.465919,0.996223954
10/7/2008 0:00,0.463107,0.993964616
13/7/2008 0:00,0.465314,1.004765637
14/7/2008 0:00,0.46663,1.002828198
15/7/2008 0:00,0.468483,1.003971026
16/7/2008 0:00,0.466686,0.996164215
17/7/2008 0:00,0.466884,1.000424268
20/7/2008 0:00,0.465191,0.996373832
21/7/2008 0:00,0.466262,1.00230228
22/7/2008 0:00,0.467329,1.002288413
23/7/2008 0:00,0.468332,1.00214624
24/7/2008 0:00,0.469113,1.00166762
27/7/2008 0:00,0.466322,0.994050474
28/7/2008 0:00,0.469031,1.005809291
29/7/2008 0:00,0.469653,1.001326138
30/7/2008 0:00,0.468965,0.998535089
7/8/2008 0:00,0.473459,1.009582805
25/8/2008 0:00,0.479081,1.011874312
26/8/2008 0:00,0.479305,1.000467562
27/8/2008 0:00,0.47972,1.000865837
28/8/2008 0:00,0.480929,1.00252022
31/8/2008 0:00,0.481514,1.001216396
1/9/2008 0:00,0.481143,0.999229514
2/9/2008 0:00,0.481428,1.000592339
3/9/2008 0:00,0.48665,1.010846897
4/9/2008 0:00,0.487902,1.002572691
7/9/2008 0:00,0.463548,0.950084238
8/9/2008 0:00,0.493258,1.064092607
9/9/2008 0:00,0.496942,1.007468708
10/9/2008 0:00,0.497417,1.000955846
11/9/2008 0:00,0.490124,0.985338257
14/9/2008 0:00,0.49208,1.003990827
15/9/2008 0:00,0.492557,1.000969355
16/9/2008 0:00,0.488431,0.991623305
17/9/2008 0:00,0.488887,1.000933602
18/9/2008 0:00,0.485123,0.992300879
21/9/2008 0:00,0.480321,0.990101479
22/9/2008 0:00,0.480277,0.999908395
23/9/2008 0:00,0.480509,1.000483055
24/9/2008 0:00,0.480255,0.999471394
25/9/2008 0:00,0.481397,1.002377903
28/9/2008 0:00,0.484768,1.007002536
29/9/2008 0:00,0.494631,1.020345815
30/9/2008 0:00,0.496493,1.003764422
1/10/2008 0:00,0.499738,1.006535842
2/10/2008 0:00,0.50168,1.003886036
5/10/2008 0:00,0.504786,1.006191198
6/10/2008 0:00,0.501629,0.993745865
7/10/2008 0:00,0.455529,0.908099412
8/10/2008 0:00,0.498475,1.094277203
9/10/2008 0:00,0.503325,1.009729676
12/10/2008 0:00,0.502368,0.998098644
13/10/2008 0:00,0.501037,0.997350548
14/10/2008 0:00,0.503132,1.004181328
15/10/2008 0:00,0.50121,0.996179929
16/10/2008 0:00,0.503644,1.004856248
19/10/2008 0:00,0.508551,1.009742993
20/10/2008 0:00,0.516132,1.014907059
21/10/2008 0:00,0.520292,1.008059954
22/10/2008 0:00,0.515069,0.989961406
23/10/2008 0:00,0.526093,1.021402958
27/10/2008 0:00,0.531305,1.009906994
28/10/2008 0:00,0.525193,0.98849625
29/10/2008 0:00,0.51733,0.985028361
30/10/2008 0:00,0.527899,1.0204299
31/10/2008 0:00,0.53393,1.011424534
3/11/2008 0:00,0.535378,1.002711966
4/11/2008 0:00,0.52411,0.978953188
5/11/2008 0:00,0.521813,0.995617332
6/11/2008 0:00,0.524336,1.004835065
7/11/2008 0:00,0.526001,1.003175445
10/11/2008 0:00,0.525447,0.99894677
11/11/2008 0:00,0.529933,1.008537493
12/11/2008 0:00,0.531226,1.002439931
13/11/2008 0:00,0.518631,0.976290694
14/11/2008 0:00,0.522813,1.008063537
17/11/2008 0:00,0.519195,0.993079744
18/11/2008 0:00,0.518735,0.999114013
19/11/2008 0:00,0.522927,1.008081198
20/11/2008 0:00,0.524512,1.003031016
21/11/2008 0:00,0.520493,0.99233764
24/11/2008 0:00,0.512126,0.983924856
25/11/2008 0:00,0.508497,0.992913853
26/11/2008 0:00,0.513268,1.009382553
27/11/2008 0:00,0.513604,1.000654629
28/11/2008 0:00,0.520957,1.014316477
1/12/2008 0:00,0.519614,0.997422052
2/12/2008 0:00,0.514778,0.990693091
3/12/2008 0:00,0.516718,1.003768615
4/12/2008 0:00,0.512833,0.992481392
5/12/2008 0:00,0.517063,1.008248299
8/12/2008 0:00,0.444634,0.859922292
9/12/2008 0:00,0.514313,1.156710913
10/12/2008 0:00,0.512779,0.99701738
11/12/2008 0:00,0.504533,0.983918998
12/12/2008 0:00,0.502072,0.995122222
15/12/2008 0:00,0.495077,0.986067735
16/12/2008 0:00,0.487717,0.985133626
17/12/2008 0:00,0.483416,0.991181361
18/12/2008 0:00,0.486131,1.005616281
19/12/2008 0:00,0.491129,1.010281179
22/12/2008 0:00,0.495045,1.007973465
23/12/2008 0:00,0.494398,0.998693048
24/12/2008 0:00,0.495681,1.002595075
25/12/2008 0:00,0.493444,0.995487017
26/12/2008 0:00,0.493295,0.999698041
29/12/2008 0:00,0.493419,1.000251371
30/12/2008 0:00,0.492589,0.99831786
31/12/2008 0:00,0.500182,1.015414473
1/1/2009 0:00,0.497417,0.994472012
2/1/2009 0:00,0.492586,0.990287827
5/1/2009 0:00,0.497975,1.010940222
6/1/2009 0:00,0.503873,1.011843968
7/1/2009 0:00,0.497899,0.988143838
8/1/2009 0:00,0.493396,0.990955997
9/1/2009 0:00,0.500721,1.014846087
12/1/2009 0:00,0.502653,1.003858436
13/1/2009 0:00,0.508601,1.011833213
14/1/2009 0:00,0.506765,0.996390098
15/1/2009 0:00,0.509001,1.004412302
16/1/2009 0:00,0.505191,0.992514749
19/1/2009 0:00,0.510297,1.010107068
20/1/2009 0:00,0.513974,1.007205608
21/1/2009 0:00,0.513304,0.998696432
22/1/2009 0:00,0.513238,0.999871421
23/1/2009 0:00,0.51301,0.999555762
26/1/2009 0:00,0.505259,0.984891133
27/1/2009 0:00,0.50481,0.999111347
28/1/2009 0:00,0.506914,1.004167905
29/1/2009 0:00,0.512682,1.011378656
30/1/2009 0:00,0.515894,1.006265092
2/2/2009 0:00,0.515586,0.999402978
3/2/2009 0:00,0.51034,0.98982517
4/2/2009 0:00,0.515112,1.009350629
5/2/2009 0:00,0.519704,1.008914566
6/2/2009 0:00,0.518131,0.996973277
9/2/2009 0:00,0.51585,0.995597638
10/2/2009 0:00,0.514279,0.996954541
11/2/2009 0:00,0.515845,1.00304504
12/2/2009 0:00,0.514144,0.996702498
13/2/2009 0:00,0.515993,1.003596269
16/2/2009 0:00,0.516125,1.000255817
17/2/2009 0:00,0.519505,1.006548801
18/2/2009 0:00,0.519701,1.000377282
19/2/2009 0:00,0.517051,0.994900914
20/2/2009 0:00,0.50524,0.977156992
23/2/2009 0:00,0.514554,1.018434803
24/2/2009 0:00,0.510791,0.992686871
25/2/2009 0:00,0.512923,1.004173918
26/2/2009 0:00,0.509647,0.993613076
27/2/2009 0:00,0.510624,1.001917013
2/3/2009 0:00,0.511484,1.001684214
3/3/2009 0:00,0.513494,1.003929742
4/3/2009 0:00,0.511216,0.995563726
5/3/2009 0:00,0.512586,1.002679885
6/3/2009 0:00,0.512209,0.999264514
9/3/2009 0:00,0.510714,0.99708127
10/3/2009 0:00,0.512327,1.003158323
11/3/2009 0:00,0.510053,0.995561429
12/3/2009 0:00,0.507402,0.994802501
13/3/2009 0:00,0.502665,0.990664207
16/3/2009 0:00,0.503035,1.000736077
17/3/2009 0:00,0.50237,0.998678024
18/3/2009 0:00,0.490392,0.976157016
19/3/2009 0:00,0.484485,0.987954534
20/3/2009 0:00,0.485794,1.002701838
23/3/2009 0:00,0.487251,1.002999214
24/3/2009 0:00,0.490881,1.007449959
25/3/2009 0:00,0.488422,0.994990639
26/3/2009 0:00,0.490093,1.003421222
27/3/2009 0:00,0.496719,1.013519883
29/3/2009 0:00,0.498043,1.002665491
30/3/2009 0:00,0.496149,0.996197116
31/3/2009 0:00,0.497189,1.002096145
1/4/2009 0:00,0.494545,0.994682103
2/4/2009 0:00,0.49216,0.995177385
5/4/2009 0:00,0.49476,1.005282835
6/4/2009 0:00,0.497792,1.006128224
7/4/2009 0:00,0.497226,0.998862979
8/4/2009 0:00,0.501969,1.009538922
9/4/2009 0:00,0.500831,0.997732928
12/4/2009 0:00,0.494306,0.986971653
13/4/2009 0:00,0.502334,1.016240952
14/4/2009 0:00,0.503959,1.003234899
15/4/2009 0:00,0.506712,1.005462746
16/4/2009 0:00,0.511156,1.008770268
19/4/2009 0:00,0.512225,1.002091338
20/4/2009 0:00,0.513313,1.002124067
21/4/2009 0:00,0.510314,0.994157561
22/4/2009 0:00,0.50793,0.995328366
23/4/2009 0:00,0.506419,0.997025181
26/4/2009 0:00,0.512415,1.011839998
27/4/2009 0:00,0.508588,0.992531444
28/4/2009 0:00,0.506797,0.996478486
29/4/2009 0:00,0.509412,1.005159857
30/4/2009 0:00,0.509009,0.999208892
3/5/2009 0:00,0.506649,0.99536354
4/5/2009 0:00,0.509346,1.005323212
5/5/2009 0:00,0.509807,1.000905082
6/5/2009 0:00,0.50769,0.995847448
7/5/2009 0:00,0.502736,0.990242077
10/5/2009 0:00,0.502211,0.998955714
11/5/2009 0:00,0.501725,0.999032279
12/5/2009 0:00,0.501985,1.000518212
13/5/2009 0:00,0.501025,0.998087592
14/5/2009 0:00,0.503043,1.004027743
17/5/2009 0:00,0.503598,1.001103285
18/5/2009 0:00,0.501641,0.996113964
19/5/2009 0:00,0.497301,0.991348395
20/5/2009 0:00,0.495323,0.99602253
21/5/2009 0:00,0.495683,1.000726798
24/5/2009 0:00,0.493762,0.996124539
25/5/2009 0:00,0.493433,0.999333687
26/5/2009 0:00,0.496709,1.006639199
27/5/2009 0:00,0.494162,0.994872249
28/5/2009 0:00,0.48944,0.990444429
31/5/2009 0:00,0.489849,1.000835649
1/6/2009 0:00,0.486347,0.992850858
2/6/2009 0:00,0.488883,1.005214384
3/6/2009 0:00,0.486696,0.995526537
4/6/2009 0:00,0.4916,1.010076105
7/6/2009 0:00,0.494276,1.00544345
8/6/2009 0:00,0.489044,0.989414821
9/6/2009 0:00,0.491316,1.004645799
10/6/2009 0:00,0.488974,0.99523321
11/6/2009 0:00,0.492301,1.006804043
14/6/2009 0:00,0.496496,1.00852121
15/6/2009 0:00,0.494542,0.996064419
16/6/2009 0:00,0.493676,0.998248885
17/6/2009 0:00,0.494053,1.000763659
18/6/2009 0:00,0.491702,0.995241401
21/6/2009 0:00,0.494162,1.00500303
22/6/2009 0:00,0.488876,0.989303103
23/6/2009 0:00,0.492218,1.006836089
24/6/2009 0:00,0.491119,0.997767249
25/6/2009 0:00,0.487524,0.992679982
28/6/2009 0:00,0.489397,1.003841862
29/6/2009 0:00,0.492097,1.005516993
30/6/2009 0:00,0.48956,0.994844512
1/7/2009 0:00,0.492921,1.006865348
2/7/2009 0:00,0.492391,0.998924777
5/7/2009 0:00,0.491759,0.998716467
6/7/2009 0:00,0.492698,1.001909472
7/7/2009 0:00,0.492488,0.999573775
8/7/2009 0:00,0.489064,0.993047546
9/7/2009 0:00,0.490715,1.003375836
12/7/2009 0:00,0.489515,0.997554589
13/7/2009 0:00,0.490737,1.002496348
14/7/2009 0:00,0.488408,0.995254077
15/7/2009 0:00,0.486924,0.996961557
16/7/2009 0:00,0.488675,1.003596044
19/7/2009 0:00,0.488673,0.999995907
20/7/2009 0:00,0.488317,0.999271496
21/7/2009 0:00,0.488061,0.99947575
22/7/2009 0:00,0.489734,1.00342785
23/7/2009 0:00,0.488802,0.998096926
26/7/2009 0:00,0.487329,0.99698651
27/7/2009 0:00,0.490229,1.005950805
28/7/2009 0:00,0.493492,1.006656073
29/7/2009 0:00,0.492187,0.99735558
30/7/2009 0:00,0.487426,0.990326847
2/8/2009 0:00,0.484377,0.993744692
3/8/2009 0:00,0.484152,0.999535486
4/8/2009 0:00,0.48408,0.999851286
5/8/2009 0:00,0.484809,1.001505949
6/8/2009 0:00,0.489592,1.009865741
9/8/2009 0:00,0.489866,1.00055965
10/8/2009 0:00,0.488161,0.996519456
11/8/2009 0:00,0.487612,0.998875371
12/8/2009 0:00,0.485702,0.996082951
13/8/2009 0:00,0.488399,1.005552788
16/8/2009 0:00,0.48891,1.001046276
17/8/2009 0:00,0.48798,0.998097809
18/8/2009 0:00,0.485307,0.994522316
19/8/2009 0:00,0.486682,1.002833258
20/8/2009 0:00,0.485524,0.997620623
23/8/2009 0:00,0.484885,0.998683896
24/8/2009 0:00,0.484921,1.000074244
25/8/2009 0:00,0.485909,1.002037445
26/8/2009 0:00,0.48269,0.993375303
27/8/2009 0:00,0.483094,1.000836976
30/8/2009 0:00,0.483744,1.001345494
31/8/2009 0:00,0.48711,1.006958226
1/9/2009 0:00,0.485798,0.997306563
2/9/2009 0:00,0.48701,1.002494864
3/9/2009 0:00,0.486401,0.998749512
6/9/2009 0:00,0.486705,1.000624999
7/9/2009 0:00,0.483594,0.993608038
8/9/2009 0:00,0.482643,0.998033474
9/9/2009 0:00,0.481608,0.997855558
10/9/2009 0:00,0.482565,1.001987093
13/9/2009 0:00,0.480246,0.99519443
14/9/2009 0:00,0.480488,1.000503908
15/9/2009 0:00,0.481729,1.002582791
16/9/2009 0:00,0.479953,0.99631328
17/9/2009 0:00,0.480131,1.00037087
20/9/2009 0:00,0.480634,1.001047631
21/9/2009 0:00,0.478816,0.996217496
22/9/2009 0:00,0.479942,1.002351634
23/9/2009 0:00,0.480567,1.001302241
24/9/2009 0:00,0.481693,1.002343066
27/9/2009 0:00,0.482347,1.001357711
28/9/2009 0:00,0.483198,1.00176429
29/9/2009 0:00,0.484493,1.002680061
30/9/2009 0:00,0.486649,1.004450013
1/10/2009 0:00,0.484964,0.996537546
4/10/2009 0:00,0.484639,0.999329847
5/10/2009 0:00,0.484777,1.000284748
6/10/2009 0:00,0.486154,1.002840481
7/10/2009 0:00,0.486817,1.001363765
8/10/2009 0:00,0.486419,0.999182444
11/10/2009 0:00,0.484241,0.995522379
12/10/2009 0:00,0.48268,0.996776399
13/10/2009 0:00,0.481972,0.99853319
14/10/2009 0:00,0.48141,0.998833957
15/10/2009 0:00,0.481986,1.001196485
18/10/2009 0:00,0.481156,0.998277958
19/10/2009 0:00,0.480199,0.99801104
20/10/2009 0:00,0.479086,0.997682211
21/10/2009 0:00,0.477422,0.99652672
22/10/2009 0:00,0.477748,1.000682834
26/10/2009 0:00,0.480862,1.006518081
27/10/2009 0:00,0.483003,1.004452421
28/10/2009 0:00,0.483794,1.001637671
29/10/2009 0:00,0.482528,0.997383184
30/10/2009 0:00,0.485029,1.005183119
2/11/2009 0:00,0.484094,0.99807228
3/11/2009 0:00,0.485024,1.001921114
4/11/2009 0:00,0.482073,0.993915765
5/11/2009 0:00,0.481676,0.999176473
6/11/2009 0:00,0.483627,1.004050441
9/11/2009 0:00,0.480778,0.994109096
10/11/2009 0:00,0.480669,0.999773284
11/11/2009 0:00,0.481203,1.001110952
12/11/2009 0:00,0.484237,1.006305031
13/11/2009 0:00,0.484184,0.999890549
16/11/2009 0:00,0.482427,0.996371214
17/11/2009 0:00,0.485328,1.006013345
18/11/2009 0:00,0.483144,0.995499951
19/11/2009 0:00,0.482796,0.999279718
20/11/2009 0:00,0.48453,1.003591579
23/11/2009 0:00,0.482327,0.995453326
24/11/2009 0:00,0.482419,1.000190742
25/11/2009 0:00,0.479528,0.994007284
26/11/2009 0:00,0.481417,1.00393929
27/11/2009 0:00,0.480563,0.99822607
30/11/2009 0:00,0.481143,1.001206918
1/12/2009 0:00,0.480175,0.997988124
2/12/2009 0:00,0.48089,1.00148904
3/12/2009 0:00,0.48054,0.999272183
4/12/2009 0:00,0.484649,1.008550797
7/12/2009 0:00,0.485167,1.001068815
8/12/2009 0:00,0.488099,1.00604328
9/12/2009 0:00,0.488074,0.999948781
10/12/2009 0:00,0.488776,1.001438306
11/12/2009 0:00,0.49162,1.005818616
14/12/2009 0:00,0.490665,0.998057443
15/12/2009 0:00,0.493158,1.00508086
16/12/2009 0:00,0.492785,0.99924365
17/12/2009 0:00,0.496552,1.007644307
18/12/2009 0:00,0.497296,1.001498333
21/12/2009 0:00,0.497795,1.001003427
22/12/2009 0:00,0.498642,1.001701504
23/12/2009 0:00,0.495271,0.993239639
24/12/2009 0:00,0.494431,0.998303959
25/12/2009 0:00,0.493456,0.998028036
28/12/2009 0:00,0.495125,1.003382267
29/12/2009 0:00,0.496192,1.002155011
30/12/2009 0:00,0.496475,1.000570344
31/12/2009 0:00,0.497172,1.001403897
1/1/2010 0:00,0.495247,0.996128101
4/1/2010 0:00,0.496271,1.002067655
5/1/2010 0:00,0.498346,1.004181183
6/1/2010 0:00,0.498277,0.999861542
7/1/2010 0:00,0.4998,1.003056533
8/1/2010 0:00,0.497605,0.995608243
11/1/2010 0:00,0.496484,0.997747209
12/1/2010 0:00,0.496528,1.000088623
13/1/2010 0:00,0.496231,0.999401846
14/1/2010 0:00,0.497267,1.002087737
15/1/2010 0:00,0.49977,1.005033513
18/1/2010 0:00,0.500339,1.001138524
19/1/2010 0:00,0.50369,1.006697459
20/1/2010 0:00,0.506323,1.005227422
21/1/2010 0:00,0.505285,0.997949925
22/1/2010 0:00,0.503496,0.996459424
25/1/2010 0:00,0.505081,1.003147989
26/1/2010 0:00,0.506353,1.002518408
27/1/2010 0:00,0.507339,1.001947258
28/1/2010 0:00,0.509951,1.005148431
29/1/2010 0:00,0.513011,1.006000577
1/2/2010 0:00,0.509603,0.993356868
2/2/2010 0:00,0.508493,0.997821834
3/2/2010 0:00,0.509577,1.002131789
4/2/2010 0:00,0.51228,1.0053044
5/2/2010 0:00,0.514166,1.00368158
8/2/2010 0:00,0.514652,1.00094522
9/2/2010 0:00,0.512299,0.995427979
10/2/2010 0:00,0.512982,1.001333206
11/2/2010 0:00,0.518112,1.010000351
12/2/2010 0:00,0.51978,1.003219381
15/2/2010 0:00,0.52063,1.001635307
16/2/2010 0:00,0.517321,0.993644239
17/2/2010 0:00,0.522777,1.010546643
18/2/2010 0:00,0.525249,1.004728594
19/2/2010 0:00,0.520354,0.990680611
22/2/2010 0:00,0.521458,1.002121633
23/2/2010 0:00,0.524168,1.005196967
24/2/2010 0:00,0.524019,0.99971574
25/2/2010 0:00,0.524322,1.000578223
26/2/2010 0:00,0.521815,0.995218587
1/3/2010 0:00,0.525028,1.006157355
2/3/2010 0:00,0.52404,0.998118196
3/3/2010 0:00,0.521627,0.99539539
4/3/2010 0:00,0.525296,1.007033762
5/3/2010 0:00,0.523719,0.996997883
8/3/2010 0:00,0.524655,1.001787218
9/3/2010 0:00,0.525525,1.001658233
10/3/2010 0:00,0.524348,0.997760335
11/3/2010 0:00,0.522821,0.997087812
12/3/2010 0:00,0.521073,0.996656599
15/3/2010 0:00,0.523282,1.004239329
16/3/2010 0:00,0.520967,0.995575999
17/3/2010 0:00,0.522684,1.003295794
18/3/2010 0:00,0.526514,1.007327563
19/3/2010 0:00,0.528525,1.003819462
22/3/2010 0:00,0.526418,0.996013434
23/3/2010 0:00,0.52979,1.006405556
24/3/2010 0:00,0.533543,1.007083939
25/3/2010 0:00,0.534063,1.000974617
26/3/2010 0:00,0.531435,0.995079232
28/3/2010 0:00,0.530222,0.997717501
29/3/2010 0:00,0.532302,1.003922885
30/3/2010 0:00,0.52908,0.993947045
31/3/2010 0:00,0.526845,0.995775686
1/4/2010 0:00,0.528983,1.00405812
4/4/2010 0:00,0.530518,1.002901795
5/4/2010 0:00,0.53446,1.007430474
6/4/2010 0:00,0.536987,1.004728137
7/4/2010 0:00,0.537017,1.000055867
8/4/2010 0:00,0.533062,0.992635242
11/4/2010 0:00,0.528862,0.992120992
12/4/2010 0:00,0.528275,0.99889007
13/4/2010 0:00,0.533343,1.009593488
14/4/2010 0:00,0.536234,1.005420527
15/4/2010 0:00,0.538482,1.0041922
18/4/2010 0:00,0.538262,0.999591444
19/4/2010 0:00,0.541442,1.005907904
20/4/2010 0:00,0.544297,1.005272956
21/4/2010 0:00,0.549257,1.009112672
22/4/2010 0:00,0.545492,0.993145285
25/4/2010 0:00,0.546027,1.000980766
26/4/2010 0:00,0.552631,1.01209464
27/4/2010 0:00,0.550814,0.996712092
28/4/2010 0:00,0.551195,1.000691704
29/4/2010 0:00,0.548898,0.995832691
2/5/2010 0:00,0.553018,1.007505948
3/5/2010 0:00,0.558923,1.010677772
4/5/2010 0:00,0.560372,1.002592486
5/5/2010 0:00,0.563964,1.006410028
6/5/2010 0:00,0.562166,0.996811853
9/5/2010 0:00,0.566616,1.007915811
10/5/2010 0:00,0.572585,1.010534471
11/5/2010 0:00,0.573379,1.001386694
12/5/2010 0:00,0.576934,1.006200088
13/5/2010 0:00,0.583232,1.010916327
16/5/2010 0:00,0.581138,0.996409662
17/5/2010 0:00,0.588047,1.011888742
18/5/2010 0:00,0.578201,0.98325644
19/5/2010 0:00,0.568737,0.98363199
20/5/2010 0:00,0.566436,0.995954193
23/5/2010 0:00,0.575167,1.015413921
24/5/2010 0:00,0.574087,0.998122284
25/5/2010 0:00,0.581792,1.013421311
26/5/2010 0:00,0.57882,0.994891645
27/5/2010 0:00,0.579055,1.000405998
30/5/2010 0:00,0.581463,1.0041585
31/5/2010 0:00,0.578979,0.995728017
1/6/2010 0:00,0.582163,1.005499336
2/6/2010 0:00,0.584071,1.003277433
3/6/2010 0:00,0.591147,1.012114965
6/6/2010 0:00,0.591147,1
7/6/2010 0:00,0.591265,1.000199612
8/6/2010 0:00,0.59003,0.997911258
9/6/2010 0:00,0.588408,0.997250987
10/6/2010 0:00,0.589341,1.001585634
13/6/2010 0:00,0.586121,0.99453627
14/6/2010 0:00,0.583598,0.995695428
15/6/2010 0:00,0.583156,0.999242629
16/6/2010 0:00,0.58042,0.995308288
17/6/2010 0:00,0.582985,1.004419214
20/6/2010 0:00,0.58948,1.011140938
21/6/2010 0:00,0.58816,0.997760738
22/6/2010 0:00,0.584876,0.994416485
23/6/2010 0:00,0.582661,0.996212872
24/6/2010 0:00,0.58304,1.000650464
27/6/2010 0:00,0.587514,1.007673573
28/6/2010 0:00,0.5853,0.996231579
29/6/2010 0:00,0.584335,0.998351273
30/6/2010 0:00,0.575774,0.985349158
1/7/2010 0:00,0.571548,0.992660315
4/7/2010 0:00,0.573058,1.002641948
5/7/2010 0:00,0.571035,0.996469816
6/7/2010 0:00,0.572192,1.002026146
7/7/2010 0:00,0.571469,0.998736438
8/7/2010 0:00,0.572818,1.002360583
11/7/2010 0:00,0.574649,1.003196478
12/7/2010 0:00,0.571841,0.995113539
13/7/2010 0:00,0.571418,0.999260284
14/7/2010 0:00,0.563539,0.986211495
15/7/2010 0:00,0.562467,0.998097736
18/7/2010 0:00,0.561242,0.997822094
19/7/2010 0:00,0.564902,1.006521251
20/7/2010 0:00,0.568087,1.005638146
21/7/2010 0:00,0.565164,0.994854661
22/7/2010 0:00,0.565345,1.000320261
25/7/2010 0:00,0.565492,1.000260018
26/7/2010 0:00,0.565259,0.999587969
27/7/2010 0:00,0.563257,0.996458261
28/7/2010 0:00,0.561162,0.996280561
29/7/2010 0:00,0.564168,1.005356742
1/8/2010 0:00,0.562776,0.99753265
2/8/2010 0:00,0.560353,0.995694557
3/8/2010 0:00,0.560353,1
4/8/2010 0:00,0.562114,1.003142662
5/8/2010 0:00,0.560634,0.997367082
8/8/2010 0:00,0.559122,0.997303053
9/8/2010 0:00,0.560727,1.002870572
10/8/2010 0:00,0.560562,0.999705739
11/8/2010 0:00,0.569905,1.016667202
12/8/2010 0:00,0.572605,1.004737632
15/8/2010 0:00,0.574827,1.003880511
16/8/2010 0:00,0.573279,0.997307016
17/8/2010 0:00,0.573327,1.000083729
18/8/2010 0:00,0.575396,1.003608761
19/8/2010 0:00,0.576377,1.001704913
22/8/2010 0:00,0.579665,1.0057046
23/8/2010 0:00,0.583257,1.006196683
24/8/2010 0:00,0.581403,0.996821298
25/8/2010 0:00,0.581601,1.000340556
26/8/2010 0:00,0.580812,0.9986434
29/8/2010 0:00,0.580277,0.999078876
30/8/2010 0:00,0.582629,1.004053237
31/8/2010 0:00,0.581776,0.998535947
1/9/2010 0:00,0.579816,0.996631006
2/9/2010 0:00,0.579465,0.999394636
5/9/2010 0:00,0.577433,0.996493317
6/9/2010 0:00,0.577855,1.000730821
7/9/2010 0:00,0.584577,1.011632676
8/9/2010 0:00,0.584607,1.000051319
9/9/2010 0:00,0.586925,1.003965057
12/9/2010 0:00,0.587793,1.001478894
13/9/2010 0:00,0.581193,0.988771557
14/9/2010 0:00,0.577391,0.993458283
15/9/2010 0:00,0.574503,0.99499819
16/9/2010 0:00,0.571698,0.995117519
19/9/2010 0:00,0.573961,1.003958384
20/9/2010 0:00,0.573896,0.999886752
21/9/2010 0:00,0.567627,0.989076418
22/9/2010 0:00,0.563345,0.992456314
23/9/2010 0:00,0.565149,1.003202301
26/9/2010 0:00,0.561612,0.993741473
27/9/2010 0:00,0.563443,1.003260258
28/9/2010 0:00,0.559124,0.992334628
29/9/2010 0:00,0.556864,0.995957963
30/9/2010 0:00,0.558081,1.002185453
3/10/2010 0:00,0.55345,0.991701921
4/10/2010 0:00,0.556468,1.005453067
5/10/2010 0:00,0.55235,0.992599754
6/10/2010 0:00,0.549018,0.993967593
7/10/2010 0:00,0.549545,1.000959896
10/10/2010 0:00,0.548222,0.997592554
11/10/2010 0:00,0.550929,1.004937781
12/10/2010 0:00,0.55074,0.999656943
13/10/2010 0:00,0.549555,0.997848349
14/10/2010 0:00,0.54841,0.997916496
17/10/2010 0:00,0.551873,1.006314619
18/10/2010 0:00,0.551807,0.999880407
19/10/2010 0:00,0.553835,1.003675198
20/10/2010 0:00,0.550012,0.993097222
21/10/2010 0:00,0.552051,1.003707192
24/10/2010 0:00,0.552249,1.000358663
25/10/2010 0:00,0.554061,1.003281129
26/10/2010 0:00,0.556258,1.003965267
27/10/2010 0:00,0.556459,1.000361343
28/10/2010 0:00,0.556459,1
1/11/2010 0:00,0.553826,0.995268295
2/11/2010 0:00,0.556824,1.005413253
3/11/2010 0:00,0.553488,0.994008879
4/11/2010 0:00,0.550685,0.994935753
5/11/2010 0:00,0.547938,0.995011667
8/11/2010 0:00,0.553302,1.009789429
9/11/2010 0:00,0.559348,1.010927125
10/11/2010 0:00,0.562876,1.006307344
11/11/2010 0:00,0.564172,1.002302461
12/11/2010 0:00,0.568852,1.008295343
15/11/2010 0:00,0.563048,0.989796995
16/11/2010 0:00,0.564447,1.00248469
17/11/2010 0:00,0.568298,1.006822607
18/11/2010 0:00,0.567531,0.998650356
19/11/2010 0:00,0.565369,0.996190516
22/11/2010 0:00,0.561917,0.993894253
23/11/2010 0:00,0.56601,1.007283994
24/11/2010 0:00,0.568559,1.004503454
25/11/2010 0:00,0.573172,1.008113494
26/11/2010 0:00,0.572769,0.999296895
29/11/2010 0:00,0.573037,1.000467902
30/11/2010 0:00,0.577735,1.008198423
1/12/2010 0:00,0.583062,1.00922049
2/12/2010 0:00,0.581566,0.997434235
3/12/2010 0:00,0.578929,0.995465691
6/12/2010 0:00,0.572796,0.9894063
7/12/2010 0:00,0.576367,1.006234331
8/12/2010 0:00,0.576483,1.000201261
9/12/2010 0:00,0.574112,0.995887129
10/12/2010 0:00,0.576364,1.00392258
13/12/2010 0:00,0.579179,1.004884066
14/12/2010 0:00,0.572783,0.988956782
15/12/2010 0:00,0.574758,1.003448077
16/12/2010 0:00,0.574328,0.999251859
17/12/2010 0:00,0.574452,1.000215905
20/12/2010 0:00,0.577635,1.005540933
21/12/2010 0:00,0.578867,1.002132835
22/12/2010 0:00,0.581651,1.004809395
23/12/2010 0:00,0.584037,1.004102116
24/12/2010 0:00,0.583605,0.999260321
27/12/2010 0:00,0.587344,1.006406731
28/12/2010 0:00,0.583971,0.994257199
29/12/2010 0:00,0.588132,1.007125354
30/12/2010 0:00,0.585212,0.995035128
31/12/2010 0:00,0.583649,0.997329173
3/1/2011 0:00,0.583765,1.00019875
4/1/2011 0:00,0.582676,0.998134523
5/1/2011 0:00,0.583296,1.001064056
6/1/2011 0:00,0.588145,1.008313103
7/1/2011 0:00,0.594047,1.01003494
10/1/2011 0:00,0.598603,1.007669427
11/1/2011 0:00,0.594459,0.993077215
12/1/2011 0:00,0.595239,1.001312117
13/1/2011 0:00,0.591335,0.99344129
14/1/2011 0:00,0.582718,0.985427888
17/1/2011 0:00,0.580662,0.996471707
18/1/2011 0:00,0.584419,1.006470201
19/1/2011 0:00,0.582611,0.996906329
20/1/2011 0:00,0.579272,0.994268903
21/1/2011 0:00,0.576923,0.99594491
24/1/2011 0:00,0.572239,0.991881066
25/1/2011 0:00,0.572415,1.000307564
26/1/2011 0:00,0.570921,0.997390006
27/1/2011 0:00,0.570665,0.999551602
28/1/2011 0:00,0.569564,0.998070672
31/1/2011 0:00,0.572315,1.00483001
1/2/2011 0:00,0.570214,0.996328945
2/2/2011 0:00,0.5691,0.998046348
3/2/2011 0:00,0.568879,0.999611668
4/2/2011 0:00,0.576092,1.012679322
7/2/2011 0:00,0.577674,1.002746089
8/2/2011 0:00,0.577714,1.000069243
9/2/2011 0:00,0.576633,0.998128832
10/2/2011 0:00,0.572559,0.992934848
11/2/2011 0:00,0.575176,1.004570708
14/2/2011 0:00,0.577056,1.003268565
15/2/2011 0:00,0.578657,1.002774427
16/2/2011 0:00,0.578269,0.999329482
17/2/2011 0:00,0.576167,0.996365014
18/2/2011 0:00,0.575284,0.998467458
21/2/2011 0:00,0.573008,0.996043693
22/2/2011 0:00,0.573007,0.999998255
23/2/2011 0:00,0.571218,0.996877874
24/2/2011 0:00,0.569202,0.996470699
25/2/2011 0:00,0.567522,0.997048499
28/2/2011 0:00,0.571283,1.006627056
1/3/2011 0:00,0.569424,0.996745921
2/3/2011 0:00,0.570208,1.00137683
3/3/2011 0:00,0.56829,0.996636315
4/3/2011 0:00,0.565155,0.99448345
7/3/2011 0:00,0.56418,0.99827481
8/3/2011 0:00,0.565798,1.002867879
9/3/2011 0:00,0.567542,1.003082372
10/3/2011 0:00,0.567324,0.999615887
11/3/2011 0:00,0.569138,1.003197467
14/3/2011 0:00,0.565382,0.993400546
15/3/2011 0:00,0.563769,0.997147062
16/3/2011 0:00,0.559986,0.993289805
17/3/2011 0:00,0.560518,1.000950024
18/3/2011 0:00,0.557868,0.99527223
21/3/2011 0:00,0.554526,0.994009336
22/3/2011 0:00,0.555724,1.002160404
23/3/2011 0:00,0.558262,1.004567015
24/3/2011 0:00,0.561076,1.005040644
25/3/2011 0:00,0.559643,0.997445979
27/3/2011 0:00,0.564945,1.009473897
28/3/2011 0:00,0.562455,0.995592491
29/3/2011 0:00,0.562116,0.999397285
30/3/2011 0:00,0.561578,0.999042902
31/3/2011 0:00,0.560495,0.998071506
3/4/2011 0:00,0.558036,0.995612807
4/4/2011 0:00,0.557942,0.999831552
5/4/2011 0:00,0.55807,1.000229415
6/4/2011 0:00,0.553679,0.992131811
7/4/2011 0:00,0.554833,1.00208424
10/4/2011 0:00,0.550131,0.991525378
11/4/2011 0:00,0.551405,1.002315812
12/4/2011 0:00,0.54994,0.997343151
13/4/2011 0:00,0.551509,1.002853039
17/4/2011 0:00,0.558362,1.012425908
18/4/2011 0:00,0.563243,1.008741641
19/4/2011 0:00,0.561057,0.996118904
20/4/2011 0:00,0.5564,0.991699596
21/4/2011 0:00,0.556271,0.999768152
24/4/2011 0:00,0.556911,1.001150518
25/4/2011 0:00,0.555221,0.996965404
26/4/2011 0:00,0.552711,0.995479278
27/4/2011 0:00,0.550476,0.995956295
28/4/2011 0:00,0.549128,0.99755121
1/5/2011 0:00,0.552653,1.006419268
2/5/2011 0:00,0.551676,0.998232164
3/5/2011 0:00,0.54908,0.995294339
4/5/2011 0:00,0.547871,0.997798135
5/5/2011 0:00,0.554699,1.012462788
8/5/2011 0:00,0.564009,1.016783877
9/5/2011 0:00,0.565023,1.001797844
10/5/2011 0:00,0.563605,0.997490368
11/5/2011 0:00,0.569689,1.010794794
12/5/2011 0:00,0.567235,0.995692387
15/5/2011 0:00,0.569905,1.004707044
16/5/2011 0:00,0.564958,0.991319606
17/5/2011 0:00,0.563179,0.996851093
18/5/2011 0:00,0.565954,1.004927385
19/5/2011 0:00,0.564589,0.997588143
22/5/2011 0:00,0.571533,1.012299212
23/5/2011 0:00,0.570516,0.998220575
24/5/2011 0:00,0.568735,0.996878265
25/5/2011 0:00,0.569487,1.001322233
26/5/2011 0:00,0.569247,0.999578568
29/5/2011 0:00,0.565928,0.994169491
30/5/2011 0:00,0.566269,1.00060255
31/5/2011 0:00,0.562535,0.993405961
1/6/2011 0:00,0.562912,1.000670181
2/6/2011 0:00,0.559997,0.994821571
5/6/2011 0:00,0.556121,0.993078534
6/6/2011 0:00,0.557413,1.002323235
7/6/2011 0:00,0.555264,0.99614469
8/6/2011 0:00,0.556102,1.001509192
9/6/2011 0:00,0.560317,1.007579545
12/6/2011 0:00,0.564582,1.007611763
13/6/2011 0:00,0.561962,0.995359399
14/6/2011 0:00,0.562863,1.001603311
15/6/2011 0:00,0.569886,1.012477281
16/6/2011 0:00,0.568097,0.996860776
19/6/2011 0:00,0.567745,0.999380388
20/6/2011 0:00,0.565391,0.995853772
21/6/2011 0:00,0.564117,0.997746692
22/6/2011 0:00,0.565989,1.003318461
23/6/2011 0:00,0.567655,1.00294352
26/6/2011 0:00,0.569624,1.003468656
27/6/2011 0:00,0.562972,0.988322121
28/6/2011 0:00,0.562085,0.998424433
29/6/2011 0:00,0.560146,0.996550344
30/6/2011 0:00,0.562093,1.00347588
3/7/2011 0:00,0.561162,0.99834369
4/7/2011 0:00,0.560931,0.999588354
5/7/2011 0:00,0.564268,1.005949038
6/7/2011 0:00,0.568269,1.007090602
7/7/2011 0:00,0.569503,1.002171507
10/7/2011 0:00,0.576258,1.011861219
11/7/2011 0:00,0.580267,1.006956953
12/7/2011 0:00,0.58405,1.006519413
13/7/2011 0:00,0.577834,0.989357076
14/7/2011 0:00,0.580641,1.004857797
17/7/2011 0:00,0.580996,1.000611393
18/7/2011 0:00,0.582555,1.002683323
19/7/2011 0:00,0.580716,0.996843217
20/7/2011 0:00,0.577812,0.994999277
21/7/2011 0:00,0.573124,0.991886634
24/7/2011 0:00,0.575284,1.003768818
25/7/2011 0:00,0.576392,1.001926005
26/7/2011 0:00,0.572816,0.993795889
27/7/2011 0:00,0.577913,1.008898145
28/7/2011 0:00,0.580434,1.004362248
31/7/2011 0:00,0.578768,0.997129734
1/8/2011 0:00,0.583473,1.008129337
2/8/2011 0:00,0.584016,1.000930634
3/8/2011 0:00,0.578076,0.989829046
4/8/2011 0:00,0.579176,1.001902864
7/8/2011 0:00,0.576079,0.994652748
8/8/2011 0:00,0.577102,1.001775798
9/8/2011 0:00,0.575832,0.997799349
10/8/2011 0:00,0.580074,1.007366732
11/8/2011 0:00,0.579824,0.999569021
14/8/2011 0:00,0.579702,0.999789591
15/8/2011 0:00,0.577022,0.995376935
16/8/2011 0:00,0.578494,1.002551029
17/8/2011 0:00,0.576524,0.996594606
18/8/2011 0:00,0.573632,0.99498373
21/8/2011 0:00,0.575006,1.002395264
22/8/2011 0:00,0.576098,1.001899111
23/8/2011 0:00,0.575634,0.999194581
24/8/2011 0:00,0.575332,0.999475361
25/8/2011 0:00,0.574715,0.998927576
28/8/2011 0:00,0.573379,0.99767537
29/8/2011 0:00,0.571701,0.997073489
30/8/2011 0:00,0.574598,1.005067334
31/8/2011 0:00,0.578039,1.005988535
1/9/2011 0:00,0.582359,1.007473544
4/9/2011 0:00,0.586263,1.006703769
5/9/2011 0:00,0.588594,1.003976031
6/9/2011 0:00,0.590182,1.002697955
7/9/2011 0:00,0.587893,0.996121535
8/9/2011 0:00,0.59243,1.007717391
11/9/2011 0:00,0.597667,1.008839863
12/9/2011 0:00,0.593233,0.992581153
13/9/2011 0:00,0.589583,0.993847274
14/9/2011 0:00,0.585167,0.99250996
15/9/2011 0:00,0.580867,0.99265167
18/9/2011 0:00,0.586555,1.009792259
19/9/2011 0:00,0.58125,0.990955665
20/9/2011 0:00,0.579288,0.996624516
21/9/2011 0:00,0.571312,0.986231374
22/9/2011 0:00,0.569076,0.996086202
25/9/2011 0:00,0.569795,1.001263452
26/9/2011 0:00,0.572075,1.004001439
27/9/2011 0:00,0.573627,1.002712931
28/9/2011 0:00,0.568828,0.991633936
29/9/2011 0:00,0.567343,0.997389369
2/10/2011 0:00,0.573174,1.010277733
3/10/2011 0:00,0.575925,1.00479959
4/10/2011 0:00,0.57362,0.995997743
5/10/2011 0:00,0.575664,1.003563335
6/10/2011 0:00,0.57308,0.99551127
9/10/2011 0:00,0.575539,1.004290849
10/10/2011 0:00,0.574929,0.998940124
11/10/2011 0:00,0.570962,0.993100018
12/10/2011 0:00,0.568051,0.994901587
13/10/2011 0:00,0.569984,1.003402863
16/10/2011 0:00,0.569708,0.999515776
17/10/2011 0:00,0.57169,1.003478975
18/10/2011 0:00,0.573794,1.003680316
19/10/2011 0:00,0.573476,0.999445794
20/10/2011 0:00,0.570349,0.994547287
23/10/2011 0:00,0.566962,0.994061531
24/10/2011 0:00,0.568476,1.002670373
25/10/2011 0:00,0.569115,1.001124058
26/10/2011 0:00,0.568133,0.998274514
27/10/2011 0:00,0.567731,0.999292419
31/10/2011 0:00,0.568405,1.001187182
1/11/2011 0:00,0.575726,1.012879901
2/11/2011 0:00,0.573034,0.995324165
3/11/2011 0:00,0.570806,0.996111924
4/11/2011 0:00,0.572244,1.002519245
7/11/2011 0:00,0.572647,1.000704245
8/11/2011 0:00,0.572507,0.999755521
9/11/2011 0:00,0.570792,0.997004403
10/11/2011 0:00,0.573841,1.005341701
11/11/2011 0:00,0.569485,0.992409047
14/11/2011 0:00,0.5687,0.998621562
15/11/2011 0:00,0.569029,1.000578512
16/11/2011 0:00,0.572672,1.006402134
17/11/2011 0:00,0.573624,1.001662383
18/11/2011 0:00,0.572722,0.998427541
21/11/2011 0:00,0.569502,0.994377726
22/11/2011 0:00,0.568886,0.998918353
23/11/2011 0:00,0.568877,0.99998418
24/11/2011 0:00,0.571604,1.004793655
25/11/2011 0:00,0.573231,1.002846376
28/11/2011 0:00,0.576499,1.005701018
29/11/2011 0:00,0.577897,1.002424983
30/11/2011 0:00,0.578748,1.001472581
1/12/2011 0:00,0.580301,1.002683379
2/12/2011 0:00,0.578859,0.997515083
5/12/2011 0:00,0.581378,1.004351664
6/12/2011 0:00,0.582509,1.001945378
7/12/2011 0:00,0.581274,0.997879861
8/12/2011 0:00,0.581044,0.999604317
9/12/2011 0:00,0.579207,0.996838449
12/12/2011 0:00,0.578294,0.998423707
13/12/2011 0:00,0.582775,1.007748654
14/12/2011 0:00,0.587817,1.008651709
15/12/2011 0:00,0.587875,1.00009867
16/12/2011 0:00,0.587702,0.99970572
19/12/2011 0:00,0.588653,1.001618167
20/12/2011 0:00,0.587969,0.998838025
21/12/2011 0:00,0.588553,1.00099325
22/12/2011 0:00,0.591867,1.005630759
23/12/2011 0:00,0.592,1.000224713
26/12/2011 0:00,0.592411,1.000694257
27/12/2011 0:00,0.593211,1.001350414
28/12/2011 0:00,0.59027,0.995042236
29/12/2011 0:00,0.595367,1.008635031
30/12/2011 0:00,0.594089,0.997853425
2/1/2012 0:00,0.595324,1.002078813
3/1/2012 0:00,0.596112,1.001323649
4/1/2012 0:00,0.596472,1.000603913
5/1/2012 0:00,0.600443,1.006657479
6/1/2012 0:00,0.605149,1.007837547
9/1/2012 0:00,0.608409,1.005387103
10/1/2012 0:00,0.604697,0.993898841
11/1/2012 0:00,0.608039,1.005526735
12/1/2012 0:00,0.609051,1.001664367
13/1/2012 0:00,0.605073,0.993468527
16/1/2012 0:00,0.611334,1.010347512
17/1/2012 0:00,0.61155,1.000353326
18/1/2012 0:00,0.611323,0.999628812
19/1/2012 0:00,0.608712,0.995728935
20/1/2012 0:00,0.606328,0.996083534
23/1/2012 0:00,0.609718,1.005591033
24/1/2012 0:00,0.605734,0.993465832
25/1/2012 0:00,0.605169,0.999067247
26/1/2012 0:00,0.605356,1.000309005
27/1/2012 0:00,0.606897,1.00254561
30/1/2012 0:00,0.605115,0.997063752
31/1/2012 0:00,0.605361,1.000406534
1/2/2012 0:00,0.607821,1.004063691
2/2/2012 0:00,0.607314,0.999165873
3/2/2012 0:00,0.610229,1.004799823
6/2/2012 0:00,0.61261,1.003901814
7/2/2012 0:00,0.610364,0.99633372
8/2/2012 0:00,0.60607,0.992964854
9/2/2012 0:00,0.605681,0.99935816
10/2/2012 0:00,0.603349,0.996149788
13/2/2012 0:00,0.601776,0.997392885
14/2/2012 0:00,0.603894,1.003519582
15/2/2012 0:00,0.602469,0.997640314
16/2/2012 0:00,0.605623,1.005235124
17/2/2012 0:00,0.60398,0.997287091
20/2/2012 0:00,0.604816,1.001384152
21/2/2012 0:00,0.60358,0.997956403
22/2/2012 0:00,0.601084,0.995864674
23/2/2012 0:00,0.599808,0.997877169
24/2/2012 0:00,0.597427,0.996030396
27/2/2012 0:00,0.591768,0.990527713
28/2/2012 0:00,0.594579,1.004750172
29/2/2012 0:00,0.594368,0.999645127
1/3/2012 0:00,0.600022,1.009512625
2/3/2012 0:00,0.601201,1.001964928
5/3/2012 0:00,0.604809,1.006001321
6/3/2012 0:00,0.601799,0.995023222
7/3/2012 0:00,0.603278,1.002457631
8/3/2012 0:00,0.604182,1.00149848
9/3/2012 0:00,0.602014,0.996411677
12/3/2012 0:00,0.60627,1.007069603
13/3/2012 0:00,0.604233,0.996640111
14/3/2012 0:00,0.607518,1.005436644
15/3/2012 0:00,0.60517,0.996135094
16/3/2012 0:00,0.604953,0.999641423
19/3/2012 0:00,0.603731,0.997980008
20/3/2012 0:00,0.60164,0.996536537
21/3/2012 0:00,0.598021,0.993984775
22/3/2012 0:00,0.598592,1.000954816
23/3/2012 0:00,0.59913,1.000898776
25/3/2012 0:00,0.597948,0.998027139
26/3/2012 0:00,0.595418,0.995768863
27/3/2012 0:00,0.596723,1.002191738
28/3/2012 0:00,0.59674,1.000028489
29/3/2012 0:00,0.596646,0.999842477
1/4/2012 0:00,0.597494,1.001421278
2/4/2012 0:00,0.598755,1.002110481
3/4/2012 0:00,0.602158,1.00568346
4/4/2012 0:00,0.604577,1.004017218
5/4/2012 0:00,0.60775,1.005248298
8/4/2012 0:00,0.605992,0.997107363
9/4/2012 0:00,0.604933,0.998252452
10/4/2012 0:00,0.605861,1.001534054
11/4/2012 0:00,0.606606,1.001229655
12/4/2012 0:00,0.606317,0.999523579
15/4/2012 0:00,0.613211,1.01137029
16/4/2012 0:00,0.609586,0.994088495
17/4/2012 0:00,0.610388,1.001315647
18/4/2012 0:00,0.609321,0.998251932
19/4/2012 0:00,0.608317,0.998352264
22/4/2012 0:00,0.606957,0.997764324
23/4/2012 0:00,0.609491,1.004174925
24/4/2012 0:00,0.608497,0.998369131
25/4/2012 0:00,0.607916,0.999045188
26/4/2012 0:00,0.610534,1.004306516
29/4/2012 0:00,0.610263,0.999556126
30/4/2012 0:00,0.610788,1.000860285
1/5/2012 0:00,0.61148,1.001132963
2/5/2012 0:00,0.61314,1.002714725
3/5/2012 0:00,0.611603,0.997493232
6/5/2012 0:00,0.616595,1.008162157
7/5/2012 0:00,0.61489,0.997234814
8/5/2012 0:00,0.616192,1.002117452
9/5/2012 0:00,0.617363,1.001900382
10/5/2012 0:00,0.617359,0.999993521
13/5/2012 0:00,0.619021,1.002692113
14/5/2012 0:00,0.619771,1.001211591
15/5/2012 0:00,0.62273,1.004774344
16/5/2012 0:00,0.620066,0.995722063
17/5/2012 0:00,0.618958,0.998213093
20/5/2012 0:00,0.615149,0.993846109
21/5/2012 0:00,0.61615,1.001627248
22/5/2012 0:00,0.61876,1.004235981
23/5/2012 0:00,0.622975,1.006812011
24/5/2012 0:00,0.624912,1.003109274
27/5/2012 0:00,0.623071,0.997053985
28/5/2012 0:00,0.624579,1.00242027
29/5/2012 0:00,0.626436,1.002973203
30/5/2012 0:00,0.627212,1.001238754
31/5/2012 0:00,0.628213,1.001595952
3/6/2012 0:00,0.62303,0.991749614
4/6/2012 0:00,0.622392,0.998975972
5/6/2012 0:00,0.624533,1.003439954
6/6/2012 0:00,0.623985,0.999122544
7/6/2012 0:00,0.623237,0.998801253
10/6/2012 0:00,0.619652,0.994247774
11/6/2012 0:00,0.623367,1.005995301
12/6/2012 0:00,0.623742,1.000601572
13/6/2012 0:00,0.620833,0.995336213
14/6/2012 0:00,0.619504,0.997859328
17/6/2012 0:00,0.621555,1.003310713
18/6/2012 0:00,0.625384,1.006160356
19/6/2012 0:00,0.622759,0.995802579
20/6/2012 0:00,0.621351,0.997739093
21/6/2012 0:00,0.623259,1.003070728
24/6/2012 0:00,0.623954,1.001115106
25/6/2012 0:00,0.624278,1.000519269
26/6/2012 0:00,0.626359,1.003333451
27/6/2012 0:00,0.627863,1.002401179
28/6/2012 0:00,0.627645,0.99965279
1/7/2012 0:00,0.624212,0.994530348
2/7/2012 0:00,0.627076,1.004588185
3/7/2012 0:00,0.628605,1.002438301
4/7/2012 0:00,0.630691,1.003318459
5/7/2012 0:00,0.637995,1.011580949
8/7/2012 0:00,0.640393,1.00375865
9/7/2012 0:00,0.639736,0.998974067
10/7/2012 0:00,0.643302,1.005574174
11/7/2012 0:00,0.646382,1.004787798
12/7/2012 0:00,0.646253,0.999800428
15/7/2012 0:00,0.645682,0.999116445
16/7/2012 0:00,0.644807,0.998644844
17/7/2012 0:00,0.645323,1.000800239
18/7/2012 0:00,0.647508,1.003385901
19/7/2012 0:00,0.649709,1.003399186
22/7/2012 0:00,0.655329,1.008650026
23/7/2012 0:00,0.654167,0.998226845
24/7/2012 0:00,0.656733,1.003922546
25/7/2012 0:00,0.655723,0.998462084
26/7/2012 0:00,0.650763,0.99243583
29/7/2012 0:00,0.651348,1.000898945
30/7/2012 0:00,0.654256,1.004464587
31/7/2012 0:00,0.652956,0.99801301
1/8/2012 0:00,0.654882,1.002949663
2/8/2012 0:00,0.657484,1.003973235
5/8/2012 0:00,0.648557,0.986422483
6/8/2012 0:00,0.650101,1.00238067
7/8/2012 0:00,0.649582,0.999201663
8/8/2012 0:00,0.649149,0.999333417
9/8/2012 0:00,0.653491,1.006688757
12/8/2012 0:00,0.654306,1.001247148
13/8/2012 0:00,0.650939,0.99485409
14/8/2012 0:00,0.650695,0.999625157
15/8/2012 0:00,0.651429,1.001128025
16/8/2012 0:00,0.647878,0.994548907
19/8/2012 0:00,0.647548,0.999490645
20/8/2012 0:00,0.646359,0.998163843
21/8/2012 0:00,0.641041,0.991772374
22/8/2012 0:00,0.640032,0.998425998
23/8/2012 0:00,0.638207,0.99714858
26/8/2012 0:00,0.639725,1.002378539
27/8/2012 0:00,0.638745,0.998468092
28/8/2012 0:00,0.635101,0.994295063
29/8/2012 0:00,0.636404,1.002051642
30/8/2012 0:00,0.637655,1.001965732
2/9/2012 0:00,0.63664,0.99840823
3/9/2012 0:00,0.637794,1.001812641
4/9/2012 0:00,0.639365,1.002463178
5/9/2012 0:00,0.636225,0.995088877
6/9/2012 0:00,0.637103,1.001380015
9/9/2012 0:00,0.632179,0.992271265
10/9/2012 0:00,0.633622,1.002282581
11/9/2012 0:00,0.632679,0.998511731
12/9/2012 0:00,0.630784,0.9970048
13/9/2012 0:00,0.628183,0.99587656
16/9/2012 0:00,0.624611,0.994313759
17/9/2012 0:00,0.62327,0.997853064
18/9/2012 0:00,0.625816,1.004084907
19/9/2012 0:00,0.625735,0.999870569
20/9/2012 0:00,0.62979,1.006480379
23/9/2012 0:00,0.629521,0.999572873
24/9/2012 0:00,0.62967,1.000236688
25/9/2012 0:00,0.630841,1.001859704
26/9/2012 0:00,0.630779,0.999901718
27/9/2012 0:00,0.631648,1.001377662
30/9/2012 0:00,0.635232,1.005674046
1/10/2012 0:00,0.631326,0.993851065
2/10/2012 0:00,0.628869,0.996108191
3/10/2012 0:00,0.629208,1.000539063
4/10/2012 0:00,0.625366,0.993893911
7/10/2012 0:00,0.624893,0.999243643
8/10/2012 0:00,0.626963,1.003312567
9/10/2012 0:00,0.631711,1.007573015
10/10/2012 0:00,0.631948,1.000375172
11/10/2012 0:00,0.629606,0.996293999
14/10/2012 0:00,0.631932,1.003694374
15/10/2012 0:00,0.63148,0.999284733
16/10/2012 0:00,0.625995,0.991314056
17/10/2012 0:00,0.626767,1.001233237
18/10/2012 0:00,0.627695,1.001480614
21/10/2012 0:00,0.628108,1.000657963
22/10/2012 0:00,0.62673,0.99780611
23/10/2012 0:00,0.62943,1.004308075
24/10/2012 0:00,0.630889,1.00231797
25/10/2012 0:00,0.633021,1.003379358
29/10/2012 0:00,0.633494,1.000747211
30/10/2012 0:00,0.634376,1.001392278
31/10/2012 0:00,0.632699,0.997356457
1/11/2012 0:00,0.63242,0.999559032
2/11/2012 0:00,0.633033,1.000969293
5/11/2012 0:00,0.636783,1.005923862
6/11/2012 0:00,0.638206,1.00223467
7/11/2012 0:00,0.638397,1.000299276
8/11/2012 0:00,0.640435,1.003192371
9/11/2012 0:00,0.640631,1.000306042
12/11/2012 0:00,0.642328,1.002648951
13/11/2012 0:00,0.643547,1.001897784
14/11/2012 0:00,0.643489,0.999909874
15/11/2012 0:00,0.642086,0.997819699
16/11/2012 0:00,0.639078,0.995315269
19/11/2012 0:00,0.639258,1.000281656
20/11/2012 0:00,0.639501,1.000380128
21/11/2012 0:00,0.637505,0.996878816
22/11/2012 0:00,0.634857,0.995846307
23/11/2012 0:00,0.63424,0.999028128
26/11/2012 0:00,0.631019,0.994921481
27/11/2012 0:00,0.630569,0.999286868
28/11/2012 0:00,0.631971,1.002223389
29/11/2012 0:00,0.631751,0.999651883
30/11/2012 0:00,0.631648,0.999836961
3/12/2012 0:00,0.630672,0.998454836
5/12/2012 0:00,0.627002,0.99418081
6/12/2012 0:00,0.628006,1.001601271
7/12/2012 0:00,0.632129,1.006565224
10/12/2012 0:00,0.634794,1.004215912
11/12/2012 0:00,0.632643,0.996611499
12/12/2012 0:00,0.62965,0.995269054
13/12/2012 0:00,0.627038,0.995851664
14/12/2012 0:00,0.626146,0.998577439
17/12/2012 0:00,0.622472,0.994132359
18/12/2012 0:00,0.622827,1.000570307
19/12/2012 0:00,0.62078,0.996713373
20/12/2012 0:00,0.620236,0.999123683
21/12/2012 0:00,0.620112,0.999800076
24/12/2012 0:00,0.621201,1.001756134
25/12/2012 0:00,0.621529,1.000528009
26/12/2012 0:00,0.621132,0.999361253
27/12/2012 0:00,0.617865,0.994740248
28/12/2012 0:00,0.61719,0.998907528
31/12/2012 0:00,0.618194,1.001626728
1/1/2013 0:00,0.620546,1.003804631
2/1/2013 0:00,0.620405,0.999772781
3/1/2013 0:00,0.621314,1.001465172
4/1/2013 0:00,0.625229,1.006301162
7/1/2013 0:00,0.623882,0.997845589
8/1/2013 0:00,0.619915,0.993641426
9/1/2013 0:00,0.622478,1.004134438
10/1/2013 0:00,0.623646,1.001876372
11/1/2013 0:00,0.616253,0.988145518
14/1/2013 0:00,0.60987,0.989642241
15/1/2013 0:00,0.610075,1.000336137
16/1/2013 0:00,0.613789,1.006087776
17/1/2013 0:00,0.614962,1.00191108
18/1/2013 0:00,0.611242,0.993950846
21/1/2013 0:00,0.611863,1.001015964
22/1/2013 0:00,0.611452,0.999328281
23/1/2013 0:00,0.612135,1.001117013
24/1/2013 0:00,0.612538,1.000658352
25/1/2013 0:00,0.607882,0.992398839
28/1/2013 0:00,0.600827,0.988394129
29/1/2013 0:00,0.600649,0.999703742
30/1/2013 0:00,0.600502,0.999755265
31/1/2013 0:00,0.596349,0.99308412
1/2/2013 0:00,0.593611,0.995408729
4/2/2013 0:00,0.59072,0.995129807
5/2/2013 0:00,0.597433,1.011364098
6/2/2013 0:00,0.595298,0.996426378
7/2/2013 0:00,0.596844,1.002597019
8/2/2013 0:00,0.602593,1.009632333
11/2/2013 0:00,0.604457,1.003093298
12/2/2013 0:00,0.600933,0.994169974
13/2/2013 0:00,0.600163,0.998718659
14/2/2013 0:00,0.602009,1.003075831
15/2/2013 0:00,0.606299,1.007126139
18/2/2013 0:00,0.605453,0.998604649
19/2/2013 0:00,0.604741,0.998824021
20/2/2013 0:00,0.603457,0.997876777
21/2/2013 0:00,0.607493,1.006688132
22/2/2013 0:00,0.611136,1.005996777
25/2/2013 0:00,0.611532,1.000647974
26/2/2013 0:00,0.617557,1.009852305
27/2/2013 0:00,0.618015,1.000741632
28/2/2013 0:00,0.615061,0.995220181
1/3/2013 0:00,0.618597,1.005749023
4/3/2013 0:00,0.618244,0.999429354
5/3/2013 0:00,0.616392,0.997004419
6/3/2013 0:00,0.615637,0.99877513
7/3/2013 0:00,0.617353,1.002787357
8/3/2013 0:00,0.61266,0.99239819
11/3/2013 0:00,0.616791,1.006742728
12/3/2013 0:00,0.61445,0.996204549
13/3/2013 0:00,0.615724,1.002073399
14/3/2013 0:00,0.618201,1.004022906
15/3/2013 0:00,0.615292,0.995294411
18/3/2013 0:00,0.619958,1.007583391
19/3/2013 0:00,0.618445,0.997559512
20/3/2013 0:00,0.6213,1.004616417
21/3/2013 0:00,0.61774,0.994270079
22/3/2013 0:00,0.620466,1.00441286
25/3/2013 0:00,0.615973,0.992758668
26/3/2013 0:00,0.625161,1.014916238
27/3/2013 0:00,0.626743,1.002530548
28/3/2013 0:00,0.630011,1.005214258
29/3/2013 0:00,0.629004,0.998401615
31/3/2013 0:00,0.62922,1.0003434
1/4/2013 0:00,0.628138,0.998280411
2/4/2013 0:00,0.629667,1.002434178
3/4/2013 0:00,0.628336,0.997886184
4/4/2013 0:00,0.62366,0.992558122
7/4/2013 0:00,0.620931,0.995624218
8/4/2013 0:00,0.618254,0.995688732
9/4/2013 0:00,0.616998,0.997968473
10/4/2013 0:00,0.618661,1.002695309
11/4/2013 0:00,0.61669,0.996814087
14/4/2013 0:00,0.617049,1.00058214
15/4/2013 0:00,0.618563,1.002453614
16/4/2013 0:00,0.614961,0.994176826
17/4/2013 0:00,0.620939,1.009720942
18/4/2013 0:00,0.619892,0.998313844
21/4/2013 0:00,0.61905,0.998641699
22/4/2013 0:00,0.617166,0.996956627
23/4/2013 0:00,0.619863,1.004369975
24/4/2013 0:00,0.618523,0.997838232
25/4/2013 0:00,0.620701,1.003521292
28/4/2013 0:00,0.620248,0.99927018
29/4/2013 0:00,0.619001,0.997989514
30/4/2013 0:00,0.616752,0.996366726
1/5/2013 0:00,0.614988,0.997139855
2/5/2013 0:00,0.619908,1.008000156
5/5/2013 0:00,0.618276,0.997367351
6/5/2013 0:00,0.621512,1.005233908
7/5/2013 0:00,0.620396,0.998204379
8/5/2013 0:00,0.619436,0.998452601
9/5/2013 0:00,0.62197,1.004090818
12/5/2013 0:00,0.622108,1.000221876
13/5/2013 0:00,0.620829,0.997944087
14/5/2013 0:00,0.621723,1.00144001
15/5/2013 0:00,0.623179,1.002341879
16/5/2013 0:00,0.620563,0.995802169
19/5/2013 0:00,0.619956,0.999021856
20/5/2013 0:00,0.618654,0.997899851
21/5/2013 0:00,0.615155,0.994344173
22/5/2013 0:00,0.61391,0.99797612
23/5/2013 0:00,0.611642,0.996305647
26/5/2013 0:00,0.611287,0.999419595
27/5/2013 0:00,0.61323,1.00317854
28/5/2013 0:00,0.613178,0.999915203
29/5/2013 0:00,0.610253,0.99522977
30/5/2013 0:00,0.608831,0.997669819
2/6/2013 0:00,0.609921,1.001790316
3/6/2013 0:00,0.610755,1.00136739
4/6/2013 0:00,0.60983,0.998485481
5/6/2013 0:00,0.611244,1.002318679
6/6/2013 0:00,0.608008,0.994705879
9/6/2013 0:00,0.603994,0.993398113
10/6/2013 0:00,0.601013,0.995064521
11/6/2013 0:00,0.603545,1.004212887
12/6/2013 0:00,0.597231,0.989538477
13/6/2013 0:00,0.598894,1.002784517
16/6/2013 0:00,0.599408,1.000858249
17/6/2013 0:00,0.596331,0.994866602
18/6/2013 0:00,0.591661,0.992168779
19/6/2013 0:00,0.593319,1.00280228
20/6/2013 0:00,0.593507,1.000316862
23/6/2013 0:00,0.59894,1.009154062
24/6/2013 0:00,0.5973,0.997261829
25/6/2013 0:00,0.60191,1.007718065
26/6/2013 0:00,0.603579,1.00277284
27/6/2013 0:00,0.605578,1.003311911
30/6/2013 0:00,0.605511,0.999889362
1/7/2013 0:00,0.605606,1.000156892
2/7/2013 0:00,0.606095,1.000807456
3/7/2013 0:00,0.603782,0.996183767
4/7/2013 0:00,0.608204,1.007323835
7/7/2013 0:00,0.608503,1.000491611
8/7/2013 0:00,0.607473,0.998307321
9/7/2013 0:00,0.612281,1.007914755
10/7/2013 0:00,0.601142,0.981807373
11/7/2013 0:00,0.606248,1.008493833
14/7/2013 0:00,0.606971,1.001192581
15/7/2013 0:00,0.606709,0.999568348
16/7/2013 0:00,0.604074,0.995656896
17/7/2013 0:00,0.604912,1.001387247
18/7/2013 0:00,0.602285,0.99565722
21/7/2013 0:00,0.601609,0.998877608
22/7/2013 0:00,0.601834,1.000373997
23/7/2013 0:00,0.598613,0.994648026
24/7/2013 0:00,0.597117,0.99750089
25/7/2013 0:00,0.595606,0.997469508
28/7/2013 0:00,0.595913,1.000515441
29/7/2013 0:00,0.594834,0.998189333
30/7/2013 0:00,0.59357,0.997875037
31/7/2013 0:00,0.591587,0.996659198
1/8/2013 0:00,0.593309,1.002910814
4/8/2013 0:00,0.592623,0.998843773
5/8/2013 0:00,0.5948,1.003673499
6/8/2013 0:00,0.593248,0.99739072
7/8/2013 0:00,0.591769,0.997506945
8/8/2013 0:00,0.593361,1.002690239
11/8/2013 0:00,0.596037,1.004509902
12/8/2013 0:00,0.595347,0.998842354
13/8/2013 0:00,0.595118,0.99961535
14/8/2013 0:00,0.594131,0.998341505
15/8/2013 0:00,0.590428,0.993767368
18/8/2013 0:00,0.590633,1.000347206
19/8/2013 0:00,0.586964,0.993788021
20/8/2013 0:00,0.584264,0.995400059
21/8/2013 0:00,0.583469,0.998639314
22/8/2013 0:00,0.584409,1.001611054
25/8/2013 0:00,0.584253,0.999733064
26/8/2013 0:00,0.583415,0.99856569
27/8/2013 0:00,0.581369,0.996493062
28/8/2013 0:00,0.587299,1.010200062
29/8/2013 0:00,0.59227,1.008464172
1/9/2013 0:00,0.594223,1.003297483
2/9/2013 0:00,0.595318,1.001842743
3/9/2013 0:00,0.594193,0.998110254
4/9/2013 0:00,0.594368,1.000294517
5/9/2013 0:00,0.595255,1.001492341
8/9/2013 0:00,0.595285,1.000050399
9/9/2013 0:00,0.59442,0.998546915
10/9/2013 0:00,0.594598,1.000299452
11/9/2013 0:00,0.593601,0.998323237
12/9/2013 0:00,0.59327,0.999442386
15/9/2013 0:00,0.592457,0.998629629
16/9/2013 0:00,0.594324,1.003151284
17/9/2013 0:00,0.594322,0.999996635
18/9/2013 0:00,0.593764,0.999061115
19/9/2013 0:00,0.593003,0.998718346
22/9/2013 0:00,0.590834,0.996342346
23/9/2013 0:00,0.592318,1.002511704
24/9/2013 0:00,0.59156,0.998720282
25/9/2013 0:00,0.59005,0.997447427
26/9/2013 0:00,0.590761,1.001204983
29/9/2013 0:00,0.589491,0.99785023
30/9/2013 0:00,0.589042,0.999238326
1/10/2013 0:00,0.590519,1.002507461
2/10/2013 0:00,0.589345,0.998011918
3/10/2013 0:00,0.587794,0.997368265
6/10/2013 0:00,0.591073,1.005578485
8/10/2013 0:00,0.588937,0.996386233
9/10/2013 0:00,0.591732,1.004745839
10/10/2013 0:00,0.591935,1.000343061
13/10/2013 0:00,0.591508,0.999278637
14/10/2013 0:00,0.592992,1.002508842
15/10/2013 0:00,0.595173,1.003677959
16/10/2013 0:00,0.594375,0.998659213
17/10/2013 0:00,0.590382,0.993282019
20/10/2013 0:00,0.590013,0.999374981
21/10/2013 0:00,0.588518,0.997466158
22/10/2013 0:00,0.587349,0.998013655
23/10/2013 0:00,0.585992,0.997689619
24/10/2013 0:00,0.585474,0.999116029
28/10/2013 0:00,0.586289,1.001392034
29/10/2013 0:00,0.585831,0.999218815
30/10/2013 0:00,0.586178,1.000592321
31/10/2013 0:00,0.587673,1.00255042
1/11/2013 0:00,0.593112,1.009255147
4/11/2013 0:00,0.596156,1.005132252
5/11/2013 0:00,0.595559,0.998998584
6/11/2013 0:00,0.596981,1.002387673
7/11/2013 0:00,0.59531,0.997200916
8/11/2013 0:00,0.599211,1.006552888
11/11/2013 0:00,0.600459,1.002082739
12/11/2013 0:00,0.597221,0.994607459
13/11/2013 0:00,0.595755,0.997545297
14/11/2013 0:00,0.595258,0.999165764
15/11/2013 0:00,0.596352,1.001837859
18/11/2013 0:00,0.595057,0.997828464
19/11/2013 0:00,0.594059,0.99832285
20/11/2013 0:00,0.593217,0.998582632
21/11/2013 0:00,0.597242,1.006785038
22/11/2013 0:00,0.593756,0.99416317
25/11/2013 0:00,0.590346,0.9942569
26/11/2013 0:00,0.591545,1.002031012
27/11/2013 0:00,0.589076,0.995826184
28/11/2013 0:00,0.587023,0.996514881
29/11/2013 0:00,0.585446,0.997313564
2/12/2013 0:00,0.586693,1.00213
3/12/2013 0:00,0.587967,1.002171493
4/12/2013 0:00,0.587231,0.998748229
5/12/2013 0:00,0.586702,0.999099162
6/12/2013 0:00,0.583664,0.994821903
9/12/2013 0:00,0.583361,0.999480866
10/12/2013 0:00,0.582684,0.998839484
11/12/2013 0:00,0.581836,0.998544666
12/12/2013 0:00,0.579517,0.996014341
13/12/2013 0:00,0.578756,0.998686837
16/12/2013 0:00,0.57986,1.00190754
17/12/2013 0:00,0.578735,0.998059877
18/12/2013 0:00,0.577611,0.998057833
19/12/2013 0:00,0.579122,1.002615947
20/12/2013 0:00,0.578424,0.998794727
23/12/2013 0:00,0.577404,0.998236588
24/12/2013 0:00,0.576041,0.997639434
25/12/2013 0:00,0.576598,1.000966945
26/12/2013 0:00,0.577307,1.001229626
27/12/2013 0:00,0.575331,0.996577211
30/12/2013 0:00,0.572907,0.995786773
31/12/2013 0:00,0.571524,0.997585996
1/1/2014 0:00,0.576356,1.008454588
2/1/2014 0:00,0.574671,0.99707646
3/1/2014 0:00,0.577537,1.004987201
6/1/2014 0:00,0.580765,1.005589252
7/1/2014 0:00,0.578881,0.996756003
8/1/2014 0:00,0.577643,0.997861391
9/1/2014 0:00,0.578716,1.001857549
10/1/2014 0:00,0.578396,0.999447052
13/1/2014 0:00,0.578933,1.00092843
14/1/2014 0:00,0.578152,0.998650967
15/1/2014 0:00,0.576652,0.997405527
16/1/2014 0:00,0.577681,1.001784438
17/1/2014 0:00,0.577364,0.999451254
20/1/2014 0:00,0.579679,1.004009602
21/1/2014 0:00,0.578208,0.997462389
22/1/2014 0:00,0.576978,0.997872738
23/1/2014 0:00,0.57725,1.000471422
24/1/2014 0:00,0.57109,0.989328714
27/1/2014 0:00,0.57132,1.000402739
28/1/2014 0:00,0.573068,1.003059581
29/1/2014 0:00,0.575008,1.003385288
30/1/2014 0:00,0.573679,0.997688728
31/1/2014 0:00,0.57865,1.008665125
3/2/2014 0:00,0.580463,1.003133155
4/2/2014 0:00,0.57978,0.998823353
5/2/2014 0:00,0.583374,1.006198903
6/2/2014 0:00,0.58273,0.998896077
7/2/2014 0:00,0.580129,0.995536526
10/2/2014 0:00,0.579011,0.998072842
11/2/2014 0:00,0.576889,0.99633513
12/2/2014 0:00,0.578604,1.002972842
13/2/2014 0:00,0.581426,1.004877256
14/2/2014 0:00,0.578027,0.994154028
17/2/2014 0:00,0.579986,1.003389115
18/2/2014 0:00,0.579551,0.999249982
19/2/2014 0:00,0.57599,0.993855588
20/2/2014 0:00,0.57629,1.000520842
21/2/2014 0:00,0.576487,1.000341842
24/2/2014 0:00,0.574487,0.996530711
25/2/2014 0:00,0.576546,1.003584067
26/2/2014 0:00,0.575351,0.997927312
27/2/2014 0:00,0.577268,1.003331879
28/2/2014 0:00,0.576963,0.999471649
3/3/2014 0:00,0.571914,0.991249006
4/3/2014 0:00,0.573237,1.002313285
5/3/2014 0:00,0.573493,1.000446587
6/3/2014 0:00,0.573694,1.000350484
7/3/2014 0:00,0.571119,0.995511544
10/3/2014 0:00,0.568188,0.99486797
11/3/2014 0:00,0.568296,1.000190078
12/3/2014 0:00,0.569314,1.00179132
13/3/2014 0:00,0.567637,0.99705435
14/3/2014 0:00,0.56941,1.003123475
17/3/2014 0:00,0.568038,0.997590488
18/3/2014 0:00,0.567916,0.999785226
19/3/2014 0:00,0.568115,1.000350404
20/3/2014 0:00,0.56823,1.000202424
21/3/2014 0:00,0.56812,0.999806416
24/3/2014 0:00,0.569137,1.001790115
25/3/2014 0:00,0.568632,0.999112692
26/3/2014 0:00,0.570735,1.00369835
27/3/2014 0:00,0.572617,1.003297502
28/3/2014 0:00,0.576068,1.006026716
30/3/2014 0:00,0.577432,1.002367776
31/3/2014 0:00,0.576888,0.999057898
1/4/2014 0:00,0.57544,0.997489981
2/4/2014 0:00,0.575637,1.000342347
3/4/2014 0:00,0.577088,1.002520686
6/4/2014 0:00,0.579664,1.004463791
7/4/2014 0:00,0.577721,0.996648058
8/4/2014 0:00,0.579264,1.002670839
9/4/2014 0:00,0.578922,0.999409596
10/4/2014 0:00,0.576307,0.995482984
13/4/2014 0:00,0.57847,1.003753208
14/4/2014 0:00,0.577583,0.998466645
15/4/2014 0:00,0.577835,1.000436301
16/4/2014 0:00,0.578576,1.001282373
17/4/2014 0:00,0.577947,0.998912848
20/4/2014 0:00,0.578008,1.000105546
21/4/2014 0:00,0.578739,1.001264688
22/4/2014 0:00,0.576613,0.996326496
23/4/2014 0:00,0.576469,0.999750266
24/4/2014 0:00,0.574964,0.997389279
27/4/2014 0:00,0.575151,1.000325238
28/4/2014 0:00,0.574573,0.998995047
29/4/2014 0:00,0.576695,1.003693177
30/4/2014 0:00,0.575472,0.997879295
1/5/2014 0:00,0.575409,0.999890525
4/5/2014 0:00,0.57611,1.001218264
5/5/2014 0:00,0.576794,1.001187273
6/5/2014 0:00,0.575691,0.998087705
7/5/2014 0:00,0.575291,0.999305183
8/5/2014 0:00,0.579283,1.006939097
11/5/2014 0:00,0.581689,1.00415341
12/5/2014 0:00,0.581369,0.999449878
13/5/2014 0:00,0.582725,1.002332426
14/5/2014 0:00,0.583046,1.00055086
15/5/2014 0:00,0.582271,0.998670774
18/5/2014 0:00,0.583693,1.002442162
19/5/2014 0:00,0.583091,0.998968636
20/5/2014 0:00,0.582384,0.998787496
21/5/2014 0:00,0.584047,1.002855504
22/5/2014 0:00,0.585074,1.00175842
25/5/2014 0:00,0.585666,1.001011838
26/5/2014 0:00,0.584663,0.99828742
27/5/2014 0:00,0.583824,0.998564985
28/5/2014 0:00,0.585918,1.003586697
29/5/2014 0:00,0.586206,1.000491536
1/6/2014 0:00,0.584988,0.997922232
2/6/2014 0:00,0.584995,1.000011966
3/6/2014 0:00,0.584266,0.998753836
4/6/2014 0:00,0.5844,1.000229348
5/6/2014 0:00,0.584194,0.999647502
8/6/2014 0:00,0.585742,1.002649805
9/6/2014 0:00,0.588458,1.004636854
10/6/2014 0:00,0.591008,1.004333359
11/6/2014 0:00,0.590845,0.9997242
12/6/2014 0:00,0.591239,1.000666842
15/6/2014 0:00,0.590616,0.998946281
16/6/2014 0:00,0.588993,0.997252022
17/6/2014 0:00,0.58904,1.000079797
18/6/2014 0:00,0.589258,1.000370094
19/6/2014 0:00,0.588073,0.997988996
22/6/2014 0:00,0.588814,1.001260048
23/6/2014 0:00,0.588953,1.000236068
24/6/2014 0:00,0.588328,0.998938795
25/6/2014 0:00,0.587374,0.998378456
26/6/2014 0:00,0.587761,1.000658865
29/6/2014 0:00,0.586456,0.99777971
30/6/2014 0:00,0.585758,0.9988098
1/7/2014 0:00,0.586958,1.002048628
2/7/2014 0:00,0.587197,1.000407184
3/7/2014 0:00,0.589228,1.003458805
6/7/2014 0:00,0.590858,1.002766332
7/7/2014 0:00,0.589699,0.998038446
8/7/2014 0:00,0.590961,1.002140075
9/7/2014 0:00,0.59056,0.999321444
10/7/2014 0:00,0.591946,1.002346925
13/7/2014 0:00,0.592213,1.000451055
14/7/2014 0:00,0.591584,0.998937882
15/7/2014 0:00,0.592429,1.001428369
16/7/2014 0:00,0.595108,1.004522061
17/7/2014 0:00,0.594804,0.999489168
20/7/2014 0:00,0.595563,1.001276051
21/7/2014 0:00,0.59636,1.00133823
22/7/2014 0:00,0.599022,1.004463747
23/7/2014 0:00,0.600391,1.002285392
24/7/2014 0:00,0.598834,0.99740669
27/7/2014 0:00,0.599903,1.001785136
28/7/2014 0:00,0.599249,0.998909824
29/7/2014 0:00,0.600092,1.001406761
30/7/2014 0:00,0.599754,0.999436753
31/7/2014 0:00,0.598633,0.9981309
3/8/2014 0:00,0.597291,0.997758226
4/8/2014 0:00,0.597945,1.001094944
5/8/2014 0:00,0.599298,1.00226275
6/8/2014 0:00,0.598672,0.998955445
7/8/2014 0:00,0.597771,0.998495002
10/8/2014 0:00,0.596522,0.997910571
11/8/2014 0:00,0.597875,1.002268148
12/8/2014 0:00,0.598265,1.00065231
13/8/2014 0:00,0.599018,1.00125864
14/8/2014 0:00,0.600473,1.002428975
17/8/2014 0:00,0.599945,0.999120693
18/8/2014 0:00,0.601302,1.002261874
19/8/2014 0:00,0.601855,1.000919671
20/8/2014 0:00,0.602886,1.001713037
21/8/2014 0:00,0.602696,0.999684849
24/8/2014 0:00,0.605824,1.005190013
25/8/2014 0:00,0.606233,1.000675114
26/8/2014 0:00,0.607845,1.002659044
27/8/2014 0:00,0.607827,0.999970387
28/8/2014 0:00,0.607092,0.998790774
31/8/2014 0:00,0.609821,1.0044952
1/9/2014 0:00,0.609415,0.999334231
2/9/2014 0:00,0.607504,0.996864206
3/9/2014 0:00,0.60761,1.000174484
4/9/2014 0:00,0.615747,1.013391814
7/9/2014 0:00,0.615743,0.999993504
8/9/2014 0:00,0.61627,1.000855877
9/9/2014 0:00,0.612324,0.993596962
10/9/2014 0:00,0.613058,1.001198712
11/9/2014 0:00,0.612391,0.998912012
14/9/2014 0:00,0.610206,0.996432018
15/9/2014 0:00,0.611492,1.002107485
16/9/2014 0:00,0.612254,1.001246132
17/9/2014 0:00,0.613261,1.001644742
18/9/2014 0:00,0.610633,0.995714712
21/9/2014 0:00,0.614965,1.007094278
22/9/2014 0:00,0.613263,0.997232363
23/9/2014 0:00,0.613517,1.000414178
24/9/2014 0:00,0.617175,1.005962345
25/9/2014 0:00,0.617505,1.000534694
28/9/2014 0:00,0.618704,1.001941685
29/9/2014 0:00,0.61837,0.999460162
30/9/2014 0:00,0.620617,1.003633747
1/10/2014 0:00,0.622602,1.00319843
2/10/2014 0:00,0.620454,0.996549963
5/10/2014 0:00,0.623594,1.00506081
6/10/2014 0:00,0.619864,0.994018544
7/10/2014 0:00,0.619008,0.998619052
8/10/2014 0:00,0.616483,0.995920893
9/10/2014 0:00,0.619516,1.004919844
12/10/2014 0:00,0.620724,1.001949909
13/10/2014 0:00,0.618304,0.996101327
14/10/2014 0:00,0.62,1.002742987
15/10/2014 0:00,0.61283,0.988435484
16/10/2014 0:00,0.612894,1.000104434
19/10/2014 0:00,0.615589,1.004397171
20/10/2014 0:00,0.615333,0.999584138
21/10/2014 0:00,0.618514,1.005169559
22/10/2014 0:00,0.621387,1.004645004
23/10/2014 0:00,0.61936,0.996737943
27/10/2014 0:00,0.618429,0.998496835
28/10/2014 0:00,0.617692,0.998808271
29/10/2014 0:00,0.616881,0.998687048
30/10/2014 0:00,0.619189,1.003741402
31/10/2014 0:00,0.620668,1.002388608
3/11/2014 0:00,0.621551,1.001422661
4/11/2014 0:00,0.620241,0.997892369
5/11/2014 0:00,0.618368,0.996980206
6/11/2014 0:00,0.619366,1.001613926
7/11/2014 0:00,0.623461,1.0066116
10/11/2014 0:00,0.622865,0.999044046
11/11/2014 0:00,0.623443,1.00092797
12/11/2014 0:00,0.620587,0.995418988
13/11/2014 0:00,0.623352,1.004455459
14/11/2014 0:00,0.6202,0.994943467
17/11/2014 0:00,0.614969,0.991565624
18/11/2014 0:00,0.618683,1.006039329
19/11/2014 0:00,0.614559,0.993334228
20/11/2014 0:00,0.612301,0.996325821
21/11/2014 0:00,0.612903,1.000983177
24/11/2014 0:00,0.62227,1.015283006
25/11/2014 0:00,0.617216,0.991878124
26/11/2014 0:00,0.616614,0.999024653
27/11/2014 0:00,0.616007,0.999015592
28/11/2014 0:00,0.617247,1.002012964
1/12/2014 0:00,0.615202,0.996686902
2/12/2014 0:00,0.614056,0.998137197
3/12/2014 0:00,0.615873,1.002959014
4/12/2014 0:00,0.618839,1.004815928
5/12/2014 0:00,0.615476,0.99456563
8/12/2014 0:00,0.615317,0.999741663
9/12/2014 0:00,0.615766,1.000729705
10/12/2014 0:00,0.613194,0.995823089
11/12/2014 0:00,0.612434,0.998760588
12/12/2014 0:00,0.614156,1.002811732
15/12/2014 0:00,0.611973,0.996445528
16/12/2014 0:00,0.612775,1.001310515
17/12/2014 0:00,0.613608,1.00135939
18/12/2014 0:00,0.617676,1.00662964
19/12/2014 0:00,0.619166,1.002412268
22/12/2014 0:00,0.62183,1.004302562
23/12/2014 0:00,0.620021,0.997090845
24/12/2014 0:00,0.619754,0.999569369
25/12/2014 0:00,0.620267,1.000827748
26/12/2014 0:00,0.619263,0.998381342
29/12/2014 0:00,0.620905,1.002651539
30/12/2014 0:00,0.621505,1.000966331
31/12/2014 0:00,0.62227,1.001230883
1/1/2015 0:00,0.624322,1.003297604
2/1/2015 0:00,0.624855,1.000853726
5/1/2015 0:00,0.627371,1.004026534
6/1/2015 0:00,0.627737,1.000583387
7/1/2015 0:00,0.631235,1.005572397
8/1/2015 0:00,0.631799,1.000893487
9/1/2015 0:00,0.63372,1.003040524
12/1/2015 0:00,0.632815,0.998571925
13/1/2015 0:00,0.633128,1.000494615
14/1/2015 0:00,0.6367,1.005641829
15/1/2015 0:00,0.636111,0.999074918
16/1/2015 0:00,0.649185,1.020553017
19/1/2015 0:00,0.651672,1.003830957
20/1/2015 0:00,0.646759,0.992460931
21/1/2015 0:00,0.647136,1.000582906
22/1/2015 0:00,0.64464,0.996143005
23/1/2015 0:00,0.657768,1.020364855
26/1/2015 0:00,0.667543,1.014860863
27/1/2015 0:00,0.661762,0.991339884
28/1/2015 0:00,0.656843,0.992566814
29/1/2015 0:00,0.65483,0.996935341
30/1/2015 0:00,0.652157,0.995918025
2/2/2015 0:00,0.654016,1.002850541
3/2/2015 0:00,0.652198,0.997220251
4/2/2015 0:00,0.648396,0.994170482
5/2/2015 0:00,0.655316,1.01067249
6/2/2015 0:00,0.6484,0.989446313
9/2/2015 0:00,0.653155,1.007333436
10/2/2015 0:00,0.652156,0.998470501
11/2/2015 0:00,0.651958,0.999696392
12/2/2015 0:00,0.650091,0.997136319
13/2/2015 0:00,0.646917,0.995117607
16/2/2015 0:00,0.64753,1.000947571
17/2/2015 0:00,0.650122,1.004002903
18/2/2015 0:00,0.646639,0.994642544
19/2/2015 0:00,0.646514,0.999806693
20/2/2015 0:00,0.647539,1.001585426
23/2/2015 0:00,0.645854,0.99739784
24/2/2015 0:00,0.6491,1.005025904
25/2/2015 0:00,0.649753,1.001006008
26/2/2015 0:00,0.650147,1.000606384
27/2/2015 0:00,0.657838,1.011829632
2/3/2015 0:00,0.656606,0.998127198
3/3/2015 0:00,0.654935,0.997455095
4/3/2015 0:00,0.656617,1.002568194
5/3/2015 0:00,0.660151,1.005382133
6/3/2015 0:00,0.661256,1.001673859
9/3/2015 0:00,0.668702,1.011260389
10/3/2015 0:00,0.66848,0.999668014
11/3/2015 0:00,0.672471,1.005970261
12/3/2015 0:00,0.683219,1.015982845
13/3/2015 0:00,0.681646,0.997697664
16/3/2015 0:00,0.685489,1.005637824
17/3/2015 0:00,0.680821,0.993190263
18/3/2015 0:00,0.679531,0.998105229
19/3/2015 0:00,0.668936,0.984408364
20/3/2015 0:00,0.676087,1.010690111
23/3/2015 0:00,0.670405,0.991595756
24/3/2015 0:00,0.668027,0.99645289
25/3/2015 0:00,0.670708,1.004013311
26/3/2015 0:00,0.665784,0.992658504
27/3/2015 0:00,0.670702,1.00738678
29/3/2015 0:00,0.670604,0.999853884
30/3/2015 0:00,0.671149,1.0008127
31/3/2015 0:00,0.678138,1.010413485
1/4/2015 0:00,0.68129,1.004648021
2/4/2015 0:00,0.677872,0.994983047
5/4/2015 0:00,0.674118,0.994462081
6/4/2015 0:00,0.674233,1.000170593
7/4/2015 0:00,0.679374,1.007624961
8/4/2015 0:00,0.683773,1.006475079
9/4/2015 0:00,0.689676,1.008632982
12/4/2015 0:00,0.689092,0.999153226
13/4/2015 0:00,0.689471,1.000549999
14/4/2015 0:00,0.69043,1.001390921
15/4/2015 0:00,0.690542,1.000162218
16/4/2015 0:00,0.688153,0.996540399
19/4/2015 0:00,0.689025,1.00126716
20/4/2015 0:00,0.690112,1.001577592
21/4/2015 0:00,0.688853,0.998175658
22/4/2015 0:00,0.691804,1.004283933
23/4/2015 0:00,0.688535,0.995274673
26/4/2015 0:00,0.69049,1.002839362
27/4/2015 0:00,0.692654,1.003134006
28/4/2015 0:00,0.691676,0.99858804
29/4/2015 0:00,0.680976,0.984530329
30/4/2015 0:00,0.673619,0.989196389
3/5/2015 0:00,0.672049,0.997669306
4/5/2015 0:00,0.673381,1.001981998
5/5/2015 0:00,0.671124,0.996648257
6/5/2015 0:00,0.666334,0.99286272
7/5/2015 0:00,0.667265,1.001397197
10/5/2015 0:00,0.67154,1.00640675
11/5/2015 0:00,0.671197,0.999489234
12/5/2015 0:00,0.667873,0.995047654
13/5/2015 0:00,0.66456,0.995039476
14/5/2015 0:00,0.664426,0.999798363
17/5/2015 0:00,0.661814,0.996068787
18/5/2015 0:00,0.665012,1.004832173
19/5/2015 0:00,0.672113,1.010678003
20/5/2015 0:00,0.674069,1.002910225
21/5/2015 0:00,0.673961,0.999839779
24/5/2015 0:00,0.680305,1.009413008
25/5/2015 0:00,0.679251,0.998450695
26/5/2015 0:00,0.680793,1.002270148
27/5/2015 0:00,0.67907,0.997469128
28/5/2015 0:00,0.676699,0.99650846
31/5/2015 0:00,0.676516,0.99972957
1/6/2015 0:00,0.675048,0.997830059
2/6/2015 0:00,0.665164,0.985358078
3/6/2015 0:00,0.661014,0.993760937
4/6/2015 0:00,0.661833,1.001239006
7/6/2015 0:00,0.662818,1.001488291
8/6/2015 0:00,0.654753,0.987832256
9/6/2015 0:00,0.654937,1.000281022
10/6/2015 0:00,0.658047,1.004748548
11/6/2015 0:00,0.661376,1.005058909
14/6/2015 0:00,0.662792,1.002140991
15/6/2015 0:00,0.658581,0.993646574
16/6/2015 0:00,0.662264,1.005592327
17/6/2015 0:00,0.658217,0.993889144
18/6/2015 0:00,0.659045,1.001257944
21/6/2015 0:00,0.658958,0.999867991
22/6/2015 0:00,0.659672,1.001083529
23/6/2015 0:00,0.667686,1.012148462
24/6/2015 0:00,0.664438,0.995135438
25/6/2015 0:00,0.66474,1.000454519
28/6/2015 0:00,0.672577,1.011789572
29/6/2015 0:00,0.661541,0.98359147
30/6/2015 0:00,0.666521,1.007527878
1/7/2015 0:00,0.669835,1.004972086
2/7/2015 0:00,0.668812,0.998472758
5/7/2015 0:00,0.672921,1.006143729
6/7/2015 0:00,0.670499,0.996400766
7/7/2015 0:00,0.670686,1.000278897
8/7/2015 0:00,0.668651,0.996965793
9/7/2015 0:00,0.669761,1.001660059
12/7/2015 0:00,0.664987,0.992872084
13/7/2015 0:00,0.669965,1.007485861
14/7/2015 0:00,0.667644,0.99653564
15/7/2015 0:00,0.668995,1.002023533
16/7/2015 0:00,0.672467,1.005189874
19/7/2015 0:00,0.674552,1.003100524
20/7/2015 0:00,0.673124,0.997883039
21/7/2015 0:00,0.670392,0.995941312
22/7/2015 0:00,0.670285,0.999840392
23/7/2015 0:00,0.664738,0.991724416
26/7/2015 0:00,0.664223,0.999225259
27/7/2015 0:00,0.65863,0.991579635
28/7/2015 0:00,0.662884,1.006458862
29/7/2015 0:00,0.664737,1.002795361
30/7/2015 0:00,0.665061,1.000487411
2/8/2015 0:00,0.664088,0.998536976
3/8/2015 0:00,0.662654,0.997840648
4/8/2015 0:00,0.664693,1.003077021
5/8/2015 0:00,0.66282,0.997182158
6/8/2015 0:00,0.661448,0.997930056
9/8/2015 0:00,0.658724,0.995881762
10/8/2015 0:00,0.65669,0.996912212
11/8/2015 0:00,0.645933,0.983619364
12/8/2015 0:00,0.640443,0.991500666
13/8/2015 0:00,0.641424,1.001531752
16/8/2015 0:00,0.640767,0.998975717
17/8/2015 0:00,0.641525,1.001182957
18/8/2015 0:00,0.645673,1.006465843
19/8/2015 0:00,0.64155,0.993614415
20/8/2015 0:00,0.634262,0.988640012
23/8/2015 0:00,0.621769,0.980303092
24/8/2015 0:00,0.612234,0.984664723
25/8/2015 0:00,0.616705,1.007302763
26/8/2015 0:00,0.627731,1.017878889
27/8/2015 0:00,0.635208,1.011911153
30/8/2015 0:00,0.632871,0.99632089
31/8/2015 0:00,0.631831,0.998356695
1/9/2015 0:00,0.626535,0.991618012
2/9/2015 0:00,0.629994,1.005520841
3/9/2015 0:00,0.634773,1.007585787
6/9/2015 0:00,0.629922,0.992357898
7/9/2015 0:00,0.627805,0.996639266
8/9/2015 0:00,0.629778,1.003142696
9/9/2015 0:00,0.627427,0.996266939
10/9/2015 0:00,0.626846,0.999073996
13/9/2015 0:00,0.624363,0.9960389
14/9/2015 0:00,0.629241,1.007812763
15/9/2015 0:00,0.632604,1.005344534
16/9/2015 0:00,0.634043,1.002274725
17/9/2015 0:00,0.628098,0.990623664
20/9/2015 0:00,0.632413,1.006869947
22/9/2015 0:00,0.63437,1.003094497
23/9/2015 0:00,0.626721,0.987942368
24/9/2015 0:00,0.62795,1.001961
27/9/2015 0:00,0.62622,0.997245004
28/9/2015 0:00,0.622276,0.993701894
29/9/2015 0:00,0.62237,1.000151058
30/9/2015 0:00,0.628782,1.010302553
1/10/2015 0:00,0.624523,0.993226587
4/10/2015 0:00,0.621978,0.99592489
5/10/2015 0:00,0.628856,1.011058269
6/10/2015 0:00,0.624627,0.99327509
7/10/2015 0:00,0.630255,1.009010177
8/10/2015 0:00,0.631265,1.001602526
11/10/2015 0:00,0.628904,0.996259891
12/10/2015 0:00,0.628617,0.999543651
13/10/2015 0:00,0.626967,0.99737519
14/10/2015 0:00,0.632238,1.008407141
15/10/2015 0:00,0.637381,1.008134595
18/10/2015 0:00,0.636314,0.998325962
19/10/2015 0:00,0.635413,0.998584032
20/10/2015 0:00,0.6332,0.996517226
21/10/2015 0:00,0.632603,0.99905717
22/10/2015 0:00,0.647242,1.023140896
26/10/2015 0:00,0.649821,1.003984599
27/10/2015 0:00,0.649253,0.999125913
28/10/2015 0:00,0.648942,0.999520988
29/10/2015 0:00,0.652588,1.005618376
30/10/2015 0:00,0.648441,0.993645301
2/11/2015 0:00,0.64778,0.998980632
3/11/2015 0:00,0.649228,1.002235327
4/11/2015 0:00,0.653334,1.006324435
5/11/2015 0:00,0.655756,1.003707139
6/11/2015 0:00,0.653271,0.996210481
9/11/2015 0:00,0.655575,1.003526867
10/11/2015 0:00,0.653552,0.996914159
11/11/2015 0:00,0.655524,1.003017357
12/11/2015 0:00,0.654976,0.999164028
13/11/2015 0:00,0.652193,0.995750989
16/11/2015 0:00,0.655786,1.005509105
17/11/2015 0:00,0.657829,1.003115346
18/11/2015 0:00,0.659625,1.002730193
19/11/2015 0:00,0.659868,1.000368391
20/11/2015 0:00,0.659746,0.999815115
23/11/2015 0:00,0.665161,1.008207704
24/11/2015 0:00,0.662925,0.996638408
25/11/2015 0:00,0.666603,1.005548139
26/11/2015 0:00,0.670189,1.005379514
27/11/2015 0:00,0.669892,0.999556841
30/11/2015 0:00,0.668702,0.998223594
1/12/2015 0:00,0.670725,1.003025264
2/12/2015 0:00,0.669227,0.997766596
3/12/2015 0:00,0.667493,0.997408951
4/12/2015 0:00,0.656263,0.983175854
7/12/2015 0:00,0.657154,1.001357687
8/12/2015 0:00,0.656174,0.998508721
9/12/2015 0:00,0.652131,0.993838525
10/12/2015 0:00,0.64634,0.991119882
11/12/2015 0:00,0.650931,1.007103073
14/12/2015 0:00,0.644317,0.989839169
15/12/2015 0:00,0.646017,1.002638453
16/12/2015 0:00,0.650672,1.007205693
17/12/2015 0:00,0.651986,1.002019451
18/12/2015 0:00,0.650402,0.9975705
21/12/2015 0:00,0.65144,1.001595936
22/12/2015 0:00,0.651073,0.999436633
23/12/2015 0:00,0.650516,0.999144489
24/12/2015 0:00,0.652692,1.003345037
25/12/2015 0:00,0.649334,0.994855154
28/12/2015 0:00,0.64931,0.999963039
29/12/2015 0:00,0.647576,0.997329473
30/12/2015 0:00,0.648115,1.000832335
31/12/2015 0:00,0.646561,0.997602277
1/1/2016 0:00,0.648843,1.003529443
4/1/2016 0:00,0.649503,1.001017195
5/1/2016 0:00,0.647656,0.997156287
6/1/2016 0:00,0.652248,1.007090184
7/1/2016 0:00,0.646101,0.990575671
8/1/2016 0:00,0.63874,0.988607044
11/1/2016 0:00,0.633168,0.991276576
12/1/2016 0:00,0.641963,1.013890468
13/1/2016 0:00,0.641719,0.999619916
14/1/2016 0:00,0.63866,0.995233116
15/1/2016 0:00,0.641063,1.003762565
18/1/2016 0:00,0.636048,0.992177056
19/1/2016 0:00,0.6381,1.003226172
20/1/2016 0:00,0.637711,0.999390378
21/1/2016 0:00,0.63982,1.003307141
22/1/2016 0:00,0.642344,1.003944859
25/1/2016 0:00,0.647958,1.008739865
26/1/2016 0:00,0.643867,0.993686319
27/1/2016 0:00,0.645204,1.002076516
28/1/2016 0:00,0.639972,0.991890937
29/1/2016 0:00,0.640574,1.000940666
1/2/2016 0:00,0.648495,1.012365472
2/2/2016 0:00,0.644773,0.994260557
3/2/2016 0:00,0.640355,0.993147976
4/2/2016 0:00,0.636443,0.993890889
5/2/2016 0:00,0.639182,1.004303606
8/2/2016 0:00,0.637544,0.99743735
9/2/2016 0:00,0.635259,0.996415934
10/2/2016 0:00,0.633826,0.997744227
11/2/2016 0:00,0.637271,1.005435246
12/2/2016 0:00,0.635817,0.997718396
15/2/2016 0:00,0.637818,1.003147132
16/2/2016 0:00,0.63988,1.003232897
17/2/2016 0:00,0.638424,0.997724573
18/2/2016 0:00,0.640123,1.002661241
19/2/2016 0:00,0.641247,1.001755913
22/2/2016 0:00,0.639156,0.996739166
23/2/2016 0:00,0.647936,1.013736865
24/2/2016 0:00,0.644054,0.994008668
25/2/2016 0:00,0.646455,1.003727948
26/2/2016 0:00,0.647499,1.001614962
29/2/2016 0:00,0.649778,1.003519697
1/3/2016 0:00,0.653879,1.006311386
2/3/2016 0:00,0.656312,1.003720872
3/3/2016 0:00,0.657785,1.002244359
4/3/2016 0:00,0.65746,0.999505918
7/3/2016 0:00,0.66078,1.005049737
8/3/2016 0:00,0.658067,0.995894246
9/3/2016 0:00,0.655799,0.996553542
10/3/2016 0:00,0.65848,1.004088143
11/3/2016 0:00,0.648016,0.984108857
14/3/2016 0:00,0.651902,1.005996766
15/3/2016 0:00,0.654441,1.003894757
16/3/2016 0:00,0.65173,0.995857533
17/3/2016 0:00,0.652296,1.000868458
18/3/2016 0:00,0.654012,1.002630708
21/3/2016 0:00,0.652906,0.9983089
22/3/2016 0:00,0.653989,1.001658738
23/3/2016 0:00,0.655025,1.001584125
24/3/2016 0:00,0.6542,0.998740506
25/3/2016 0:00,0.654198,0.999996943
27/3/2016 0:00,0.652924,0.998052577
28/3/2016 0:00,0.652372,0.999154572
29/3/2016 0:00,0.65383,1.002234921
30/3/2016 0:00,0.652986,0.998709145
31/3/2016 0:00,0.651769,0.998136254
3/4/2016 0:00,0.650915,0.99868972
4/4/2016 0:00,0.649102,0.99721469
5/4/2016 0:00,0.64826,0.998702823
6/4/2016 0:00,0.65139,1.00482831
7/4/2016 0:00,0.649863,0.997655782
10/4/2016 0:00,0.650598,1.001131008
11/4/2016 0:00,0.652017,1.00218107
12/4/2016 0:00,0.653763,1.002677844
13/4/2016 0:00,0.656595,1.004331845
14/4/2016 0:00,0.651246,0.991853426
17/4/2016 0:00,0.65007,0.998194231
18/4/2016 0:00,0.655024,1.007620718
19/4/2016 0:00,0.657669,1.00403802
20/4/2016 0:00,0.658277,1.000924477
21/4/2016 0:00,0.656262,0.996938979
24/4/2016 0:00,0.657359,1.001671588
25/4/2016 0:00,0.656339,0.998448336
26/4/2016 0:00,0.654966,0.997908093
27/4/2016 0:00,0.654674,0.999554175
28/4/2016 0:00,0.655048,1.000571277
1/5/2016 0:00,0.64923,0.991118208
2/5/2016 0:00,0.646938,0.996469664
3/5/2016 0:00,0.643248,0.994296208
4/5/2016 0:00,0.640917,0.996376203
5/5/2016 0:00,0.645556,1.007238067
8/5/2016 0:00,0.645022,0.999172806
9/5/2016 0:00,0.640085,0.992345998
10/5/2016 0:00,0.642584,1.003904169
11/5/2016 0:00,0.640133,0.996185713
12/5/2016 0:00,0.640103,0.999953135
15/5/2016 0:00,0.643675,1.005580352
16/5/2016 0:00,0.645324,1.002561852
17/5/2016 0:00,0.644796,0.999181806
18/5/2016 0:00,0.644926,1.000201614
19/5/2016 0:00,0.647027,1.003257738
22/5/2016 0:00,0.645297,0.997326232
23/5/2016 0:00,0.646752,1.002254776
24/5/2016 0:00,0.64981,1.004728242
25/5/2016 0:00,0.65014,1.000507841
26/5/2016 0:00,0.650506,1.000562956
29/5/2016 0:00,0.652234,1.002656394
30/5/2016 0:00,0.650356,0.997120665
31/5/2016 0:00,0.651932,1.002423288
1/6/2016 0:00,0.648919,0.995378352
2/6/2016 0:00,0.651908,1.004606122
5/6/2016 0:00,0.648485,0.994749259
6/6/2016 0:00,0.649252,1.001182757
7/6/2016 0:00,0.651471,1.003417779
8/6/2016 0:00,0.651189,0.999567133
9/6/2016 0:00,0.652689,1.002303479
12/6/2016 0:00,0.653696,1.001542848
13/6/2016 0:00,0.653108,0.999100499
14/6/2016 0:00,0.657874,1.007297415
15/6/2016 0:00,0.657394,0.999270377
16/6/2016 0:00,0.659863,1.003755739
19/6/2016 0:00,0.655066,0.992730309
20/6/2016 0:00,0.657656,1.0039538
21/6/2016 0:00,0.662004,1.006611359
22/6/2016 0:00,0.65999,0.996957722
23/6/2016 0:00,0.6572,0.995772663
26/6/2016 0:00,0.667711,1.015993609
27/6/2016 0:00,0.66662,0.99836606
28/6/2016 0:00,0.667643,1.001534607
29/6/2016 0:00,0.667362,0.999579116
30/6/2016 0:00,0.668386,1.0015344
3/7/2016 0:00,0.66762,0.998853956
4/7/2016 0:00,0.666266,0.9979719
5/7/2016 0:00,0.668084,1.00272864
6/7/2016 0:00,0.667284,0.998802546
7/7/2016 0:00,0.669633,1.00352024
10/7/2016 0:00,0.672722,1.004612975
11/7/2016 0:00,0.669277,0.994879014
12/7/2016 0:00,0.671086,1.002702917
13/7/2016 0:00,0.668866,0.996691929
14/7/2016 0:00,0.670132,1.001892756
17/7/2016 0:00,0.671601,1.002192105
18/7/2016 0:00,0.669625,0.997057777
19/7/2016 0:00,0.670623,1.001490386
20/7/2016 0:00,0.66871,0.997147429
21/7/2016 0:00,0.669365,1.000979498
24/7/2016 0:00,0.670827,1.00218416
25/7/2016 0:00,0.667929,0.995679959
26/7/2016 0:00,0.670196,1.003394073
27/7/2016 0:00,0.669444,0.99887794
28/7/2016 0:00,0.666925,0.996237176
31/7/2016 0:00,0.667121,1.000293886
1/8/2016 0:00,0.667017,0.999844106
2/8/2016 0:00,0.664867,0.996776694
3/8/2016 0:00,0.668371,1.005270227
4/8/2016 0:00,0.669342,1.001452786
7/8/2016 0:00,0.669093,0.999627993
8/8/2016 0:00,0.670145,1.001572278
9/8/2016 0:00,0.669201,0.99859135
10/8/2016 0:00,0.667035,0.996763304
11/8/2016 0:00,0.668165,1.001694064
14/8/2016 0:00,0.665552,0.996089289
15/8/2016 0:00,0.66579,1.000357598
16/8/2016 0:00,0.662201,0.994609411
17/8/2016 0:00,0.660069,0.996780434
18/8/2016 0:00,0.657694,0.996401891
21/8/2016 0:00,0.656043,0.997489714
22/8/2016 0:00,0.654136,0.997093178
23/8/2016 0:00,0.65494,1.001229102
24/8/2016 0:00,0.655324,1.000586313
25/8/2016 0:00,0.654968,0.999456757
28/8/2016 0:00,0.656283,1.002007732
29/8/2016 0:00,0.657543,1.001919903
30/8/2016 0:00,0.657698,1.000235726
31/8/2016 0:00,0.657953,1.000387716
1/9/2016 0:00,0.656722,0.998129046
4/9/2016 0:00,0.658653,1.002940361
5/9/2016 0:00,0.660712,1.003126077
6/9/2016 0:00,0.660718,1.000009081
7/9/2016 0:00,0.660426,0.999558057
8/9/2016 0:00,0.657044,0.994879063
11/9/2016 0:00,0.654192,0.995659347
12/9/2016 0:00,0.656093,1.002905875
13/9/2016 0:00,0.652087,0.993894158
14/9/2016 0:00,0.652359,1.000417122
15/9/2016 0:00,0.653254,1.001371944
18/9/2016 0:00,0.655375,1.003246823
19/9/2016 0:00,0.656802,1.002177379
20/9/2016 0:00,0.658833,1.003092256
21/9/2016 0:00,0.660037,1.001827474
22/9/2016 0:00,0.657902,0.996765333
25/9/2016 0:00,0.654668,0.995084374
26/9/2016 0:00,0.653473,0.998174647
27/9/2016 0:00,0.655633,1.003305416
28/9/2016 0:00,0.655871,1.000363008
29/9/2016 0:00,0.653149,0.995849794
2/10/2016 0:00,0.652384,0.998828751
3/10/2016 0:00,0.65355,1.001787291
4/10/2016 0:00,0.650667,0.995588708
5/10/2016 0:00,0.651859,1.001831966
6/10/2016 0:00,0.65348,1.002486734
9/10/2016 0:00,0.650649,0.995667809
10/10/2016 0:00,0.652895,1.003451938
11/10/2016 0:00,0.656385,1.005345423
12/10/2016 0:00,0.656158,0.999654166
13/10/2016 0:00,0.655038,0.998293094
16/10/2016 0:00,0.655297,1.000395397
17/10/2016 0:00,0.654365,0.998577744
18/10/2016 0:00,0.657344,1.004552505
19/10/2016 0:00,0.657571,1.000345329
20/10/2016 0:00,0.657856,1.000433413
23/10/2016 0:00,0.659282,1.002167648
24/10/2016 0:00,0.659755,1.000717447
25/10/2016 0:00,0.661791,1.003085994
26/10/2016 0:00,0.658897,0.995627018
27/10/2016 0:00,0.657847,0.998406428
31/10/2016 0:00,0.654573,0.995023159
1/11/2016 0:00,0.655046,1.000722608
2/11/2016 0:00,0.65135,0.994357648
3/11/2016 0:00,0.650947,0.999381285
4/11/2016 0:00,0.650668,0.999571394
7/11/2016 0:00,0.649961,0.998913424
8/11/2016 0:00,0.65131,1.002075509
9/11/2016 0:00,0.654125,1.004322059
10/11/2016 0:00,0.6546,1.000726161
11/11/2016 0:00,0.65087,0.994301864
14/11/2016 0:00,0.653393,1.00387635
15/11/2016 0:00,0.657948,1.006971302
16/11/2016 0:00,0.659092,1.001738739
17/11/2016 0:00,0.660673,1.002398755
18/11/2016 0:00,0.661399,1.001098879
21/11/2016 0:00,0.661931,1.000804356
22/11/2016 0:00,0.660931,0.998489269
23/11/2016 0:00,0.660727,0.999691344
24/11/2016 0:00,0.662036,1.001981151
25/11/2016 0:00,0.66145,0.999114852
28/11/2016 0:00,0.661045,0.999387709
29/11/2016 0:00,0.661649,1.000913705
30/11/2016 0:00,0.659119,0.99617622
1/12/2016 0:00,0.658258,0.998693711
2/12/2016 0:00,0.657997,0.999603499
5/12/2016 0:00,0.663572,1.008472683
6/12/2016 0:00,0.655114,0.987253832
7/12/2016 0:00,0.656777,1.002538489
8/12/2016 0:00,0.6559,0.998664691
9/12/2016 0:00,0.66177,1.008949535
12/12/2016 0:00,0.662136,1.000553062
13/12/2016 0:00,0.65986,0.99656264
14/12/2016 0:00,0.660438,1.000875943
15/12/2016 0:00,0.661267,1.001255228
16/12/2016 0:00,0.665202,1.005950698
19/12/2016 0:00,0.662609,0.996101936
20/12/2016 0:00,0.66372,1.001676705
21/12/2016 0:00,0.666348,1.003959501
22/12/2016 0:00,0.663576,0.995840012
23/12/2016 0:00,0.660852,0.995894969
26/12/2016 0:00,0.661114,1.000396458
27/12/2016 0:00,0.660633,0.99927244
28/12/2016 0:00,0.659543,0.998350067
29/12/2016 0:00,0.661875,1.003535782
30/12/2016 0:00,0.653856,0.987884419
2/1/2017 0:00,0.656494,1.004034527
3/1/2017 0:00,0.658734,1.003412065
4/1/2017 0:00,0.662433,1.005615317
5/1/2017 0:00,0.662018,0.999373522
6/1/2017 0:00,0.660061,0.997043887
9/1/2017 0:00,0.659847,0.999675788
10/1/2017 0:00,0.658213,0.997523668
11/1/2017 0:00,0.659437,1.00185958
12/1/2017 0:00,0.661795,1.003575778
13/1/2017 0:00,0.660667,0.998295545
16/1/2017 0:00,0.6589,0.99732543
17/1/2017 0:00,0.659684,1.001189862
18/1/2017 0:00,0.659192,0.999254188
19/1/2017 0:00,0.658324,0.998683236
20/1/2017 0:00,0.65823,0.999857213
23/1/2017 0:00,0.657083,0.998257448
24/1/2017 0:00,0.655438,0.997496511
25/1/2017 0:00,0.655923,1.000739963
26/1/2017 0:00,0.658133,1.003369298
27/1/2017 0:00,0.656269,0.997167746
30/1/2017 0:00,0.653426,0.995667935
31/1/2017 0:00,0.65753,1.006280742
1/2/2017 0:00,0.656663,0.998681429
2/2/2017 0:00,0.657243,1.000883254
3/2/2017 0:00,0.65812,1.001334362
6/2/2017 0:00,0.658634,1.000781013
7/2/2017 0:00,0.660072,1.002183307
8/2/2017 0:00,0.660251,1.000271183
9/2/2017 0:00,0.660303,1.000078758
10/2/2017 0:00,0.659903,0.999394218
13/2/2017 0:00,0.661636,1.002626144
14/2/2017 0:00,0.66295,1.001985986
15/2/2017 0:00,0.665683,1.004122483
16/2/2017 0:00,0.664782,0.998646503
17/2/2017 0:00,0.661501,0.995064547
20/2/2017 0:00,0.663459,1.002959935
21/2/2017 0:00,0.664364,1.001364063
22/2/2017 0:00,0.667929,1.005366034
23/2/2017 0:00,0.670132,1.003298255
24/2/2017 0:00,0.671051,1.001371372
27/2/2017 0:00,0.674132,1.004591305
28/2/2017 0:00,0.672322,0.997315066
1/3/2017 0:00,0.672937,1.00091474
2/3/2017 0:00,0.672243,0.9989687
3/3/2017 0:00,0.673633,1.002067705
6/3/2017 0:00,0.668147,0.9918561
7/3/2017 0:00,0.669279,1.001694238
8/3/2017 0:00,0.670769,1.002226276
9/3/2017 0:00,0.669137,0.997566972
10/3/2017 0:00,0.665175,0.99407894
13/3/2017 0:00,0.662336,0.99573195
14/3/2017 0:00,0.663243,1.001369396
15/3/2017 0:00,0.666023,1.004191526
16/3/2017 0:00,0.664398,0.997560144
17/3/2017 0:00,0.66228,0.996812152
20/3/2017 0:00,0.664174,1.002859818
21/3/2017 0:00,0.666609,1.003666208
22/3/2017 0:00,0.660496,0.990829707
23/3/2017 0:00,0.66231,1.002746421
24/3/2017 0:00,0.662539,1.00034576
26/3/2017 0:00,0.660371,0.99672774
27/3/2017 0:00,0.660377,1.000009086
28/3/2017 0:00,0.661559,1.001789887
29/3/2017 0:00,0.666428,1.007359888
30/3/2017 0:00,0.669699,1.004908257
2/4/2017 0:00,0.670897,1.001788863
3/4/2017 0:00,0.671289,1.000584292
4/4/2017 0:00,0.669886,0.997909991
5/4/2017 0:00,0.669107,0.998837116
6/4/2017 0:00,0.670004,1.001340593
9/4/2017 0:00,0.672229,1.003320876
10/4/2017 0:00,0.671781,0.99933356
11/4/2017 0:00,0.671644,0.999796064
12/4/2017 0:00,0.671797,1.000227799
13/4/2017 0:00,0.673676,1.002796976
16/4/2017 0:00,0.675245,1.002329013
17/4/2017 0:00,0.672044,0.995259498
18/4/2017 0:00,0.667842,0.993747433
19/4/2017 0:00,0.667575,0.999600205
20/4/2017 0:00,0.667348,0.999659963
23/4/2017 0:00,0.660208,0.989300934
24/4/2017 0:00,0.660628,1.000636163
25/4/2017 0:00,0.656399,0.993598515
26/4/2017 0:00,0.657071,1.001023768
27/4/2017 0:00,0.659018,1.00296315
30/4/2017 0:00,0.656334,0.995927274
1/5/2017 0:00,0.656558,1.00034129
2/5/2017 0:00,0.656421,0.999791336
3/5/2017 0:00,0.657272,1.001296424
4/5/2017 0:00,0.650489,0.989680072
7/5/2017 0:00,0.648459,0.996879271
8/5/2017 0:00,0.651066,1.0040203
9/5/2017 0:00,0.651451,1.000591338
10/5/2017 0:00,0.651718,1.000409854
11/5/2017 0:00,0.653812,1.003213046
14/5/2017 0:00,0.6518,0.996922663
15/5/2017 0:00,0.651727,0.999888002
16/5/2017 0:00,0.646292,0.991660619
17/5/2017 0:00,0.6443,0.996917802
18/5/2017 0:00,0.646143,1.002860469
21/5/2017 0:00,0.643806,0.996383154
22/5/2017 0:00,0.642016,0.997219659
23/5/2017 0:00,0.643125,1.001727371
24/5/2017 0:00,0.643339,1.00033275
25/5/2017 0:00,0.643481,1.000220723
28/5/2017 0:00,0.647062,1.005565044
29/5/2017 0:00,0.647814,1.001162176
30/5/2017 0:00,0.646016,0.997224512
31/5/2017 0:00,0.642811,0.995038823
1/6/2017 0:00,0.643095,1.000441809
4/6/2017 0:00,0.641549,0.997596001
5/6/2017 0:00,0.643312,1.002748036
6/6/2017 0:00,0.643062,0.999611386
7/6/2017 0:00,0.642629,0.999326659
8/6/2017 0:00,0.646565,1.00612484
11/6/2017 0:00,0.645014,0.997601169
12/6/2017 0:00,0.645104,1.000139532
13/6/2017 0:00,0.645727,1.000965736
14/6/2017 0:00,0.648154,1.003758554
15/6/2017 0:00,0.648365,1.00032554
18/6/2017 0:00,0.645119,0.994993561
19/6/2017 0:00,0.646768,1.002556118
20/6/2017 0:00,0.646541,0.999649024
21/6/2017 0:00,0.644782,0.997279368
22/6/2017 0:00,0.645333,1.000854552
25/6/2017 0:00,0.643693,0.997458676
26/6/2017 0:00,0.644308,1.000955424
27/6/2017 0:00,0.636108,0.987273167
28/6/2017 0:00,0.635713,0.999379036
29/6/2017 0:00,0.634069,0.997413927
2/7/2017 0:00,0.636026,1.003086415
3/7/2017 0:00,0.636379,1.000555009
4/7/2017 0:00,0.637129,1.001178543
5/7/2017 0:00,0.638105,1.001531872
6/7/2017 0:00,0.63313,0.992203477
9/7/2017 0:00,0.634501,1.002165432
11/7/2017 0:00,0.630943,0.994392444
12/7/2017 0:00,0.635824,1.00773604
13/7/2017 0:00,0.638667,1.004471363
16/7/2017 0:00,0.636034,0.995877351
17/7/2017 0:00,0.635934,0.999842776
18/7/2017 0:00,0.63359,0.996314083
19/7/2017 0:00,0.633801,1.000333023
20/7/2017 0:00,0.629232,0.992791113
23/7/2017 0:00,0.628628,0.9990401
24/7/2017 0:00,0.630705,1.003304021
25/7/2017 0:00,0.63029,0.999342006
26/7/2017 0:00,0.62874,0.997540815
27/7/2017 0:00,0.629895,1.001837007
30/7/2017 0:00,0.627315,0.995904079
31/7/2017 0:00,0.623925,0.994596016
1/8/2017 0:00,0.622912,0.998376407
2/8/2017 0:00,0.620268,0.99575542
3/8/2017 0:00,0.619862,0.999345444
6/8/2017 0:00,0.62391,1.006530486
7/8/2017 0:00,0.622075,0.997058871
8/8/2017 0:00,0.624114,1.00327774
9/8/2017 0:00,0.623885,0.99963308
10/8/2017 0:00,0.622952,0.998504532
13/8/2017 0:00,0.6217,0.997990214
14/8/2017 0:00,0.622795,1.0017613
15/8/2017 0:00,0.623171,1.00060373
16/8/2017 0:00,0.623136,0.999943836
17/8/2017 0:00,0.624502,1.002192138
20/8/2017 0:00,0.623806,0.998885512
21/8/2017 0:00,0.622093,0.997253954
22/8/2017 0:00,0.624008,1.003078318
23/8/2017 0:00,0.622202,0.997105806
24/8/2017 0:00,0.622269,1.000107682
27/8/2017 0:00,0.617092,0.991680447
28/8/2017 0:00,0.616731,0.999414998
29/8/2017 0:00,0.61646,0.999560586
30/8/2017 0:00,0.619374,1.00472699
31/8/2017 0:00,0.619265,0.999824016
3/9/2017 0:00,0.620036,1.001245024
4/9/2017 0:00,0.619584,0.99927101
5/9/2017 0:00,0.619924,1.000548755
6/9/2017 0:00,0.621114,1.00191959
7/9/2017 0:00,0.620661,0.999270665
10/9/2017 0:00,0.619821,0.998646604
11/9/2017 0:00,0.621057,1.001994124
12/9/2017 0:00,0.620108,0.99847196
13/9/2017 0:00,0.622917,1.004529856
14/9/2017 0:00,0.623187,1.000433445
17/9/2017 0:00,0.622193,0.998404973
18/9/2017 0:00,0.620622,0.99747506
19/9/2017 0:00,0.619139,0.997610462
20/9/2017 0:00,0.623564,1.007147022
21/9/2017 0:00,0.620271,0.994719067
24/9/2017 0:00,0.622287,1.003250192
25/9/2017 0:00,0.624522,1.00359159
26/9/2017 0:00,0.625805,1.002054371
27/9/2017 0:00,0.626091,1.000457011
28/9/2017 0:00,0.624872,0.998052999
1/10/2017 0:00,0.62316,0.997260239
2/10/2017 0:00,0.625828,1.004281404
3/10/2017 0:00,0.625039,0.99873927
4/10/2017 0:00,0.624602,0.999300844
5/10/2017 0:00,0.625875,1.002038098
8/10/2017 0:00,0.624059,0.997098462
9/10/2017 0:00,0.62484,1.001251484
10/10/2017 0:00,0.624333,0.999188592
11/10/2017 0:00,0.622833,0.997597436
12/10/2017 0:00,0.625226,1.003842121
15/10/2017 0:00,0.627037,1.002896553
16/10/2017 0:00,0.626876,0.999743237
17/10/2017 0:00,0.627293,1.000665203
18/10/2017 0:00,0.625129,0.996550256
19/10/2017 0:00,0.622204,0.995320966
,,
