21/10/2007 0:00,0.336084,1
22/10/2007 0:00,0.333468,0.992216232
23/10/2007 0:00,0.333936,1.001403433
24/10/2007 0:00,0.335044,1.003318001
25/10/2007 0:00,0.335444,1.001193873
29/10/2007 0:00,0.334123,0.996061936
30/10/2007 0:00,0.333674,0.998656184
31/10/2007 0:00,0.331966,0.994881231
1/11/2007 0:00,0.331631,0.998990861
2/11/2007 0:00,0.330881,0.99773845
5/11/2007 0:00,0.331347,1.001408361
6/11/2007 0:00,0.331484,1.000413464
7/11/2007 0:00,0.329943,0.995351209
8/11/2007 0:00,0.329632,0.999057413
9/11/2007 0:00,0.331344,1.005193671
12/11/2007 0:00,0.334773,1.010348761
13/11/2007 0:00,0.333728,0.996878482
14/11/2007 0:00,0.336725,1.008980367
15/11/2007 0:00,0.336433,0.999132824
16/11/2007 0:00,0.33565,0.997672642
19/11/2007 0:00,0.336448,1.002377477
20/11/2007 0:00,0.334578,0.994441935
21/11/2007 0:00,0.333547,0.996918506
22/11/2007 0:00,0.334232,1.002053684
23/11/2007 0:00,0.33686,1.007862802
26/11/2007 0:00,0.337476,1.001828653
27/11/2007 0:00,0.335519,0.994201069
28/11/2007 0:00,0.333599,0.994277522
29/11/2007 0:00,0.334865,1.003794975
30/11/2007 0:00,0.335857,1.002962388
3/12/2007 0:00,0.334106,0.994786472
4/12/2007 0:00,0.335883,1.005318671
5/12/2007 0:00,0.340703,1.014350235
6/12/2007 0:00,0.341519,1.002395048
7/12/2007 0:00,0.342403,1.002588436
10/12/2007 0:00,0.339796,0.992386165
11/12/2007 0:00,0.340102,1.00090054
12/12/2007 0:00,0.339064,0.996947974
13/12/2007 0:00,0.339756,1.002040913
14/12/2007 0:00,0.341134,1.004055852
17/12/2007 0:00,0.338866,0.993351586
20/12/2007 0:00,0.345483,1.019526893
21/12/2007 0:00,0.346655,1.003392352
24/12/2007 0:00,0.348212,1.004491497
25/12/2007 0:00,0.347926,0.999178661
26/12/2007 0:00,0.347046,0.997470727
27/12/2007 0:00,0.345809,0.996435631
28/12/2007 0:00,0.347063,1.003626279
31/12/2007 0:00,0.349805,1.007900583
1/1/2008 0:00,0.349465,0.99902803
2/1/2008 0:00,0.350763,1.003714249
3/1/2008 0:00,0.35325,1.007090258
4/1/2008 0:00,0.353115,0.999617834
7/1/2008 0:00,0.354464,1.003820285
8/1/2008 0:00,0.353994,0.998674054
9/1/2008 0:00,0.356958,1.008373023
10/1/2008 0:00,0.356946,0.999966383
11/1/2008 0:00,0.356123,0.997694329
14/1/2008 0:00,0.358112,1.005585149
15/1/2008 0:00,0.356774,0.996263739
16/1/2008 0:00,0.356184,0.998346292
17/1/2008 0:00,0.352946,0.990909193
23/1/2008 0:00,0.357386,1.012579828
24/1/2008 0:00,0.354321,0.991423839
25/1/2008 0:00,0.35449,1.000476969
28/1/2008 0:00,0.354689,1.00056137
29/1/2008 0:00,0.353758,0.997375165
30/1/2008 0:00,0.355134,1.003889665
31/1/2008 0:00,0.354524,0.998282338
1/2/2008 0:00,0.359785,1.014839616
4/2/2008 0:00,0.358195,0.995580694
5/2/2008 0:00,0.358397,1.000563939
6/2/2008 0:00,0.360068,1.004662427
7/2/2008 0:00,0.363221,1.008756679
8/2/2008 0:00,0.362493,0.997995711
11/2/2008 0:00,0.361722,0.997873062
12/2/2008 0:00,0.360326,0.996140683
13/2/2008 0:00,0.359299,0.997149803
14/2/2008 0:00,0.358119,0.996715827
15/2/2008 0:00,0.361128,1.008402235
18/2/2008 0:00,0.363167,1.005646197
19/2/2008 0:00,0.363597,1.001184028
20/2/2008 0:00,0.364977,1.003795411
21/2/2008 0:00,0.3612,0.989651403
22/2/2008 0:00,0.36178,1.001605759
25/2/2008 0:00,0.361915,1.000373155
26/2/2008 0:00,0.358941,0.991782601
27/2/2008 0:00,0.361281,1.006519177
28/2/2008 0:00,0.360968,0.999133638
29/2/2008 0:00,0.360813,0.999570599
3/3/2008 0:00,0.36232,1.004176679
4/3/2008 0:00,0.36248,1.000441599
5/3/2008 0:00,0.361532,0.997384683
6/3/2008 0:00,0.357933,0.990045141
7/3/2008 0:00,0.358291,1.001000187
10/3/2008 0:00,0.358518,1.000633563
11/3/2008 0:00,0.359098,1.001617771
12/3/2008 0:00,0.356691,0.993297094
13/3/2008 0:00,0.356936,1.000686869
14/3/2008 0:00,0.359122,1.006124347
17/3/2008 0:00,0.362339,1.008957959
18/3/2008 0:00,0.361578,0.997899757
19/3/2008 0:00,0.362721,1.003161144
20/3/2008 0:00,0.362572,0.999589216
21/3/2008 0:00,0.364182,1.004440497
24/3/2008 0:00,0.362521,0.995439094
25/3/2008 0:00,0.361691,0.997710477
26/3/2008 0:00,0.361352,0.999062736
27/3/2008 0:00,0.361199,0.99957659
28/3/2008 0:00,0.362826,1.004504442
30/3/2008 0:00,0.365706,1.007937689
1/4/2008 0:00,0.364649,0.9971097
2/4/2008 0:00,0.362118,0.993059079
3/4/2008 0:00,0.363166,1.002894084
6/4/2008 0:00,0.364365,1.003301521
7/4/2008 0:00,0.368668,1.011809587
8/4/2008 0:00,0.367654,0.997249558
9/4/2008 0:00,0.373821,1.016773923
10/4/2008 0:00,0.371774,0.994524117
13/4/2008 0:00,0.373061,1.003461781
14/4/2008 0:00,0.375619,1.006856787
15/4/2008 0:00,0.375351,0.999286511
16/4/2008 0:00,0.371835,0.990632768
17/4/2008 0:00,0.369331,0.99326583
20/4/2008 0:00,0.373277,1.010684183
21/4/2008 0:00,0.370989,0.993870504
22/4/2008 0:00,0.37411,1.008412648
23/4/2008 0:00,0.372927,0.996837828
24/4/2008 0:00,0.370389,0.993194379
27/4/2008 0:00,0.36907,0.996438879
28/4/2008 0:00,0.373424,1.01179722
29/4/2008 0:00,0.370695,0.992691953
1/5/2008 0:00,0.372525,1.004936673
4/5/2008 0:00,0.37313,1.001624052
5/5/2008 0:00,0.372994,0.999635516
6/5/2008 0:00,0.374815,1.004882116
7/5/2008 0:00,0.372465,0.99373024
8/5/2008 0:00,0.375152,1.007214101
11/5/2008 0:00,0.374945,0.999448224
12/5/2008 0:00,0.374413,0.998581125
13/5/2008 0:00,0.372288,0.994324449
14/5/2008 0:00,0.373228,1.002524927
15/5/2008 0:00,0.373773,1.001460233
18/5/2008 0:00,0.374101,1.000877538
19/5/2008 0:00,0.372393,0.995434388
20/5/2008 0:00,0.373472,1.002897477
21/5/2008 0:00,0.371386,0.994414575
22/5/2008 0:00,0.371391,1.000013463
25/5/2008 0:00,0.370507,0.997619759
26/5/2008 0:00,0.371155,1.001748955
27/5/2008 0:00,0.36998,0.996834207
28/5/2008 0:00,0.370331,1.0009487
29/5/2008 0:00,0.370566,1.000634567
1/6/2008 0:00,0.373281,1.00732663
2/6/2008 0:00,0.373762,1.001288573
3/6/2008 0:00,0.374424,1.001771181
4/6/2008 0:00,0.374198,0.999396406
5/6/2008 0:00,0.371739,0.993428613
8/6/2008 0:00,0.371166,0.998458596
9/6/2008 0:00,0.372737,1.004232608
10/6/2008 0:00,0.371433,0.996501555
11/6/2008 0:00,0.372735,1.003505343
12/6/2008 0:00,0.372473,0.999297088
15/6/2008 0:00,0.371111,0.996343359
16/6/2008 0:00,0.373829,1.007323954
17/6/2008 0:00,0.373214,0.998354863
18/6/2008 0:00,0.370452,0.99259942
19/6/2008 0:00,0.37197,1.004097697
22/6/2008 0:00,0.371903,0.999819878
23/6/2008 0:00,0.371177,0.998047878
24/6/2008 0:00,0.370833,0.999073218
25/6/2008 0:00,0.36864,0.994086287
26/6/2008 0:00,0.368356,0.999229601
29/6/2008 0:00,0.369267,1.002473151
1/7/2008 0:00,0.369301,1.000092074
2/7/2008 0:00,0.37038,1.002921736
3/7/2008 0:00,0.370557,1.000477888
6/7/2008 0:00,0.371354,1.002150816
7/7/2008 0:00,0.372643,1.003471082
8/7/2008 0:00,0.371276,0.99633161
9/7/2008 0:00,0.371891,1.00165645
10/7/2008 0:00,0.371268,0.998324778
13/7/2008 0:00,0.370822,0.998798711
14/7/2008 0:00,0.37028,0.998538382
15/7/2008 0:00,0.370877,1.001612293
16/7/2008 0:00,0.370431,0.998797445
17/7/2008 0:00,0.370281,0.999595066
20/7/2008 0:00,0.369833,0.998790108
21/7/2008 0:00,0.369494,0.99908337
22/7/2008 0:00,0.367146,0.993645364
23/7/2008 0:00,0.369736,1.007054414
24/7/2008 0:00,0.369465,0.999267045
27/7/2008 0:00,0.368113,0.996340655
28/7/2008 0:00,0.369177,1.002890417
29/7/2008 0:00,0.3692,1.000062301
30/7/2008 0:00,0.368746,0.998770314
31/7/2008 0:00,0.369042,1.000802721
3/8/2008 0:00,0.37164,1.007039849
4/8/2008 0:00,0.370947,0.998135292
5/8/2008 0:00,0.371707,1.00204881
6/8/2008 0:00,0.369646,0.99445531
7/8/2008 0:00,0.371151,1.004071463
10/8/2008 0:00,0.370399,0.99797387
11/8/2008 0:00,0.374524,1.011136639
12/8/2008 0:00,0.381321,1.01814837
13/8/2008 0:00,0.379332,0.994783922
14/8/2008 0:00,0.378019,0.996538652
17/8/2008 0:00,0.379523,1.003978636
18/8/2008 0:00,0.380125,1.001586202
19/8/2008 0:00,0.380091,0.999910556
20/8/2008 0:00,0.379719,0.999021287
21/8/2008 0:00,0.38199,1.005980738
24/8/2008 0:00,0.381054,0.997549674
25/8/2008 0:00,0.381551,1.001304277
26/8/2008 0:00,0.384514,1.007765672
27/8/2008 0:00,0.385763,1.003248256
28/8/2008 0:00,0.387293,1.003966166
31/8/2008 0:00,0.391782,1.011590708
1/9/2008 0:00,0.391996,1.000546222
2/9/2008 0:00,0.393277,1.00326789
3/9/2008 0:00,0.39412,1.002143527
4/9/2008 0:00,0.393801,0.999190602
7/9/2008 0:00,0.395995,1.005571342
8/9/2008 0:00,0.396008,1.000032829
9/9/2008 0:00,0.396442,1.001095937
10/9/2008 0:00,0.396554,1.000282513
11/9/2008 0:00,0.389405,0.98197219
14/9/2008 0:00,0.390991,1.00407288
15/9/2008 0:00,0.39035,0.998360576
16/9/2008 0:00,0.38561,0.987857051
17/9/2008 0:00,0.38523,0.999014548
18/9/2008 0:00,0.382024,0.991677699
21/9/2008 0:00,0.382496,1.001235524
22/9/2008 0:00,0.380312,0.994290136
23/9/2008 0:00,0.380179,0.999650287
24/9/2008 0:00,0.382083,1.005008167
25/9/2008 0:00,0.381889,0.999492257
28/9/2008 0:00,0.387399,1.014428276
29/9/2008 0:00,0.391256,1.009956143
30/9/2008 0:00,0.393173,1.004899605
1/10/2008 0:00,0.391064,0.994635949
2/10/2008 0:00,0.39027,0.997969642
5/10/2008 0:00,0.39109,1.002101109
6/10/2008 0:00,0.390498,0.998486282
7/10/2008 0:00,0.394406,1.010007734
8/10/2008 0:00,0.396706,1.005831554
9/10/2008 0:00,0.395745,0.997577551
12/10/2008 0:00,0.392322,0.991350491
13/10/2008 0:00,0.39173,0.998491035
14/10/2008 0:00,0.393628,1.004845174
15/10/2008 0:00,0.389858,0.990422429
16/10/2008 0:00,0.390731,1.002239277
19/10/2008 0:00,0.39522,1.011488722
20/10/2008 0:00,0.404301,1.022977076
21/10/2008 0:00,0.41161,1.018078115
22/10/2008 0:00,0.410895,0.998262919
23/10/2008 0:00,0.417502,1.016079534
27/10/2008 0:00,0.426185,1.020797505
28/10/2008 0:00,0.418096,0.98101998
29/10/2008 0:00,0.409493,0.979423386
30/10/2008 0:00,0.414938,1.013296931
31/10/2008 0:00,0.421946,1.01688927
3/11/2008 0:00,0.428352,1.015182038
4/11/2008 0:00,0.426996,0.996834379
5/11/2008 0:00,0.42542,0.996309099
6/11/2008 0:00,0.427158,1.004085374
7/11/2008 0:00,0.427299,1.000330089
10/11/2008 0:00,0.428388,1.002548567
11/11/2008 0:00,0.43114,1.006424083
12/11/2008 0:00,0.443755,1.029259637
13/11/2008 0:00,0.444943,1.002677153
14/11/2008 0:00,0.446411,1.003299299
17/11/2008 0:00,0.437793,0.98069492
18/11/2008 0:00,0.438197,1.000922811
19/11/2008 0:00,0.43683,0.996880399
20/11/2008 0:00,0.442696,1.013428565
21/11/2008 0:00,0.439039,0.991739252
24/11/2008 0:00,0.436696,0.994663344
25/11/2008 0:00,0.429593,0.98373468
26/11/2008 0:00,0.43178,1.005090865
27/11/2008 0:00,0.429976,0.995821946
28/11/2008 0:00,0.429966,0.999976743
1/12/2008 0:00,0.440406,1.02428099
2/12/2008 0:00,0.439018,0.996848363
3/12/2008 0:00,0.444218,1.011844617
4/12/2008 0:00,0.446125,1.004292937
5/12/2008 0:00,0.447159,1.002317736
8/12/2008 0:00,0.445921,0.99723141
9/12/2008 0:00,0.450439,1.010131839
10/12/2008 0:00,0.450964,1.00116553
11/12/2008 0:00,0.447495,0.99230759
12/12/2008 0:00,0.448475,1.002189969
15/12/2008 0:00,0.443206,0.988251296
16/12/2008 0:00,0.440025,0.992822751
17/12/2008 0:00,0.449168,1.020778365
18/12/2008 0:00,0.461527,1.027515317
19/12/2008 0:00,0.456118,0.988280209
22/12/2008 0:00,0.466035,1.021742181
23/12/2008 0:00,0.467337,1.002793782
24/12/2008 0:00,0.471349,1.008584811
25/12/2008 0:00,0.468859,0.99471729
26/12/2008 0:00,0.474426,1.011873506
29/12/2008 0:00,0.478754,1.009122603
30/12/2008 0:00,0.481424,1.005576977
31/12/2008 0:00,0.477107,0.991032853
1/1/2009 0:00,0.472377,0.990086081
2/1/2009 0:00,0.472204,0.999633767
5/1/2009 0:00,0.461763,0.977888794
6/1/2009 0:00,0.456501,0.988604544
7/1/2009 0:00,0.449424,0.984497296
8/1/2009 0:00,0.443886,0.987677561
9/1/2009 0:00,0.443846,0.999909887
12/1/2009 0:00,0.453166,1.020998274
13/1/2009 0:00,0.462533,1.02067013
14/1/2009 0:00,0.458104,0.990424467
15/1/2009 0:00,0.45648,0.996454953
16/1/2009 0:00,0.455748,0.998396425
19/1/2009 0:00,0.463197,1.016344559
20/1/2009 0:00,0.477212,1.030257104
21/1/2009 0:00,0.481088,1.008122176
22/1/2009 0:00,0.480935,0.999681971
23/1/2009 0:00,0.482561,1.003380914
26/1/2009 0:00,0.477085,0.988652212
27/1/2009 0:00,0.470278,0.985732102
28/1/2009 0:00,0.468563,0.996353221
29/1/2009 0:00,0.464533,0.991399236
30/1/2009 0:00,0.454748,0.978935834
2/2/2009 0:00,0.464903,1.022331049
3/2/2009 0:00,0.459995,0.989442959
4/2/2009 0:00,0.457989,0.995639083
5/2/2009 0:00,0.454318,0.991984524
6/2/2009 0:00,0.453329,0.997823111
9/2/2009 0:00,0.449997,0.99264993
10/2/2009 0:00,0.45618,1.013740092
11/2/2009 0:00,0.462569,1.014005436
12/2/2009 0:00,0.463773,1.002602855
13/2/2009 0:00,0.462312,0.996849752
16/2/2009 0:00,0.46201,0.999346761
17/2/2009 0:00,0.459017,0.993521785
18/2/2009 0:00,0.458364,0.998577395
19/2/2009 0:00,0.458777,1.000901031
20/2/2009 0:00,0.452542,0.986409519
23/2/2009 0:00,0.450806,0.996163892
24/2/2009 0:00,0.452621,1.004026122
25/2/2009 0:00,0.458941,1.013963117
26/2/2009 0:00,0.45342,0.987970131
27/2/2009 0:00,0.453626,1.000454325
2/3/2009 0:00,0.457875,1.009366747
3/3/2009 0:00,0.458726,1.001858586
4/3/2009 0:00,0.455698,0.99339911
5/3/2009 0:00,0.455116,0.998722838
6/3/2009 0:00,0.460079,1.010904912
9/3/2009 0:00,0.467348,1.015799461
10/3/2009 0:00,0.472383,1.010773556
11/3/2009 0:00,0.471905,0.998988109
12/3/2009 0:00,0.469808,0.995556309
13/3/2009 0:00,0.464013,0.987665174
16/3/2009 0:00,0.463727,0.999383638
17/3/2009 0:00,0.465881,1.004644974
18/3/2009 0:00,0.462924,0.993652886
19/3/2009 0:00,0.456612,0.986364932
20/3/2009 0:00,0.457337,1.001587781
23/3/2009 0:00,0.455435,0.995841141
24/3/2009 0:00,0.450182,0.988465972
25/3/2009 0:00,0.455729,1.012321683
26/3/2009 0:00,0.458435,1.005937739
27/3/2009 0:00,0.460901,1.00537917
29/3/2009 0:00,0.460957,1.000121501
30/3/2009 0:00,0.458173,0.993960391
31/3/2009 0:00,0.455247,0.993613766
1/4/2009 0:00,0.451988,0.992841249
2/4/2009 0:00,0.447567,0.990218767
5/4/2009 0:00,0.449944,1.005310937
6/4/2009 0:00,0.448368,0.996497342
7/4/2009 0:00,0.448376,1.000017842
8/4/2009 0:00,0.450145,1.003945349
9/4/2009 0:00,0.450132,0.99997112
12/4/2009 0:00,0.444861,0.988290102
13/4/2009 0:00,0.44737,1.005639964
14/4/2009 0:00,0.444351,0.993251671
15/4/2009 0:00,0.447666,1.007460319
16/4/2009 0:00,0.450543,1.006426666
19/4/2009 0:00,0.455371,1.010715958
20/4/2009 0:00,0.452759,0.994264018
21/4/2009 0:00,0.458074,1.011739137
22/4/2009 0:00,0.453538,0.99009767
23/4/2009 0:00,0.456278,1.00604139
26/4/2009 0:00,0.456458,1.000394496
27/4/2009 0:00,0.456518,1.000131447
28/4/2009 0:00,0.455271,0.997268454
29/4/2009 0:00,0.45592,1.001425525
30/4/2009 0:00,0.452928,0.993437445
3/5/2009 0:00,0.452179,0.998346316
4/5/2009 0:00,0.450034,0.995256303
5/5/2009 0:00,0.447984,0.995444789
6/5/2009 0:00,0.452244,1.009509268
7/5/2009 0:00,0.449835,0.994673229
10/5/2009 0:00,0.45088,1.002323074
11/5/2009 0:00,0.448319,0.994319996
12/5/2009 0:00,0.450164,1.004115373
13/5/2009 0:00,0.448603,0.996532375
14/5/2009 0:00,0.448,0.998655827
17/5/2009 0:00,0.444988,0.993276786
18/5/2009 0:00,0.441654,0.992507663
19/5/2009 0:00,0.434767,0.984406345
20/5/2009 0:00,0.43455,0.999500882
21/5/2009 0:00,0.435996,1.00332758
24/5/2009 0:00,0.434677,0.996974743
25/5/2009 0:00,0.433276,0.996776917
26/5/2009 0:00,0.430516,0.993629926
27/5/2009 0:00,0.432053,1.003570134
28/5/2009 0:00,0.428063,0.990765022
31/5/2009 0:00,0.421848,0.985481109
1/6/2009 0:00,0.419742,0.99500768
2/6/2009 0:00,0.424052,1.010268212
3/6/2009 0:00,0.428257,1.009916237
4/6/2009 0:00,0.429398,1.002664288
7/6/2009 0:00,0.42847,0.997838835
8/6/2009 0:00,0.421651,0.984085234
9/6/2009 0:00,0.42011,0.996345319
10/6/2009 0:00,0.416056,0.990350146
11/6/2009 0:00,0.4195,1.008277732
14/6/2009 0:00,0.420019,1.001237187
15/6/2009 0:00,0.417119,0.99309555
16/6/2009 0:00,0.419872,1.006600035
17/6/2009 0:00,0.420061,1.000450137
18/6/2009 0:00,0.415067,0.988111251
21/6/2009 0:00,0.419116,1.009755052
22/6/2009 0:00,0.418623,0.998823715
23/6/2009 0:00,0.417704,0.997804707
24/6/2009 0:00,0.4195,1.004299695
25/6/2009 0:00,0.414497,0.988073897
28/6/2009 0:00,0.416035,1.003710521
29/6/2009 0:00,0.419537,1.008417561
30/6/2009 0:00,0.420125,1.001401545
1/7/2009 0:00,0.42086,1.001749479
2/7/2009 0:00,0.421859,1.002373711
5/7/2009 0:00,0.422352,1.001168637
6/7/2009 0:00,0.42543,1.00728776
7/7/2009 0:00,0.425632,1.000474814
8/7/2009 0:00,0.419786,0.98626513
9/7/2009 0:00,0.421607,1.004337925
12/7/2009 0:00,0.421333,0.999350106
13/7/2009 0:00,0.420123,0.997128162
14/7/2009 0:00,0.419154,0.997693533
15/7/2009 0:00,0.419445,1.000694256
16/7/2009 0:00,0.422036,1.00617721
19/7/2009 0:00,0.420279,0.995836848
20/7/2009 0:00,0.422249,1.004687362
21/7/2009 0:00,0.42148,0.9981788
22/7/2009 0:00,0.420074,0.996664136
23/7/2009 0:00,0.422376,1.005479987
26/7/2009 0:00,0.421162,0.997125784
27/7/2009 0:00,0.422573,1.003350255
28/7/2009 0:00,0.422975,1.000951315
29/7/2009 0:00,0.419945,0.992836456
30/7/2009 0:00,0.416084,0.990805939
2/8/2009 0:00,0.412063,0.990336086
3/8/2009 0:00,0.411777,0.999305931
4/8/2009 0:00,0.410472,0.996830809
5/8/2009 0:00,0.414522,1.00986669
6/8/2009 0:00,0.416411,1.004557056
9/8/2009 0:00,0.420075,1.008798999
10/8/2009 0:00,0.418892,0.997183836
11/8/2009 0:00,0.419889,1.002380088
12/8/2009 0:00,0.418458,0.996591956
13/8/2009 0:00,0.419407,1.00226785
16/8/2009 0:00,0.421759,1.005607918
17/8/2009 0:00,0.416679,0.987955207
18/8/2009 0:00,0.41775,1.002570324
19/8/2009 0:00,0.420335,1.006187911
20/8/2009 0:00,0.421374,1.002471838
23/8/2009 0:00,0.422385,1.002399294
24/8/2009 0:00,0.424534,1.005087775
25/8/2009 0:00,0.426245,1.004030301
26/8/2009 0:00,0.425815,0.998991191
27/8/2009 0:00,0.42659,1.001820039
30/8/2009 0:00,0.425866,0.99830282
31/8/2009 0:00,0.429214,1.007861628
1/9/2009 0:00,0.426045,0.992616737
2/9/2009 0:00,0.425231,0.998089404
3/9/2009 0:00,0.424147,0.997450797
6/9/2009 0:00,0.426897,1.006483601
7/9/2009 0:00,0.424598,0.994614626
8/9/2009 0:00,0.424666,1.000160151
9/9/2009 0:00,0.421615,0.99281553
10/9/2009 0:00,0.421783,1.000398468
13/9/2009 0:00,0.423383,1.00379342
14/9/2009 0:00,0.427316,1.009289461
15/9/2009 0:00,0.43005,1.006398075
16/9/2009 0:00,0.430165,1.000267411
17/9/2009 0:00,0.434247,1.009489382
20/9/2009 0:00,0.435119,1.002008074
21/9/2009 0:00,0.432872,0.994835895
22/9/2009 0:00,0.432243,0.998546915
23/9/2009 0:00,0.441787,1.022080172
24/9/2009 0:00,0.442739,1.002154885
27/9/2009 0:00,0.443917,1.00266071
28/9/2009 0:00,0.441465,0.994476445
29/9/2009 0:00,0.443709,1.005083076
30/9/2009 0:00,0.444229,1.001171939
1/10/2009 0:00,0.445595,1.003074991
4/10/2009 0:00,0.445456,0.999688058
5/10/2009 0:00,0.448237,1.006243041
6/10/2009 0:00,0.448012,0.999498033
7/10/2009 0:00,0.448104,1.000205352
8/10/2009 0:00,0.452455,1.0097098
11/10/2009 0:00,0.452973,1.001144865
12/10/2009 0:00,0.449789,0.992970883
13/10/2009 0:00,0.449637,0.999662064
14/10/2009 0:00,0.440658,0.980030558
15/10/2009 0:00,0.439233,0.9967662
18/10/2009 0:00,0.43889,0.999219093
19/10/2009 0:00,0.437823,0.997568867
20/10/2009 0:00,0.432878,0.988705481
21/10/2009 0:00,0.431727,0.997341052
22/10/2009 0:00,0.439641,1.018331029
26/10/2009 0:00,0.438433,0.997252304
27/10/2009 0:00,0.436384,0.995326538
28/10/2009 0:00,0.434812,0.996397668
29/10/2009 0:00,0.432338,0.994310185
30/10/2009 0:00,0.434458,1.004903571
2/11/2009 0:00,0.436225,1.004067137
3/11/2009 0:00,0.434974,0.997132214
4/11/2009 0:00,0.432901,0.995234198
5/11/2009 0:00,0.432363,0.998757222
6/11/2009 0:00,0.432086,0.999359335
9/11/2009 0:00,0.430009,0.995193087
10/11/2009 0:00,0.430514,1.001174394
11/11/2009 0:00,0.435013,1.010450299
12/11/2009 0:00,0.433727,0.997043767
13/11/2009 0:00,0.432903,0.998100187
16/11/2009 0:00,0.429276,0.99162168
17/11/2009 0:00,0.429162,0.999734437
18/11/2009 0:00,0.43158,1.005634236
19/11/2009 0:00,0.432364,1.001816581
20/11/2009 0:00,0.435931,1.008249993
23/11/2009 0:00,0.434495,0.996705901
24/11/2009 0:00,0.435365,1.002002325
25/11/2009 0:00,0.434255,0.997450415
26/11/2009 0:00,0.438564,1.009922741
27/11/2009 0:00,0.436402,0.995070275
30/11/2009 0:00,0.43966,1.007465594
1/12/2009 0:00,0.435816,0.99125688
2/12/2009 0:00,0.434974,0.998067992
3/12/2009 0:00,0.43719,1.005094557
4/12/2009 0:00,0.436845,0.999210869
7/12/2009 0:00,0.437298,1.001036981
8/12/2009 0:00,0.441478,1.009558699
9/12/2009 0:00,0.441778,1.000679536
10/12/2009 0:00,0.442217,1.000993712
11/12/2009 0:00,0.442195,0.999950251
14/12/2009 0:00,0.440935,0.997150578
15/12/2009 0:00,0.440785,0.999659814
16/12/2009 0:00,0.438397,0.994582393
17/12/2009 0:00,0.440764,1.005399216
18/12/2009 0:00,0.441951,1.002693051
21/12/2009 0:00,0.442941,1.002240067
22/12/2009 0:00,0.44512,1.004919391
23/12/2009 0:00,0.444625,0.99888794
24/12/2009 0:00,0.445221,1.001340455
25/12/2009 0:00,0.443556,0.996260284
28/12/2009 0:00,0.444754,1.002700899
29/12/2009 0:00,0.447491,1.006153964
30/12/2009 0:00,0.442929,0.989805382
31/12/2009 0:00,0.440181,0.993795845
1/1/2010 0:00,0.44174,1.003541725
4/1/2010 0:00,0.44423,1.0056368
5/1/2010 0:00,0.447709,1.007831529
6/1/2010 0:00,0.447908,1.000444485
7/1/2010 0:00,0.449113,1.002690285
8/1/2010 0:00,0.447515,0.996441875
11/1/2010 0:00,0.447133,0.999146397
12/1/2010 0:00,0.445033,0.995303411
13/1/2010 0:00,0.442537,0.994391427
14/1/2010 0:00,0.441431,0.997500774
15/1/2010 0:00,0.442053,1.001409054
18/1/2010 0:00,0.440791,0.997145139
19/1/2010 0:00,0.439771,0.997685978
20/1/2010 0:00,0.438358,0.996786964
21/1/2010 0:00,0.439554,1.002728364
22/1/2010 0:00,0.441958,1.00546918
25/1/2010 0:00,0.439808,0.995135284
26/1/2010 0:00,0.441607,1.004090421
27/1/2010 0:00,0.440006,0.996374605
28/1/2010 0:00,0.441242,1.002809053
29/1/2010 0:00,0.445038,1.008602989
1/2/2010 0:00,0.444897,0.999683173
2/2/2010 0:00,0.444396,0.998873897
3/2/2010 0:00,0.444953,1.001253387
4/2/2010 0:00,0.4465,1.003476772
5/2/2010 0:00,0.449216,1.006082867
8/2/2010 0:00,0.451167,1.004343122
9/2/2010 0:00,0.449891,0.997171779
10/2/2010 0:00,0.451905,1.00447664
11/2/2010 0:00,0.45145,0.998993151
12/2/2010 0:00,0.451467,1.000037656
15/2/2010 0:00,0.45204,1.001269196
16/2/2010 0:00,0.451043,0.997794443
17/2/2010 0:00,0.453599,1.005666865
18/2/2010 0:00,0.458446,1.01068565
19/2/2010 0:00,0.458137,0.999325984
22/2/2010 0:00,0.458123,0.999969441
23/2/2010 0:00,0.459049,1.002021291
24/2/2010 0:00,0.460325,1.00277966
25/2/2010 0:00,0.465578,1.011411503
26/2/2010 0:00,0.466754,1.002525893
1/3/2010 0:00,0.47537,1.018459403
2/3/2010 0:00,0.474961,0.999139618
3/3/2010 0:00,0.473227,0.996349174
4/3/2010 0:00,0.474569,1.002835848
5/3/2010 0:00,0.47167,0.993891299
8/3/2010 0:00,0.474952,1.006958255
9/3/2010 0:00,0.476199,1.002625528
10/3/2010 0:00,0.477877,1.003523737
11/3/2010 0:00,0.474718,0.993389512
12/3/2010 0:00,0.471551,0.993328671
15/3/2010 0:00,0.475422,1.00820908
16/3/2010 0:00,0.47077,0.990215009
17/3/2010 0:00,0.468785,0.995783504
18/3/2010 0:00,0.469916,1.00241262
19/3/2010 0:00,0.476404,1.013806723
22/3/2010 0:00,0.472725,0.992277563
23/3/2010 0:00,0.475005,1.0048231
24/3/2010 0:00,0.477396,1.005033631
25/3/2010 0:00,0.478736,1.002806894
26/3/2010 0:00,0.478357,0.999208332
28/3/2010 0:00,0.477105,0.997382708
29/3/2010 0:00,0.474036,0.993567454
30/3/2010 0:00,0.470691,0.992943574
31/3/2010 0:00,0.468003,0.994289247
1/4/2010 0:00,0.469681,1.003585447
4/4/2010 0:00,0.467786,0.995965347
5/4/2010 0:00,0.469049,1.002699953
6/4/2010 0:00,0.470275,1.002613799
7/4/2010 0:00,0.469484,0.998318005
8/4/2010 0:00,0.46824,0.997350282
11/4/2010 0:00,0.467701,0.998848881
12/4/2010 0:00,0.467498,0.999565962
13/4/2010 0:00,0.470736,1.006926233
14/4/2010 0:00,0.470652,0.999821556
15/4/2010 0:00,0.473291,1.005607115
18/4/2010 0:00,0.473397,1.000223964
19/4/2010 0:00,0.473471,1.000156317
20/4/2010 0:00,0.472845,0.998677849
21/4/2010 0:00,0.474089,1.002630883
22/4/2010 0:00,0.474637,1.001155901
25/4/2010 0:00,0.473072,0.996702743
26/4/2010 0:00,0.477356,1.009055704
27/4/2010 0:00,0.478669,1.002750568
28/4/2010 0:00,0.476065,0.994559915
29/4/2010 0:00,0.477073,1.002117358
2/5/2010 0:00,0.478699,1.003408283
3/5/2010 0:00,0.478973,1.000572385
4/5/2010 0:00,0.475634,0.993028835
5/5/2010 0:00,0.479317,1.007743349
6/5/2010 0:00,0.485084,1.012031703
9/5/2010 0:00,0.487213,1.004388931
10/5/2010 0:00,0.484669,0.994778464
11/5/2010 0:00,0.488437,1.007774378
12/5/2010 0:00,0.495102,1.013645567
13/5/2010 0:00,0.495855,1.001520899
16/5/2010 0:00,0.497371,1.003057345
17/5/2010 0:00,0.500938,1.007171709
18/5/2010 0:00,0.497055,0.992248542
19/5/2010 0:00,0.494634,0.995129312
20/5/2010 0:00,0.491572,0.993809564
23/5/2010 0:00,0.492975,1.002854109
24/5/2010 0:00,0.491686,0.997385263
25/5/2010 0:00,0.492365,1.001380963
26/5/2010 0:00,0.490866,0.996955511
27/5/2010 0:00,0.491756,1.001813122
30/5/2010 0:00,0.492008,1.000512449
31/5/2010 0:00,0.482895,0.981477943
1/6/2010 0:00,0.486352,1.007158906
2/6/2010 0:00,0.485706,0.998671744
3/6/2010 0:00,0.489463,1.007735132
6/6/2010 0:00,0.486954,0.994873974
7/6/2010 0:00,0.489906,1.006062174
8/6/2010 0:00,0.486365,0.992772083
9/6/2010 0:00,0.484418,0.995996834
10/6/2010 0:00,0.490605,1.012772027
13/6/2010 0:00,0.485971,0.990554519
14/6/2010 0:00,0.485772,0.999590511
15/6/2010 0:00,0.487227,1.002995232
16/6/2010 0:00,0.485073,0.995579063
17/6/2010 0:00,0.487183,1.004349861
20/6/2010 0:00,0.491876,1.009632931
21/6/2010 0:00,0.487156,0.990404086
22/6/2010 0:00,0.481368,0.988118796
23/6/2010 0:00,0.481418,1.000103871
24/6/2010 0:00,0.478762,0.994482965
27/6/2010 0:00,0.477712,0.997806843
28/6/2010 0:00,0.473823,0.991859112
29/6/2010 0:00,0.478203,1.009243958
30/6/2010 0:00,0.474852,0.992992516
1/7/2010 0:00,0.472539,0.995129009
4/7/2010 0:00,0.474783,1.004748814
5/7/2010 0:00,0.476016,1.002596976
6/7/2010 0:00,0.47624,1.000470572
7/7/2010 0:00,0.478672,1.005106669
8/7/2010 0:00,0.480669,1.004171959
11/7/2010 0:00,0.481551,1.001834943
12/7/2010 0:00,0.479043,0.994791829
13/7/2010 0:00,0.47682,0.995359498
14/7/2010 0:00,0.471782,0.989434168
15/7/2010 0:00,0.475196,1.007236393
18/7/2010 0:00,0.476972,1.003737405
19/7/2010 0:00,0.476431,0.998865762
20/7/2010 0:00,0.477696,1.002655159
21/7/2010 0:00,0.477496,0.999581324
22/7/2010 0:00,0.47285,0.990270076
25/7/2010 0:00,0.474555,1.003605795
26/7/2010 0:00,0.471082,0.992681565
27/7/2010 0:00,0.469279,0.996172641
28/7/2010 0:00,0.470072,1.001689826
29/7/2010 0:00,0.468905,0.997517402
1/8/2010 0:00,0.466654,0.995199454
2/8/2010 0:00,0.46474,0.99589846
3/8/2010 0:00,0.46474,1
4/8/2010 0:00,0.465415,1.001452425
5/8/2010 0:00,0.465024,0.99915989
8/8/2010 0:00,0.464909,0.999752701
9/8/2010 0:00,0.466387,1.003179117
10/8/2010 0:00,0.466075,0.999331028
11/8/2010 0:00,0.468239,1.00464303
12/8/2010 0:00,0.471297,1.006530853
15/8/2010 0:00,0.470489,0.998285582
16/8/2010 0:00,0.469438,0.997766154
17/8/2010 0:00,0.474029,1.009779779
18/8/2010 0:00,0.474234,1.000432463
19/8/2010 0:00,0.473919,0.999335771
22/8/2010 0:00,0.473948,1.000061192
23/8/2010 0:00,0.475567,1.003415987
24/8/2010 0:00,0.476599,1.002170041
25/8/2010 0:00,0.47604,0.998827106
26/8/2010 0:00,0.47552,0.998907655
29/8/2010 0:00,0.476428,1.001909489
30/8/2010 0:00,0.477146,1.001507048
31/8/2010 0:00,0.480861,1.007785877
1/9/2010 0:00,0.480536,0.999324129
2/9/2010 0:00,0.482735,1.00457614
5/9/2010 0:00,0.481908,0.998286845
6/9/2010 0:00,0.483016,1.002299194
7/9/2010 0:00,0.482858,0.999672889
8/9/2010 0:00,0.48102,0.996193498
9/9/2010 0:00,0.482947,1.00400607
12/9/2010 0:00,0.486306,1.006955215
13/9/2010 0:00,0.484903,0.997114985
14/9/2010 0:00,0.482897,0.99586309
15/9/2010 0:00,0.478264,0.990405822
16/9/2010 0:00,0.478336,1.000150544
19/9/2010 0:00,0.478506,1.000355399
20/9/2010 0:00,0.48231,1.007949744
21/9/2010 0:00,0.48185,0.999046257
22/9/2010 0:00,0.482151,1.000624676
23/9/2010 0:00,0.48009,0.995725406
26/9/2010 0:00,0.478176,0.996013248
27/9/2010 0:00,0.478946,1.001610286
28/9/2010 0:00,0.48015,1.002513853
29/9/2010 0:00,0.480443,1.000610226
30/9/2010 0:00,0.483708,1.006795811
3/10/2010 0:00,0.481975,0.99641726
4/10/2010 0:00,0.480855,0.997676228
5/10/2010 0:00,0.480836,0.999960487
6/10/2010 0:00,0.481712,1.001821827
7/10/2010 0:00,0.48199,1.000577108
10/10/2010 0:00,0.480467,0.996840183
11/10/2010 0:00,0.481158,1.001438184
12/10/2010 0:00,0.484763,1.007492341
13/10/2010 0:00,0.482599,0.995535963
14/10/2010 0:00,0.482135,0.999038539
17/10/2010 0:00,0.48229,1.000321487
18/10/2010 0:00,0.483828,1.003188953
19/10/2010 0:00,0.484569,1.001531536
20/10/2010 0:00,0.484686,1.000241452
21/10/2010 0:00,0.488983,1.008865534
24/10/2010 0:00,0.491144,1.004419377
25/10/2010 0:00,0.491962,1.001665499
26/10/2010 0:00,0.486213,0.988314138
27/10/2010 0:00,0.486046,0.999656529
28/10/2010 0:00,0.486046,1
1/11/2010 0:00,0.482288,0.992268222
2/11/2010 0:00,0.482316,1.000058057
3/11/2010 0:00,0.484571,1.004675358
4/11/2010 0:00,0.483001,0.996760021
5/11/2010 0:00,0.47899,0.991695669
8/11/2010 0:00,0.480467,1.003083572
9/11/2010 0:00,0.481373,1.001885665
10/11/2010 0:00,0.484496,1.006487692
11/11/2010 0:00,0.482055,0.994961775
12/11/2010 0:00,0.481094,0.998006452
15/11/2010 0:00,0.478015,0.993600003
16/11/2010 0:00,0.477603,0.999138102
17/11/2010 0:00,0.48257,1.010399851
18/11/2010 0:00,0.483154,1.001210187
19/11/2010 0:00,0.481028,0.995599747
22/11/2010 0:00,0.482569,1.003203556
23/11/2010 0:00,0.482785,1.000447604
24/11/2010 0:00,0.481551,0.997443997
25/11/2010 0:00,0.484886,1.006925539
26/11/2010 0:00,0.484818,0.999859761
29/11/2010 0:00,0.486581,1.003636416
30/11/2010 0:00,0.486661,1.000164413
1/12/2010 0:00,0.486584,0.999841779
2/12/2010 0:00,0.48897,1.004903573
3/12/2010 0:00,0.490742,1.003623944
6/12/2010 0:00,0.487359,0.993106357
7/12/2010 0:00,0.48751,1.000309833
8/12/2010 0:00,0.484684,0.994203196
9/12/2010 0:00,0.48159,0.993616459
10/12/2010 0:00,0.483816,1.004622189
13/12/2010 0:00,0.483796,0.999958662
14/12/2010 0:00,0.483718,0.999838775
15/12/2010 0:00,0.487145,1.007084706
16/12/2010 0:00,0.48808,1.001919346
17/12/2010 0:00,0.486523,0.996809949
20/12/2010 0:00,0.490205,1.007567988
21/12/2010 0:00,0.48965,0.998867821
22/12/2010 0:00,0.492295,1.005401818
23/12/2010 0:00,0.497265,1.010095573
24/12/2010 0:00,0.495978,0.997411843
27/12/2010 0:00,0.498406,1.004895378
28/12/2010 0:00,0.498791,1.000772463
29/12/2010 0:00,0.501208,1.004845717
30/12/2010 0:00,0.499238,0.996069496
31/12/2010 0:00,0.502896,1.007327167
3/1/2011 0:00,0.500749,0.995730728
4/1/2011 0:00,0.502444,1.003384929
5/1/2011 0:00,0.498151,0.991455764
6/1/2011 0:00,0.498847,1.001397167
7/1/2011 0:00,0.499044,1.000394911
10/1/2011 0:00,0.496719,0.995341092
11/1/2011 0:00,0.494366,0.995262915
12/1/2011 0:00,0.49517,1.001626325
13/1/2011 0:00,0.492928,0.995472262
14/1/2011 0:00,0.491149,0.996390954
17/1/2011 0:00,0.489216,0.996064331
18/1/2011 0:00,0.488262,0.998049941
19/1/2011 0:00,0.48827,1.000016385
20/1/2011 0:00,0.487813,0.999064042
21/1/2011 0:00,0.488376,1.001154131
24/1/2011 0:00,0.487289,0.997774256
25/1/2011 0:00,0.488543,1.002573422
26/1/2011 0:00,0.493909,1.01098368
27/1/2011 0:00,0.491143,0.994399778
28/1/2011 0:00,0.490754,0.99920797
31/1/2011 0:00,0.490729,0.999949058
1/2/2011 0:00,0.487825,0.994082274
2/2/2011 0:00,0.487765,0.999877005
3/2/2011 0:00,0.485084,0.994503501
4/2/2011 0:00,0.486472,1.00286136
7/2/2011 0:00,0.487084,1.001258037
8/2/2011 0:00,0.48684,0.99949906
9/2/2011 0:00,0.489082,1.004605209
10/2/2011 0:00,0.48791,0.997603674
11/2/2011 0:00,0.486019,0.996124285
14/2/2011 0:00,0.48716,1.002347645
15/2/2011 0:00,0.486699,0.999053699
16/2/2011 0:00,0.483733,0.993905884
17/2/2011 0:00,0.486031,1.004750555
18/2/2011 0:00,0.484534,0.99691995
21/2/2011 0:00,0.483538,0.997944417
22/2/2011 0:00,0.48312,0.999135538
23/2/2011 0:00,0.483332,1.000438814
24/2/2011 0:00,0.482568,0.998419306
25/2/2011 0:00,0.485812,1.006722369
28/2/2011 0:00,0.487328,1.003120549
1/3/2011 0:00,0.483716,0.992588154
2/3/2011 0:00,0.482869,0.998248973
3/3/2011 0:00,0.482474,0.999181973
4/3/2011 0:00,0.484743,1.004702844
7/3/2011 0:00,0.485192,1.000926264
8/3/2011 0:00,0.487746,1.005263896
9/3/2011 0:00,0.487995,1.000510512
10/3/2011 0:00,0.486852,0.997657763
11/3/2011 0:00,0.488909,1.004225103
14/3/2011 0:00,0.490207,1.002654891
15/3/2011 0:00,0.487773,0.995034751
16/3/2011 0:00,0.487312,0.999054888
17/3/2011 0:00,0.486684,0.998711298
18/3/2011 0:00,0.484938,0.996412457
21/3/2011 0:00,0.484371,0.998830778
22/3/2011 0:00,0.484451,1.000165163
23/3/2011 0:00,0.483461,0.99795645
24/3/2011 0:00,0.487076,1.007477335
25/3/2011 0:00,0.49195,1.010006652
27/3/2011 0:00,0.495119,1.006441712
28/3/2011 0:00,0.495237,1.000238327
29/3/2011 0:00,0.495447,1.000424039
30/3/2011 0:00,0.493354,0.995775532
31/3/2011 0:00,0.494937,1.003208649
3/4/2011 0:00,0.492357,0.994787215
4/4/2011 0:00,0.49186,0.99899057
5/4/2011 0:00,0.486796,0.989704387
6/4/2011 0:00,0.486197,0.998769505
7/4/2011 0:00,0.486193,0.999991773
10/4/2011 0:00,0.485894,0.999385018
11/4/2011 0:00,0.487071,1.002422339
12/4/2011 0:00,0.489706,1.005409889
13/4/2011 0:00,0.489582,0.999746787
17/4/2011 0:00,0.493296,1.007586063
18/4/2011 0:00,0.492677,0.998745175
19/4/2011 0:00,0.492784,1.000217181
20/4/2011 0:00,0.49257,0.999565733
21/4/2011 0:00,0.49026,0.995310311
24/4/2011 0:00,0.490499,1.000487496
25/4/2011 0:00,0.490521,1.000044852
26/4/2011 0:00,0.491744,1.002493267
27/4/2011 0:00,0.489301,0.995031968
28/4/2011 0:00,0.489566,1.000541589
1/5/2011 0:00,0.489927,1.000737388
2/5/2011 0:00,0.490873,1.0019309
3/5/2011 0:00,0.49372,1.005799871
4/5/2011 0:00,0.492501,0.997530989
5/5/2011 0:00,0.49236,0.999713706
8/5/2011 0:00,0.494876,1.005110082
9/5/2011 0:00,0.49494,1.000129325
10/5/2011 0:00,0.496158,1.002460904
11/5/2011 0:00,0.494632,0.996924367
12/5/2011 0:00,0.495962,1.002688868
15/5/2011 0:00,0.495988,1.000052423
16/5/2011 0:00,0.493465,0.994913183
17/5/2011 0:00,0.494431,1.001957586
18/5/2011 0:00,0.499088,1.009418908
19/5/2011 0:00,0.497955,0.997729859
22/5/2011 0:00,0.497211,0.998505889
23/5/2011 0:00,0.497129,0.99983508
24/5/2011 0:00,0.495437,0.996596457
25/5/2011 0:00,0.492709,0.99449375
26/5/2011 0:00,0.491069,0.996671463
29/5/2011 0:00,0.490048,0.997920862
30/5/2011 0:00,0.491898,1.00377514
31/5/2011 0:00,0.492939,1.002116292
1/6/2011 0:00,0.494356,1.002874595
2/6/2011 0:00,0.495806,1.002933109
5/6/2011 0:00,0.495314,0.999007676
6/6/2011 0:00,0.496952,1.003306993
7/6/2011 0:00,0.495931,0.997945476
8/6/2011 0:00,0.494892,0.99790495
9/6/2011 0:00,0.496982,1.004223144
12/6/2011 0:00,0.498697,1.003450829
13/6/2011 0:00,0.494791,0.992167589
14/6/2011 0:00,0.496625,1.003706616
15/6/2011 0:00,0.499022,1.004826579
16/6/2011 0:00,0.499129,1.000214419
19/6/2011 0:00,0.501314,1.004377626
20/6/2011 0:00,0.499753,0.996886183
21/6/2011 0:00,0.500016,1.00052626
22/6/2011 0:00,0.504472,1.008911715
23/6/2011 0:00,0.505452,1.001942625
26/6/2011 0:00,0.505691,1.000472844
27/6/2011 0:00,0.504062,0.996778665
28/6/2011 0:00,0.504778,1.00142046
29/6/2011 0:00,0.504501,0.999451244
30/6/2011 0:00,0.507766,1.006471741
3/7/2011 0:00,0.507792,1.000051205
4/7/2011 0:00,0.507127,0.998690409
5/7/2011 0:00,0.506684,0.999126452
6/7/2011 0:00,0.508726,1.004030125
7/7/2011 0:00,0.511895,1.006229286
10/7/2011 0:00,0.510672,0.997610838
11/7/2011 0:00,0.512148,1.002890309
12/7/2011 0:00,0.512532,1.000749783
13/7/2011 0:00,0.508718,0.992558513
14/7/2011 0:00,0.509026,1.000605443
17/7/2011 0:00,0.50928,1.000498992
18/7/2011 0:00,0.511945,1.005232878
19/7/2011 0:00,0.510033,0.996265224
20/7/2011 0:00,0.510257,1.000439187
21/7/2011 0:00,0.506298,0.992241165
24/7/2011 0:00,0.50735,1.002077828
25/7/2011 0:00,0.508797,1.002852075
26/7/2011 0:00,0.505934,0.994373001
27/7/2011 0:00,0.508738,1.005542225
28/7/2011 0:00,0.508219,0.998979829
31/7/2011 0:00,0.506534,0.9966845
1/8/2011 0:00,0.510235,1.007306518
2/8/2011 0:00,0.508484,0.996568248
3/8/2011 0:00,0.50487,0.992892598
4/8/2011 0:00,0.501809,0.993937053
7/8/2011 0:00,0.501597,0.999577529
8/8/2011 0:00,0.501096,0.99900119
9/8/2011 0:00,0.507653,1.013085317
10/8/2011 0:00,0.508333,1.001339498
11/8/2011 0:00,0.508307,0.999948852
14/8/2011 0:00,0.507861,0.999122577
15/8/2011 0:00,0.50844,1.001140076
16/8/2011 0:00,0.506613,0.996406656
17/8/2011 0:00,0.50292,0.992710412
18/8/2011 0:00,0.497757,0.989733954
21/8/2011 0:00,0.501421,1.007361022
22/8/2011 0:00,0.502449,1.002050173
23/8/2011 0:00,0.503723,1.002535581
24/8/2011 0:00,0.506526,1.005564566
25/8/2011 0:00,0.507294,1.00151621
28/8/2011 0:00,0.508328,1.002038266
29/8/2011 0:00,0.505854,0.995133064
30/8/2011 0:00,0.50855,1.005329601
31/8/2011 0:00,0.511284,1.005376069
1/9/2011 0:00,0.513073,1.003499034
4/9/2011 0:00,0.513239,1.000323541
5/9/2011 0:00,0.51413,1.001736033
6/9/2011 0:00,0.518207,1.007929901
7/9/2011 0:00,0.518011,0.999621773
8/9/2011 0:00,0.515552,0.995252997
11/9/2011 0:00,0.512632,0.994336168
12/9/2011 0:00,0.510997,0.996810578
13/9/2011 0:00,0.511151,1.000301372
14/9/2011 0:00,0.510071,0.997887121
15/9/2011 0:00,0.510102,1.000060776
18/9/2011 0:00,0.511107,1.001970194
19/9/2011 0:00,0.504998,0.988047513
20/9/2011 0:00,0.504173,0.99836633
21/9/2011 0:00,0.500501,0.992716786
22/9/2011 0:00,0.499402,0.9978042
25/9/2011 0:00,0.498217,0.997627162
26/9/2011 0:00,0.497239,0.998037
27/9/2011 0:00,0.498161,1.001854239
28/9/2011 0:00,0.494386,0.992422129
29/9/2011 0:00,0.494111,0.999443754
2/10/2011 0:00,0.491438,0.994590284
3/10/2011 0:00,0.492317,1.001788628
4/10/2011 0:00,0.494265,1.0039568
5/10/2011 0:00,0.496529,1.004580539
6/10/2011 0:00,0.498615,1.004201164
9/10/2011 0:00,0.495986,0.994727395
10/10/2011 0:00,0.500659,1.009421637
11/10/2011 0:00,0.49979,0.998264288
12/10/2011 0:00,0.497501,0.995420076
13/10/2011 0:00,0.497236,0.999467338
16/10/2011 0:00,0.499613,1.004780426
17/10/2011 0:00,0.499034,0.998841103
18/10/2011 0:00,0.501884,1.005711034
19/10/2011 0:00,0.500339,0.996921599
20/10/2011 0:00,0.497521,0.994367819
23/10/2011 0:00,0.492447,0.989801436
24/10/2011 0:00,0.494761,1.004698983
25/10/2011 0:00,0.494627,0.999729162
26/10/2011 0:00,0.493992,0.998716204
27/10/2011 0:00,0.500193,1.012552835
31/10/2011 0:00,0.498843,0.997301042
1/11/2011 0:00,0.496242,0.994785935
2/11/2011 0:00,0.490923,0.989281439
3/11/2011 0:00,0.491099,1.000358508
4/11/2011 0:00,0.493483,1.004854418
7/11/2011 0:00,0.492514,0.998036407
8/11/2011 0:00,0.49046,0.99582956
9/11/2011 0:00,0.490222,0.999514741
10/11/2011 0:00,0.487728,0.994912509
11/11/2011 0:00,0.48618,0.9968261
14/11/2011 0:00,0.487698,1.0031223
15/11/2011 0:00,0.48758,0.999758047
16/11/2011 0:00,0.489387,1.003706058
17/11/2011 0:00,0.49084,1.00296902
18/11/2011 0:00,0.489317,0.996897156
21/11/2011 0:00,0.488388,0.998101435
22/11/2011 0:00,0.490511,1.004346954
23/11/2011 0:00,0.491554,1.002126354
24/11/2011 0:00,0.491483,0.99985556
25/11/2011 0:00,0.493749,1.004610536
28/11/2011 0:00,0.495495,1.00353621
29/11/2011 0:00,0.496475,1.00197782
30/11/2011 0:00,0.494378,0.995776222
1/12/2011 0:00,0.496684,1.004664447
2/12/2011 0:00,0.497061,1.000759034
5/12/2011 0:00,0.499782,1.005474177
6/12/2011 0:00,0.498487,0.99740887
7/12/2011 0:00,0.499524,1.002080295
8/12/2011 0:00,0.496051,0.993047381
9/12/2011 0:00,0.494295,0.996460041
12/12/2011 0:00,0.493976,0.999354636
13/12/2011 0:00,0.492647,0.997309586
14/12/2011 0:00,0.494368,1.003493374
15/12/2011 0:00,0.493395,0.998031831
16/12/2011 0:00,0.493307,0.999821644
19/12/2011 0:00,0.494313,1.002039298
20/12/2011 0:00,0.493117,0.99758048
21/12/2011 0:00,0.491542,0.996806032
22/12/2011 0:00,0.492498,1.0019449
23/12/2011 0:00,0.492936,1.000889344
26/12/2011 0:00,0.495479,1.005158885
27/12/2011 0:00,0.495665,1.000375394
28/12/2011 0:00,0.492569,0.993753846
29/12/2011 0:00,0.498345,1.011726276
30/12/2011 0:00,0.499292,1.00190029
2/1/2012 0:00,0.497384,0.996178589
3/1/2012 0:00,0.497053,0.999334518
4/1/2012 0:00,0.497796,1.00149481
5/1/2012 0:00,0.49743,0.999264759
6/1/2012 0:00,0.499528,1.004217679
9/1/2012 0:00,0.500332,1.001609519
10/1/2012 0:00,0.499745,0.998826779
11/1/2012 0:00,0.501054,1.002619336
12/1/2012 0:00,0.505316,1.008506069
13/1/2012 0:00,0.505624,1.00060952
16/1/2012 0:00,0.505327,0.999412607
17/1/2012 0:00,0.505485,1.000312669
18/1/2012 0:00,0.507994,1.00496355
19/1/2012 0:00,0.507565,0.999155502
20/1/2012 0:00,0.507547,0.999964537
23/1/2012 0:00,0.505358,0.995687099
24/1/2012 0:00,0.506506,1.002271657
25/1/2012 0:00,0.505027,0.997079995
26/1/2012 0:00,0.506649,1.003211709
27/1/2012 0:00,0.506691,1.000082898
30/1/2012 0:00,0.508288,1.003151822
31/1/2012 0:00,0.506363,0.996212777
1/2/2012 0:00,0.504332,0.995989043
2/2/2012 0:00,0.504855,1.001037015
3/2/2012 0:00,0.507295,1.004833071
6/2/2012 0:00,0.508878,1.003120472
7/2/2012 0:00,0.506487,0.995301428
8/2/2012 0:00,0.505219,0.997496481
9/2/2012 0:00,0.507463,1.004441638
10/2/2012 0:00,0.50665,0.998397913
13/2/2012 0:00,0.504724,0.996198559
14/2/2012 0:00,0.505284,1.001109517
15/2/2012 0:00,0.504273,0.997999145
16/2/2012 0:00,0.504073,0.999603389
17/2/2012 0:00,0.501546,0.994986837
20/2/2012 0:00,0.50412,1.005132131
21/2/2012 0:00,0.503539,0.998847497
22/2/2012 0:00,0.504127,1.001167735
23/2/2012 0:00,0.507331,1.006355541
24/2/2012 0:00,0.50743,1.000195139
27/2/2012 0:00,0.501634,0.988577735
28/2/2012 0:00,0.503468,1.003656052
29/2/2012 0:00,0.503132,0.999332629
1/3/2012 0:00,0.50195,0.997650716
2/3/2012 0:00,0.501882,0.999864528
5/3/2012 0:00,0.5037,1.003622365
6/3/2012 0:00,0.501353,0.99534048
7/3/2012 0:00,0.503523,1.004328288
8/3/2012 0:00,0.504517,1.001974091
9/3/2012 0:00,0.504995,1.000947441
12/3/2012 0:00,0.507711,1.005378271
13/3/2012 0:00,0.508275,1.001110868
14/3/2012 0:00,0.50596,0.995445379
15/3/2012 0:00,0.503428,0.994995652
16/3/2012 0:00,0.503837,1.00081243
19/3/2012 0:00,0.502331,0.997010938
20/3/2012 0:00,0.500955,0.99726077
21/3/2012 0:00,0.49905,0.996197263
22/3/2012 0:00,0.498417,0.99873159
23/3/2012 0:00,0.499842,1.002859052
25/3/2012 0:00,0.500222,1.00076024
26/3/2012 0:00,0.498369,0.996295645
27/3/2012 0:00,0.498529,1.000321047
28/3/2012 0:00,0.500358,1.003668794
29/3/2012 0:00,0.497748,0.994783735
1/4/2012 0:00,0.498404,1.001317936
2/4/2012 0:00,0.497765,0.998717908
3/4/2012 0:00,0.500653,1.005801935
4/4/2012 0:00,0.499682,0.998060533
5/4/2012 0:00,0.501588,1.003814426
8/4/2012 0:00,0.499089,0.995017823
9/4/2012 0:00,0.49858,0.998980142
10/4/2012 0:00,0.499564,1.001973605
11/4/2012 0:00,0.499801,1.000474414
12/4/2012 0:00,0.50108,1.002559018
15/4/2012 0:00,0.505124,1.008070568
16/4/2012 0:00,0.503401,0.996588956
17/4/2012 0:00,0.502926,0.999056418
18/4/2012 0:00,0.498921,0.992036602
19/4/2012 0:00,0.497881,0.997915502
22/4/2012 0:00,0.496834,0.997897088
23/4/2012 0:00,0.497234,1.000805098
24/4/2012 0:00,0.49743,1.000394181
25/4/2012 0:00,0.497241,0.999620047
26/4/2012 0:00,0.497785,1.001094037
29/4/2012 0:00,0.496323,0.997062989
30/4/2012 0:00,0.49814,1.003660922
1/5/2012 0:00,0.499028,1.001782631
2/5/2012 0:00,0.497823,0.997585306
3/5/2012 0:00,0.496934,0.998214225
6/5/2012 0:00,0.496025,0.998170783
7/5/2012 0:00,0.495944,0.999836702
8/5/2012 0:00,0.495916,0.999943542
9/5/2012 0:00,0.494889,0.997929085
10/5/2012 0:00,0.494861,0.999943422
13/5/2012 0:00,0.496686,1.003687904
14/5/2012 0:00,0.494035,0.994662624
15/5/2012 0:00,0.496074,1.004127238
16/5/2012 0:00,0.495816,0.999479916
17/5/2012 0:00,0.497917,1.004237459
20/5/2012 0:00,0.496896,0.997949457
21/5/2012 0:00,0.498698,1.003626513
22/5/2012 0:00,0.497202,0.997000188
23/5/2012 0:00,0.498944,1.003503606
24/5/2012 0:00,0.500274,1.00266563
27/5/2012 0:00,0.499413,0.998278943
28/5/2012 0:00,0.499257,0.999687633
29/5/2012 0:00,0.499961,1.001410095
30/5/2012 0:00,0.501296,1.002670208
31/5/2012 0:00,0.504419,1.006229852
3/6/2012 0:00,0.503338,0.99785694
4/6/2012 0:00,0.506073,1.005433724
5/6/2012 0:00,0.505915,0.999687792
6/6/2012 0:00,0.506767,1.001684077
7/6/2012 0:00,0.504701,0.995923176
10/6/2012 0:00,0.50431,0.999225284
11/6/2012 0:00,0.502287,0.995988578
12/6/2012 0:00,0.500975,0.997387948
13/6/2012 0:00,0.502959,1.003960277
14/6/2012 0:00,0.502941,0.999964212
17/6/2012 0:00,0.502472,0.999067485
18/6/2012 0:00,0.502245,0.999548234
19/6/2012 0:00,0.502361,1.000230963
20/6/2012 0:00,0.501666,0.998616533
21/6/2012 0:00,0.501455,0.999579401
24/6/2012 0:00,0.501995,1.001076866
25/6/2012 0:00,0.501483,0.99898007
26/6/2012 0:00,0.500196,0.997433612
27/6/2012 0:00,0.502949,1.005503842
28/6/2012 0:00,0.503178,1.000455315
1/7/2012 0:00,0.503729,1.00109504
2/7/2012 0:00,0.502813,0.998181562
3/7/2012 0:00,0.504992,1.004333619
4/7/2012 0:00,0.506536,1.003057474
5/7/2012 0:00,0.509052,1.00496707
8/7/2012 0:00,0.507662,0.997269434
9/7/2012 0:00,0.507423,0.999529214
10/7/2012 0:00,0.508082,1.001298719
11/7/2012 0:00,0.51037,1.00450321
12/7/2012 0:00,0.510756,1.000756314
15/7/2012 0:00,0.507513,0.993650589
16/7/2012 0:00,0.506289,0.997588239
17/7/2012 0:00,0.506546,1.000507615
18/7/2012 0:00,0.508069,1.003006637
19/7/2012 0:00,0.507458,0.998797407
22/7/2012 0:00,0.509179,1.003391414
23/7/2012 0:00,0.511088,1.003749173
24/7/2012 0:00,0.511011,0.999849341
25/7/2012 0:00,0.514023,1.005894198
26/7/2012 0:00,0.50947,0.99114242
29/7/2012 0:00,0.509569,1.00019432
30/7/2012 0:00,0.510443,1.001715175
31/7/2012 0:00,0.512354,1.003743807
1/8/2012 0:00,0.515713,1.006556014
2/8/2012 0:00,0.516137,1.000822163
5/8/2012 0:00,0.51492,0.997642099
6/8/2012 0:00,0.51673,1.003515109
7/8/2012 0:00,0.515256,0.997147446
8/8/2012 0:00,0.51257,0.994787057
9/8/2012 0:00,0.513979,1.002748893
12/8/2012 0:00,0.512668,0.997449312
13/8/2012 0:00,0.511796,0.998299094
14/8/2012 0:00,0.511622,0.999660021
15/8/2012 0:00,0.510528,0.997861703
16/8/2012 0:00,0.508807,0.99662898
19/8/2012 0:00,0.509024,1.000426488
20/8/2012 0:00,0.508224,0.998428365
21/8/2012 0:00,0.506874,0.997343691
22/8/2012 0:00,0.505078,0.996456713
23/8/2012 0:00,0.505531,1.000896891
26/8/2012 0:00,0.506192,1.001307536
27/8/2012 0:00,0.50563,0.998889749
28/8/2012 0:00,0.504527,0.997818563
29/8/2012 0:00,0.50386,0.99867797
30/8/2012 0:00,0.505225,1.002709086
2/9/2012 0:00,0.504444,0.998454154
3/9/2012 0:00,0.505499,1.002091412
4/9/2012 0:00,0.505129,0.99926805
5/9/2012 0:00,0.504089,0.99794112
6/9/2012 0:00,0.505111,1.00202742
9/9/2012 0:00,0.505323,1.00041971
10/9/2012 0:00,0.505628,1.000603574
11/9/2012 0:00,0.505915,1.000567611
12/9/2012 0:00,0.505278,0.998740895
13/9/2012 0:00,0.505257,0.999958439
16/9/2012 0:00,0.504916,0.999325096
17/9/2012 0:00,0.502933,0.996072614
18/9/2012 0:00,0.502613,0.999363732
19/9/2012 0:00,0.503415,1.001595661
20/9/2012 0:00,0.503677,1.000520445
23/9/2012 0:00,0.50298,0.998616177
24/9/2012 0:00,0.502221,0.998490994
25/9/2012 0:00,0.502515,1.0005854
26/9/2012 0:00,0.502234,0.999440813
27/9/2012 0:00,0.502471,1.000471892
30/9/2012 0:00,0.504605,1.004247011
1/10/2012 0:00,0.504475,0.999742373
2/10/2012 0:00,0.503533,0.998132712
3/10/2012 0:00,0.505041,1.002994838
4/10/2012 0:00,0.502931,0.995822121
7/10/2012 0:00,0.503965,1.002055948
8/10/2012 0:00,0.50742,1.006855635
9/10/2012 0:00,0.507774,1.000697647
10/10/2012 0:00,0.507622,0.999700654
11/10/2012 0:00,0.507471,0.999702535
14/10/2012 0:00,0.509324,1.00365144
15/10/2012 0:00,0.509254,0.999862563
16/10/2012 0:00,0.508706,0.998923916
17/10/2012 0:00,0.509446,1.001454671
18/10/2012 0:00,0.510894,1.002842303
21/10/2012 0:00,0.511288,1.000771197
22/10/2012 0:00,0.511239,0.999904164
23/10/2012 0:00,0.512004,1.001496365
24/10/2012 0:00,0.510216,0.99650784
25/10/2012 0:00,0.508137,0.995925255
29/10/2012 0:00,0.508679,1.001066641
30/10/2012 0:00,0.510809,1.004187317
31/10/2012 0:00,0.510211,0.998829308
1/11/2012 0:00,0.508199,0.996056533
2/11/2012 0:00,0.508033,0.999673356
5/11/2012 0:00,0.509868,1.00361197
6/11/2012 0:00,0.511153,1.00252026
7/11/2012 0:00,0.511284,1.000256283
8/11/2012 0:00,0.511318,1.000066499
9/11/2012 0:00,0.511035,0.999446528
12/11/2012 0:00,0.514209,1.006210925
13/11/2012 0:00,0.515132,1.00179499
14/11/2012 0:00,0.515085,0.999908761
15/11/2012 0:00,0.516081,1.001933661
16/11/2012 0:00,0.514972,0.997851113
19/11/2012 0:00,0.512814,0.995809481
20/11/2012 0:00,0.513776,1.001875924
21/11/2012 0:00,0.512948,0.998388403
22/11/2012 0:00,0.511447,0.997073777
23/11/2012 0:00,0.512249,1.0015681
26/11/2012 0:00,0.510469,0.996525127
27/11/2012 0:00,0.510761,1.000572023
28/11/2012 0:00,0.510303,0.999103299
29/11/2012 0:00,0.510966,1.001299228
30/11/2012 0:00,0.510858,0.999788636
3/12/2012 0:00,0.511557,1.001368286
4/12/2012 0:00,0.509849,0.996661174
5/12/2012 0:00,0.510111,1.000513878
6/12/2012 0:00,0.510039,0.999858854
7/12/2012 0:00,0.510563,1.001027372
10/12/2012 0:00,0.510904,1.00066789
11/12/2012 0:00,0.509225,0.996713668
12/12/2012 0:00,0.508341,0.998264029
13/12/2012 0:00,0.507743,0.998823624
14/12/2012 0:00,0.50814,1.000781892
17/12/2012 0:00,0.506638,0.997044122
18/12/2012 0:00,0.505986,0.998713085
19/12/2012 0:00,0.505462,0.998964398
20/12/2012 0:00,0.504336,0.997772335
21/12/2012 0:00,0.504433,1.000192332
24/12/2012 0:00,0.506821,1.004734028
25/12/2012 0:00,0.507823,1.001977029
26/12/2012 0:00,0.507335,0.999039035
27/12/2012 0:00,0.506729,0.998805523
28/12/2012 0:00,0.507442,1.001407064
31/12/2012 0:00,0.505929,0.997018378
1/1/2013 0:00,0.504547,0.997268391
2/1/2013 0:00,0.503971,0.998858382
3/1/2013 0:00,0.50394,0.999938489
4/1/2013 0:00,0.50667,1.005417312
7/1/2013 0:00,0.507382,1.001405254
8/1/2013 0:00,0.504678,0.994670682
9/1/2013 0:00,0.507012,1.004624731
10/1/2013 0:00,0.508361,1.002660687
11/1/2013 0:00,0.506073,0.995499261
14/1/2013 0:00,0.505309,0.998490336
15/1/2013 0:00,0.507647,1.004626872
16/1/2013 0:00,0.508169,1.001028274
17/1/2013 0:00,0.510752,1.005082955
18/1/2013 0:00,0.511603,1.001666171
21/1/2013 0:00,0.514022,1.004728276
22/1/2013 0:00,0.513918,0.999797674
23/1/2013 0:00,0.514548,1.001225877
24/1/2013 0:00,0.514877,1.000639396
25/1/2013 0:00,0.514925,1.000093226
28/1/2013 0:00,0.51288,0.996028548
29/1/2013 0:00,0.514473,1.00310599
30/1/2013 0:00,0.514462,0.999978619
31/1/2013 0:00,0.51219,0.995583736
1/2/2013 0:00,0.509106,0.993978797
4/2/2013 0:00,0.513376,1.008387251
5/2/2013 0:00,0.512351,0.998003413
6/2/2013 0:00,0.516065,1.007248937
7/2/2013 0:00,0.515296,0.998509878
8/2/2013 0:00,0.513575,0.996660172
11/2/2013 0:00,0.511353,0.995673465
12/2/2013 0:00,0.51445,1.006056482
13/2/2013 0:00,0.515004,1.001076878
14/2/2013 0:00,0.521064,1.011766899
15/2/2013 0:00,0.522766,1.003266393
18/2/2013 0:00,0.521907,0.998356817
19/2/2013 0:00,0.521507,0.99923358
20/2/2013 0:00,0.523993,1.004766954
21/2/2013 0:00,0.529439,1.010393269
22/2/2013 0:00,0.528323,0.997892108
25/2/2013 0:00,0.534514,1.01171821
26/2/2013 0:00,0.532072,0.995431364
27/2/2013 0:00,0.533705,1.003069134
28/2/2013 0:00,0.533285,0.999213048
1/3/2013 0:00,0.532719,0.998938654
4/3/2013 0:00,0.535225,1.004704169
5/3/2013 0:00,0.531137,0.992362091
6/3/2013 0:00,0.530671,0.999122637
7/3/2013 0:00,0.534273,1.006787633
8/3/2013 0:00,0.534581,1.000576484
11/3/2013 0:00,0.537283,1.005054426
12/3/2013 0:00,0.537253,0.999944164
13/3/2013 0:00,0.538227,1.001812926
14/3/2013 0:00,0.53673,0.997218646
15/3/2013 0:00,0.530576,0.988534272
18/3/2013 0:00,0.52907,0.997161575
19/3/2013 0:00,0.530222,1.002177406
20/3/2013 0:00,0.529412,0.998472338
21/3/2013 0:00,0.52956,1.000279555
22/3/2013 0:00,0.5274,0.995921142
25/3/2013 0:00,0.526201,0.997726583
26/3/2013 0:00,0.529582,1.006425301
27/3/2013 0:00,0.531555,1.00372558
28/3/2013 0:00,0.532104,1.001032819
29/3/2013 0:00,0.530431,0.996855878
31/3/2013 0:00,0.530248,0.999654998
1/4/2013 0:00,0.530228,0.999962282
2/4/2013 0:00,0.534329,1.007734409
3/4/2013 0:00,0.533302,0.998077963
4/4/2013 0:00,0.529534,0.992934585
7/4/2013 0:00,0.525577,0.992527392
8/4/2013 0:00,0.527791,1.004212513
9/4/2013 0:00,0.526681,0.997896895
10/4/2013 0:00,0.527013,1.000630363
11/4/2013 0:00,0.52546,0.997053204
14/4/2013 0:00,0.526439,1.001863129
15/4/2013 0:00,0.527879,1.00273536
16/4/2013 0:00,0.527595,0.999461998
17/4/2013 0:00,0.530959,1.006376103
18/4/2013 0:00,0.529429,0.997118422
21/4/2013 0:00,0.530833,1.002651914
22/4/2013 0:00,0.52688,0.992553214
23/4/2013 0:00,0.528876,1.003788339
24/4/2013 0:00,0.526945,0.996348861
25/4/2013 0:00,0.52301,0.992532427
28/4/2013 0:00,0.522186,0.998424504
29/4/2013 0:00,0.523184,1.001911196
30/4/2013 0:00,0.522704,0.999082541
1/5/2013 0:00,0.520608,0.995990082
2/5/2013 0:00,0.521276,1.001283115
5/5/2013 0:00,0.520828,0.99914057
6/5/2013 0:00,0.522814,1.003813159
7/5/2013 0:00,0.524095,1.002450202
8/5/2013 0:00,0.524523,1.000816646
9/5/2013 0:00,0.524864,1.000650114
12/5/2013 0:00,0.525738,1.001665193
13/5/2013 0:00,0.526706,1.001841221
14/5/2013 0:00,0.52822,1.002874469
15/5/2013 0:00,0.526778,0.997270077
16/5/2013 0:00,0.523329,0.99345265
19/5/2013 0:00,0.524171,1.001608931
20/5/2013 0:00,0.522538,0.996884604
21/5/2013 0:00,0.524223,1.003224646
22/5/2013 0:00,0.524365,1.000270877
23/5/2013 0:00,0.523717,0.99876422
26/5/2013 0:00,0.522678,0.998016104
27/5/2013 0:00,0.524952,1.004350671
28/5/2013 0:00,0.52423,0.998624636
29/5/2013 0:00,0.522191,0.996110486
30/5/2013 0:00,0.521474,0.998626939
2/6/2013 0:00,0.521188,0.999451555
3/6/2013 0:00,0.521123,0.999875285
4/6/2013 0:00,0.520952,0.999671862
5/6/2013 0:00,0.519576,0.997358682
6/6/2013 0:00,0.516159,0.993423484
9/6/2013 0:00,0.514273,0.996346087
10/6/2013 0:00,0.511735,0.995064878
11/6/2013 0:00,0.513891,1.004213118
12/6/2013 0:00,0.508042,0.988618209
13/6/2013 0:00,0.509483,1.00283638
16/6/2013 0:00,0.508889,0.998834112
17/6/2013 0:00,0.506993,0.996274237
18/6/2013 0:00,0.506639,0.999301766
19/6/2013 0:00,0.509369,1.005388452
20/6/2013 0:00,0.506241,0.993859069
23/6/2013 0:00,0.510055,1.007533961
24/6/2013 0:00,0.507785,0.9955495
25/6/2013 0:00,0.510664,1.005669722
26/6/2013 0:00,0.512505,1.00360511
27/6/2013 0:00,0.517375,1.009502346
30/6/2013 0:00,0.51827,1.001729886
1/7/2013 0:00,0.520081,1.003494318
2/7/2013 0:00,0.519139,0.998188744
3/7/2013 0:00,0.514305,0.990688428
4/7/2013 0:00,0.522013,1.014987216
7/7/2013 0:00,0.524653,1.005057345
8/7/2013 0:00,0.522866,0.996593939
9/7/2013 0:00,0.526601,1.007143322
10/7/2013 0:00,0.522245,0.991728083
11/7/2013 0:00,0.523135,1.001704181
14/7/2013 0:00,0.524839,1.003257285
15/7/2013 0:00,0.524692,0.999719914
16/7/2013 0:00,0.524774,1.000156282
17/7/2013 0:00,0.521677,0.994098412
18/7/2013 0:00,0.518742,0.994373913
21/7/2013 0:00,0.517972,0.99851564
22/7/2013 0:00,0.516647,0.997441947
23/7/2013 0:00,0.514842,0.996506319
24/7/2013 0:00,0.514516,0.999366796
25/7/2013 0:00,0.513998,0.998993229
28/7/2013 0:00,0.514419,1.000819069
29/7/2013 0:00,0.514265,0.999700633
30/7/2013 0:00,0.516574,1.004489903
31/7/2013 0:00,0.518547,1.003819395
1/8/2013 0:00,0.518425,0.999764727
4/8/2013 0:00,0.514771,0.992951729
5/8/2013 0:00,0.513587,0.997699948
6/8/2013 0:00,0.514503,1.001783534
7/8/2013 0:00,0.509442,0.990163323
8/8/2013 0:00,0.511024,1.003105358
11/8/2013 0:00,0.512491,1.002870707
12/8/2013 0:00,0.511958,0.998959982
13/8/2013 0:00,0.510954,0.998038902
14/8/2013 0:00,0.5079,0.994022945
15/8/2013 0:00,0.504061,0.992441425
18/8/2013 0:00,0.503846,0.999573464
19/8/2013 0:00,0.500129,0.992622746
20/8/2013 0:00,0.500604,1.000949755
21/8/2013 0:00,0.498517,0.995831036
22/8/2013 0:00,0.500398,1.003773191
25/8/2013 0:00,0.501967,1.003135504
26/8/2013 0:00,0.500847,0.997768778
27/8/2013 0:00,0.500755,0.999816311
28/8/2013 0:00,0.50437,1.007219099
29/8/2013 0:00,0.505558,1.002355414
1/9/2013 0:00,0.505745,1.000369888
2/9/2013 0:00,0.505065,0.998655449
3/9/2013 0:00,0.502959,0.99583024
4/9/2013 0:00,0.50224,0.99857046
5/9/2013 0:00,0.500886,0.997304078
8/9/2013 0:00,0.501561,1.001347612
9/9/2013 0:00,0.502041,1.000957012
10/9/2013 0:00,0.501376,0.998675407
11/9/2013 0:00,0.499439,0.996136632
12/9/2013 0:00,0.499215,0.999551497
15/9/2013 0:00,0.496656,0.994873952
16/9/2013 0:00,0.498462,1.00363632
17/9/2013 0:00,0.499143,1.001366202
18/9/2013 0:00,0.4977,0.997109045
19/9/2013 0:00,0.500425,1.005475186
22/9/2013 0:00,0.499264,0.997679972
23/9/2013 0:00,0.498433,0.99833555
24/9/2013 0:00,0.498215,0.999562629
25/9/2013 0:00,0.496192,0.995939504
26/9/2013 0:00,0.496781,1.001187041
29/9/2013 0:00,0.492021,0.990418313
30/9/2013 0:00,0.49218,1.000323157
1/10/2013 0:00,0.493188,1.002048031
2/10/2013 0:00,0.493348,1.00032442
3/10/2013 0:00,0.495651,1.004668104
6/10/2013 0:00,0.50018,1.009137478
8/10/2013 0:00,0.496769,0.993180455
9/10/2013 0:00,0.501432,1.009386657
10/10/2013 0:00,0.501057,0.999252142
13/10/2013 0:00,0.502089,1.002059646
14/10/2013 0:00,0.503393,1.002597149
15/10/2013 0:00,0.503469,1.000150975
16/10/2013 0:00,0.504107,1.001267208
17/10/2013 0:00,0.499633,0.9911249
20/10/2013 0:00,0.499164,0.999061311
21/10/2013 0:00,0.498817,0.999304838
22/10/2013 0:00,0.498547,0.999458719
23/10/2013 0:00,0.499608,1.002128185
24/10/2013 0:00,0.498852,0.998486814
28/10/2013 0:00,0.500429,1.003161258
29/10/2013 0:00,0.500452,1.000045961
30/10/2013 0:00,0.501978,1.003049243
31/10/2013 0:00,0.503254,1.002541944
1/11/2013 0:00,0.501993,0.997494307
4/11/2013 0:00,0.505189,1.006366623
5/11/2013 0:00,0.504005,0.997656323
6/11/2013 0:00,0.501194,0.994422674
7/11/2013 0:00,0.500294,0.998204288
8/11/2013 0:00,0.499409,0.99823104
11/11/2013 0:00,0.500777,1.002739238
12/11/2013 0:00,0.500929,1.000303528
13/11/2013 0:00,0.503867,1.005865103
14/11/2013 0:00,0.500329,0.992978306
15/11/2013 0:00,0.499459,0.998261144
18/11/2013 0:00,0.497938,0.996954705
19/11/2013 0:00,0.497814,0.999750973
20/11/2013 0:00,0.498696,1.001771746
21/11/2013 0:00,0.498331,0.999268091
22/11/2013 0:00,0.494161,0.991632068
25/11/2013 0:00,0.492916,0.997480578
26/11/2013 0:00,0.494967,1.004160952
27/11/2013 0:00,0.493063,0.996153279
28/11/2013 0:00,0.489351,0.99247155
29/11/2013 0:00,0.487388,0.995988564
2/12/2013 0:00,0.48665,0.998485806
3/12/2013 0:00,0.486695,1.000092469
4/12/2013 0:00,0.486967,1.000558872
5/12/2013 0:00,0.486696,0.999443494
6/12/2013 0:00,0.488471,1.00364704
9/12/2013 0:00,0.489673,1.00246074
10/12/2013 0:00,0.487434,0.995427561
11/12/2013 0:00,0.486678,0.998449021
12/12/2013 0:00,0.487856,1.002420492
13/12/2013 0:00,0.487052,0.998351973
16/12/2013 0:00,0.488615,1.003209103
17/12/2013 0:00,0.488666,1.000104377
18/12/2013 0:00,0.488665,0.999997954
19/12/2013 0:00,0.48363,0.989696418
20/12/2013 0:00,0.482674,0.998023282
23/12/2013 0:00,0.4836,1.001918479
24/12/2013 0:00,0.482666,0.998068652
25/12/2013 0:00,0.481891,0.998394335
26/12/2013 0:00,0.482506,1.001276222
27/12/2013 0:00,0.480001,0.994808355
30/12/2013 0:00,0.477943,0.995712509
31/12/2013 0:00,0.478492,1.001148673
1/1/2014 0:00,0.478266,0.999527683
2/1/2014 0:00,0.47714,0.997645662
3/1/2014 0:00,0.479877,1.005736262
6/1/2014 0:00,0.481085,1.002517312
7/1/2014 0:00,0.480651,0.999097873
8/1/2014 0:00,0.479593,0.997798819
9/1/2014 0:00,0.477552,0.995744308
10/1/2014 0:00,0.477593,1.000085855
13/1/2014 0:00,0.479868,1.00476347
14/1/2014 0:00,0.482206,1.004872173
15/1/2014 0:00,0.479609,0.994614335
16/1/2014 0:00,0.480148,1.001123832
17/1/2014 0:00,0.480804,1.001366245
20/1/2014 0:00,0.477628,0.993394398
21/1/2014 0:00,0.476991,0.998666326
22/1/2014 0:00,0.474852,0.995515639
23/1/2014 0:00,0.471999,0.993991812
24/1/2014 0:00,0.469961,0.995682194
27/1/2014 0:00,0.474225,1.009073093
28/1/2014 0:00,0.472792,0.996978228
29/1/2014 0:00,0.473854,1.002246231
30/1/2014 0:00,0.473194,0.998607166
31/1/2014 0:00,0.475549,1.004976817
3/2/2014 0:00,0.4763,1.001579227
4/2/2014 0:00,0.480812,1.009473021
5/2/2014 0:00,0.482827,1.004190827
6/2/2014 0:00,0.483082,1.000528139
7/2/2014 0:00,0.483102,1.000041401
10/2/2014 0:00,0.480534,0.994684352
11/2/2014 0:00,0.47976,0.998389292
12/2/2014 0:00,0.47977,1.000020844
13/2/2014 0:00,0.475718,0.991554286
14/2/2014 0:00,0.474671,0.997799116
17/2/2014 0:00,0.474053,0.998698046
18/2/2014 0:00,0.475029,1.002058842
19/2/2014 0:00,0.475051,1.000046313
20/2/2014 0:00,0.474501,0.99884223
21/2/2014 0:00,0.474747,1.000518439
24/2/2014 0:00,0.474484,0.999446021
25/2/2014 0:00,0.475446,1.002027466
26/2/2014 0:00,0.474229,0.997440298
27/2/2014 0:00,0.473841,0.99918183
28/2/2014 0:00,0.473802,0.999917694
3/3/2014 0:00,0.470989,0.994062921
4/3/2014 0:00,0.472427,1.00305315
5/3/2014 0:00,0.47282,1.000831875
6/3/2014 0:00,0.471272,0.996726027
7/3/2014 0:00,0.472918,1.003492675
10/3/2014 0:00,0.47132,0.996620979
11/3/2014 0:00,0.473996,1.005677671
12/3/2014 0:00,0.474686,1.001455708
13/3/2014 0:00,0.474858,1.000362345
14/3/2014 0:00,0.47489,1.000067389
17/3/2014 0:00,0.474876,0.999970519
18/3/2014 0:00,0.475331,1.000958145
19/3/2014 0:00,0.476823,1.003138865
20/3/2014 0:00,0.474786,0.995727975
21/3/2014 0:00,0.474287,0.998949
24/3/2014 0:00,0.476135,1.003896375
25/3/2014 0:00,0.476971,1.001755805
26/3/2014 0:00,0.477045,1.000155146
27/3/2014 0:00,0.476076,0.997968745
28/3/2014 0:00,0.476636,1.001176283
30/3/2014 0:00,0.477106,1.000986077
31/3/2014 0:00,0.476808,0.999375401
1/4/2014 0:00,0.477245,1.000916511
2/4/2014 0:00,0.476655,0.998763738
3/4/2014 0:00,0.477131,1.000998626
6/4/2014 0:00,0.479144,1.004218967
7/4/2014 0:00,0.477991,0.997593625
8/4/2014 0:00,0.477009,0.997945568
9/4/2014 0:00,0.477441,1.000905643
10/4/2014 0:00,0.477,0.999076326
13/4/2014 0:00,0.478767,1.003704403
14/4/2014 0:00,0.477044,0.996401172
15/4/2014 0:00,0.477178,1.000280897
16/4/2014 0:00,0.476024,0.997581615
17/4/2014 0:00,0.475537,0.998976942
20/4/2014 0:00,0.475549,1.000025235
21/4/2014 0:00,0.475422,0.99973294
22/4/2014 0:00,0.473236,0.99540198
23/4/2014 0:00,0.474611,1.002905527
24/4/2014 0:00,0.473119,0.996856373
27/4/2014 0:00,0.473679,1.001183635
28/4/2014 0:00,0.473495,0.999611551
29/4/2014 0:00,0.4735,1.00001056
30/4/2014 0:00,0.472927,0.998789863
1/5/2014 0:00,0.472408,0.998902579
4/5/2014 0:00,0.473498,1.002307328
5/5/2014 0:00,0.474429,1.001966217
6/5/2014 0:00,0.472396,0.995714849
7/5/2014 0:00,0.472017,0.999197707
8/5/2014 0:00,0.473551,1.003249883
11/5/2014 0:00,0.47475,1.002531934
12/5/2014 0:00,0.473976,0.998369668
13/5/2014 0:00,0.474563,1.001238459
14/5/2014 0:00,0.477006,1.005147894
15/5/2014 0:00,0.475529,0.996903603
18/5/2014 0:00,0.475417,0.999764473
19/5/2014 0:00,0.475499,1.00017248
20/5/2014 0:00,0.47401,0.996868553
21/5/2014 0:00,0.472911,0.997681484
22/5/2014 0:00,0.473629,1.001518256
25/5/2014 0:00,0.474151,1.001102128
26/5/2014 0:00,0.473849,0.999363072
27/5/2014 0:00,0.473564,0.999398543
28/5/2014 0:00,0.476469,1.006134335
29/5/2014 0:00,0.476852,1.00080383
1/6/2014 0:00,0.475768,0.997726758
2/6/2014 0:00,0.47506,0.99851188
3/6/2014 0:00,0.475373,1.000658864
4/6/2014 0:00,0.474925,0.999057582
5/6/2014 0:00,0.474787,0.999709428
8/6/2014 0:00,0.475615,1.00174394
9/6/2014 0:00,0.476004,1.000817888
10/6/2014 0:00,0.477688,1.003537785
11/6/2014 0:00,0.476381,0.997263904
12/6/2014 0:00,0.472552,0.991962316
15/6/2014 0:00,0.470951,0.996612013
16/6/2014 0:00,0.470999,1.000101921
17/6/2014 0:00,0.470541,0.999027599
18/6/2014 0:00,0.471118,1.001226248
19/6/2014 0:00,0.469743,0.997081411
22/6/2014 0:00,0.470182,1.000934554
23/6/2014 0:00,0.470528,1.000735885
24/6/2014 0:00,0.471403,1.001859613
25/6/2014 0:00,0.471289,0.999758169
26/6/2014 0:00,0.469959,0.997177952
29/6/2014 0:00,0.469757,0.999570175
30/6/2014 0:00,0.468802,0.997967034
1/7/2014 0:00,0.468265,0.998854527
2/7/2014 0:00,0.467166,0.997653038
3/7/2014 0:00,0.467533,1.000785588
6/7/2014 0:00,0.468113,1.001240554
7/7/2014 0:00,0.468271,1.000337525
8/7/2014 0:00,0.469489,1.002601058
9/7/2014 0:00,0.469561,1.000153358
10/7/2014 0:00,0.470114,1.001177696
13/7/2014 0:00,0.470498,1.000816823
14/7/2014 0:00,0.471586,1.002312443
15/7/2014 0:00,0.469,0.994516377
16/7/2014 0:00,0.469774,1.00165032
17/7/2014 0:00,0.470369,1.001266566
20/7/2014 0:00,0.471547,1.002504417
21/7/2014 0:00,0.472483,1.001984956
22/7/2014 0:00,0.472748,1.000560867
23/7/2014 0:00,0.474328,1.003342161
24/7/2014 0:00,0.474532,1.000430082
27/7/2014 0:00,0.47439,0.999700758
28/7/2014 0:00,0.474157,0.999508843
29/7/2014 0:00,0.474874,1.001512157
30/7/2014 0:00,0.475118,1.000513821
31/7/2014 0:00,0.474534,0.998770832
3/8/2014 0:00,0.476591,1.004334779
4/8/2014 0:00,0.475803,0.998346591
5/8/2014 0:00,0.474816,0.997925612
6/8/2014 0:00,0.475351,1.001126752
7/8/2014 0:00,0.474463,0.998131907
10/8/2014 0:00,0.47663,1.004567269
11/8/2014 0:00,0.476693,1.000132178
12/8/2014 0:00,0.475783,0.998091015
13/8/2014 0:00,0.479793,1.008428212
14/8/2014 0:00,0.480905,1.002317666
17/8/2014 0:00,0.48047,0.999095455
18/8/2014 0:00,0.480405,0.999864716
19/8/2014 0:00,0.482381,1.004113196
20/8/2014 0:00,0.481593,0.998366436
21/8/2014 0:00,0.482717,1.002333921
24/8/2014 0:00,0.483092,1.000776853
25/8/2014 0:00,0.482526,0.998828381
26/8/2014 0:00,0.483777,1.002592606
27/8/2014 0:00,0.483688,0.999816031
28/8/2014 0:00,0.482502,0.997548006
31/8/2014 0:00,0.482484,0.999962694
1/9/2014 0:00,0.481634,0.998238284
2/9/2014 0:00,0.484416,1.00577617
3/9/2014 0:00,0.485401,1.002033376
4/9/2014 0:00,0.488724,1.006845886
7/9/2014 0:00,0.491964,1.006629509
8/9/2014 0:00,0.493593,1.003311218
9/9/2014 0:00,0.491465,0.995688756
10/9/2014 0:00,0.488795,0.994567263
11/9/2014 0:00,0.486973,0.996272466
14/9/2014 0:00,0.486425,0.998874681
15/9/2014 0:00,0.487557,1.002327183
16/9/2014 0:00,0.487781,1.000459433
17/9/2014 0:00,0.484409,0.993087062
18/9/2014 0:00,0.479977,0.990850707
21/9/2014 0:00,0.48389,1.008152474
22/9/2014 0:00,0.481392,0.99483767
23/9/2014 0:00,0.481046,0.999281251
24/9/2014 0:00,0.483108,1.004286492
25/9/2014 0:00,0.482358,0.998447552
28/9/2014 0:00,0.482868,1.001057306
29/9/2014 0:00,0.483163,1.000610933
30/9/2014 0:00,0.483377,1.000442915
1/10/2014 0:00,0.485408,1.004201689
2/10/2014 0:00,0.486478,1.002204331
5/10/2014 0:00,0.488814,1.004801862
6/10/2014 0:00,0.487638,0.997594177
7/10/2014 0:00,0.487387,0.999485274
8/10/2014 0:00,0.486044,0.997244489
9/10/2014 0:00,0.487576,1.003151978
12/10/2014 0:00,0.487533,0.999911809
13/10/2014 0:00,0.489658,1.004358679
14/10/2014 0:00,0.493108,1.007045734
15/10/2014 0:00,0.491337,0.996408495
16/10/2014 0:00,0.487557,0.992306706
19/10/2014 0:00,0.487721,1.000336371
20/10/2014 0:00,0.487241,0.999015831
21/10/2014 0:00,0.488007,1.001572117
22/10/2014 0:00,0.489576,1.003215118
23/10/2014 0:00,0.488937,0.998694789
27/10/2014 0:00,0.487147,0.996338997
28/10/2014 0:00,0.486553,0.998780656
29/10/2014 0:00,0.486783,1.000472713
30/10/2014 0:00,0.488709,1.003956588
31/10/2014 0:00,0.489263,1.001133599
3/11/2014 0:00,0.486509,0.994371126
4/11/2014 0:00,0.485049,0.996999028
5/11/2014 0:00,0.484938,0.999771157
6/11/2014 0:00,0.484173,0.998422479
7/11/2014 0:00,0.487237,1.006328317
10/11/2014 0:00,0.488617,1.002832297
11/11/2014 0:00,0.488814,1.000403179
12/11/2014 0:00,0.486141,0.994531662
13/11/2014 0:00,0.491361,1.010737626
14/11/2014 0:00,0.492769,1.00286551
17/11/2014 0:00,0.491401,0.997223851
18/11/2014 0:00,0.492425,1.002083838
19/11/2014 0:00,0.492844,1.000850891
20/11/2014 0:00,0.489918,0.99406303
21/11/2014 0:00,0.489897,0.999957136
24/11/2014 0:00,0.492092,1.004480534
25/11/2014 0:00,0.488877,0.993466669
26/11/2014 0:00,0.489518,1.001311168
27/11/2014 0:00,0.487917,0.996729436
28/11/2014 0:00,0.489173,1.002574208
1/12/2014 0:00,0.490137,1.001970673
2/12/2014 0:00,0.486661,0.992908105
3/12/2014 0:00,0.487632,1.001995229
4/12/2014 0:00,0.485659,0.995953916
5/12/2014 0:00,0.486247,1.001210726
8/12/2014 0:00,0.48599,0.999471462
9/12/2014 0:00,0.4845,0.996934093
10/12/2014 0:00,0.48448,0.99995872
11/12/2014 0:00,0.485137,1.001356093
12/12/2014 0:00,0.484174,0.998014994
15/12/2014 0:00,0.484955,1.001613056
16/12/2014 0:00,0.487373,1.00498603
17/12/2014 0:00,0.487605,1.000476021
18/12/2014 0:00,0.489391,1.003662801
19/12/2014 0:00,0.485629,0.992312895
22/12/2014 0:00,0.486414,1.00161646
23/12/2014 0:00,0.486525,1.000228201
24/12/2014 0:00,0.486109,0.999144957
25/12/2014 0:00,0.486207,1.000201601
26/12/2014 0:00,0.485876,0.99931922
29/12/2014 0:00,0.48581,0.999864163
30/12/2014 0:00,0.486819,1.002076944
31/12/2014 0:00,0.486097,0.998516903
1/1/2015 0:00,0.484787,0.997305065
2/1/2015 0:00,0.484869,1.000169146
5/1/2015 0:00,0.490343,1.011289647
6/1/2015 0:00,0.491179,1.001704929
7/1/2015 0:00,0.495187,1.008159958
8/1/2015 0:00,0.494982,0.999586015
9/1/2015 0:00,0.495455,1.00095559
12/1/2015 0:00,0.49455,0.998173396
13/1/2015 0:00,0.493783,0.998449095
14/1/2015 0:00,0.494334,1.001115875
15/1/2015 0:00,0.49212,0.995521247
16/1/2015 0:00,0.497643,1.011222872
19/1/2015 0:00,0.497769,1.000253194
20/1/2015 0:00,0.49709,0.998635913
21/1/2015 0:00,0.493316,0.992407813
22/1/2015 0:00,0.494407,1.002211564
23/1/2015 0:00,0.49713,1.005507608
26/1/2015 0:00,0.495251,0.996220305
27/1/2015 0:00,0.493409,0.996280674
28/1/2015 0:00,0.491608,0.996349884
29/1/2015 0:00,0.487866,0.992388244
30/1/2015 0:00,0.490253,1.004892737
2/2/2015 0:00,0.490241,0.999975523
3/2/2015 0:00,0.492215,1.004026591
4/2/2015 0:00,0.490614,0.996747356
5/2/2015 0:00,0.488626,0.995947935
6/2/2015 0:00,0.48535,0.993295486
9/2/2015 0:00,0.484943,0.99916143
10/2/2015 0:00,0.48547,1.001086726
11/2/2015 0:00,0.483646,0.996242816
12/2/2015 0:00,0.482446,0.997518846
13/2/2015 0:00,0.479303,0.993485281
16/2/2015 0:00,0.479327,1.000050073
17/2/2015 0:00,0.479836,1.001061906
18/2/2015 0:00,0.480332,1.001033687
19/2/2015 0:00,0.477381,0.993856333
20/2/2015 0:00,0.47733,0.999893167
23/2/2015 0:00,0.477661,1.000693441
24/2/2015 0:00,0.476059,0.996646157
25/2/2015 0:00,0.476586,1.001107006
26/2/2015 0:00,0.47576,0.99826684
27/2/2015 0:00,0.478096,1.004910039
2/3/2015 0:00,0.475719,0.995028195
3/3/2015 0:00,0.476692,1.002045325
4/3/2015 0:00,0.477815,1.002355819
5/3/2015 0:00,0.479252,1.00300744
6/3/2015 0:00,0.478436,0.998297347
9/3/2015 0:00,0.481661,1.006740713
10/3/2015 0:00,0.479444,0.995397178
11/3/2015 0:00,0.477474,0.995891074
12/3/2015 0:00,0.482631,1.010800588
13/3/2015 0:00,0.486328,1.007660096
16/3/2015 0:00,0.48693,1.001237848
17/3/2015 0:00,0.485524,0.997112521
18/3/2015 0:00,0.488182,1.005474498
19/3/2015 0:00,0.485092,0.993670393
20/3/2015 0:00,0.488639,1.007312015
23/3/2015 0:00,0.485719,0.994024218
24/3/2015 0:00,0.489003,1.006761111
25/3/2015 0:00,0.492929,1.008028581
26/3/2015 0:00,0.490495,0.995062169
27/3/2015 0:00,0.491406,1.001857307
29/3/2015 0:00,0.490365,0.997881589
30/3/2015 0:00,0.490827,1.000942155
31/3/2015 0:00,0.491043,1.000440074
1/4/2015 0:00,0.494545,1.007131758
2/4/2015 0:00,0.496875,1.004711401
5/4/2015 0:00,0.496707,0.999661887
6/4/2015 0:00,0.495116,0.996796904
7/4/2015 0:00,0.496069,1.001924801
8/4/2015 0:00,0.49566,0.999175518
9/4/2015 0:00,0.500048,1.008852843
12/4/2015 0:00,0.499375,0.998654129
13/4/2015 0:00,0.496986,0.99521602
14/4/2015 0:00,0.49764,1.001315932
15/4/2015 0:00,0.497206,0.999127884
16/4/2015 0:00,0.496018,0.997610648
19/4/2015 0:00,0.49762,1.003229722
20/4/2015 0:00,0.497456,0.999670431
21/4/2015 0:00,0.495423,0.995913206
22/4/2015 0:00,0.493441,0.995999378
23/4/2015 0:00,0.494717,1.002585922
26/4/2015 0:00,0.494506,0.999573494
27/4/2015 0:00,0.494929,1.000855399
28/4/2015 0:00,0.494761,0.999660557
29/4/2015 0:00,0.490611,0.991612112
30/4/2015 0:00,0.491996,1.00282301
3/5/2015 0:00,0.496313,1.008774462
4/5/2015 0:00,0.496441,1.000257902
5/5/2015 0:00,0.494745,0.996583683
6/5/2015 0:00,0.495813,1.002158688
7/5/2015 0:00,0.487092,0.982410707
10/5/2015 0:00,0.487059,0.999932251
11/5/2015 0:00,0.4802,0.985917517
12/5/2015 0:00,0.47824,0.995918367
13/5/2015 0:00,0.479226,1.002061726
14/5/2015 0:00,0.480453,1.002560379
17/5/2015 0:00,0.481041,1.001223845
18/5/2015 0:00,0.480861,0.999625812
19/5/2015 0:00,0.48284,1.004115534
20/5/2015 0:00,0.48142,0.997059067
21/5/2015 0:00,0.478102,0.993107889
24/5/2015 0:00,0.483267,1.010803134
25/5/2015 0:00,0.481649,0.996651954
26/5/2015 0:00,0.481412,0.99950794
27/5/2015 0:00,0.482202,1.001641006
28/5/2015 0:00,0.484158,1.004056391
31/5/2015 0:00,0.484877,1.001485052
1/6/2015 0:00,0.485105,1.000470222
2/6/2015 0:00,0.483487,0.99666464
3/6/2015 0:00,0.485534,1.004233826
4/6/2015 0:00,0.482769,0.994305239
7/6/2015 0:00,0.482234,0.99889181
8/6/2015 0:00,0.481316,0.99809636
9/6/2015 0:00,0.480715,0.99875134
10/6/2015 0:00,0.480341,0.999221992
11/6/2015 0:00,0.479355,0.997947292
14/6/2015 0:00,0.477876,0.996914604
15/6/2015 0:00,0.476201,0.996494907
16/6/2015 0:00,0.476045,0.999672407
17/6/2015 0:00,0.472227,0.99197975
18/6/2015 0:00,0.471939,0.999390124
21/6/2015 0:00,0.47178,0.999663092
22/6/2015 0:00,0.472962,1.002505405
23/6/2015 0:00,0.473888,1.001957874
24/6/2015 0:00,0.47399,1.000215241
25/6/2015 0:00,0.472978,0.997864934
28/6/2015 0:00,0.470367,0.994479659
29/6/2015 0:00,0.471936,1.003335693
30/6/2015 0:00,0.473111,1.002489744
1/7/2015 0:00,0.473612,1.001058948
2/7/2015 0:00,0.47493,1.002782869
5/7/2015 0:00,0.475625,1.001463374
6/7/2015 0:00,0.47483,0.998328515
7/7/2015 0:00,0.477545,1.005717836
8/7/2015 0:00,0.48163,1.008554168
9/7/2015 0:00,0.481958,1.000681021
12/7/2015 0:00,0.476973,0.989656775
13/7/2015 0:00,0.475591,0.997102561
14/7/2015 0:00,0.470003,0.988250408
15/7/2015 0:00,0.468285,0.996344704
16/7/2015 0:00,0.46887,1.001249239
19/7/2015 0:00,0.468294,0.998771514
20/7/2015 0:00,0.46832,1.000055521
21/7/2015 0:00,0.471463,1.006711223
22/7/2015 0:00,0.469081,0.994947642
23/7/2015 0:00,0.470686,1.003421584
26/7/2015 0:00,0.469507,0.997495145
27/7/2015 0:00,0.469297,0.999552722
28/7/2015 0:00,0.469888,1.00125933
29/7/2015 0:00,0.467983,0.995945842
30/7/2015 0:00,0.466235,0.996264822
2/8/2015 0:00,0.466142,0.99980053
3/8/2015 0:00,0.465674,0.998996014
4/8/2015 0:00,0.464886,0.998307829
5/8/2015 0:00,0.463078,0.996110874
6/8/2015 0:00,0.465874,1.00603786
9/8/2015 0:00,0.466175,1.000646097
10/8/2015 0:00,0.464202,0.995767684
11/8/2015 0:00,0.457673,0.985935002
12/8/2015 0:00,0.457734,1.000133283
13/8/2015 0:00,0.458378,1.001406931
16/8/2015 0:00,0.454132,0.990736903
17/8/2015 0:00,0.456002,1.004117746
18/8/2015 0:00,0.454666,0.997070188
19/8/2015 0:00,0.454807,1.000310118
20/8/2015 0:00,0.454222,0.99871374
23/8/2015 0:00,0.451198,0.993342462
24/8/2015 0:00,0.449888,0.997096618
25/8/2015 0:00,0.453847,1.008799968
26/8/2015 0:00,0.459791,1.013096925
27/8/2015 0:00,0.463526,1.008123256
30/8/2015 0:00,0.460306,0.993053248
31/8/2015 0:00,0.461681,1.002987143
1/9/2015 0:00,0.462308,1.001358081
2/9/2015 0:00,0.461589,0.99844476
3/9/2015 0:00,0.462746,1.002506559
6/9/2015 0:00,0.462132,0.998673138
7/9/2015 0:00,0.458599,0.992354998
8/9/2015 0:00,0.458265,0.999271695
9/9/2015 0:00,0.458407,1.000309864
10/9/2015 0:00,0.458334,0.999840753
13/9/2015 0:00,0.458491,1.000342545
14/9/2015 0:00,0.461215,1.005941229
15/9/2015 0:00,0.464686,1.007525774
16/9/2015 0:00,0.461374,0.992872606
17/9/2015 0:00,0.459945,0.99690273
20/9/2015 0:00,0.459866,0.99982824
22/9/2015 0:00,0.459471,0.999141054
23/9/2015 0:00,0.459805,1.000726923
24/9/2015 0:00,0.461012,1.002625026
27/9/2015 0:00,0.461443,1.0009349
28/9/2015 0:00,0.460849,0.998712734
29/9/2015 0:00,0.462157,1.00283824
30/9/2015 0:00,0.464479,1.005024267
1/10/2015 0:00,0.461755,0.994135365
4/10/2015 0:00,0.459583,0.995296207
5/10/2015 0:00,0.464546,1.01079892
6/10/2015 0:00,0.462254,0.995066151
7/10/2015 0:00,0.462539,1.000616544
8/10/2015 0:00,0.464133,1.003446196
11/10/2015 0:00,0.466657,1.005438096
12/10/2015 0:00,0.465401,0.997308516
13/10/2015 0:00,0.467818,1.005193371
14/10/2015 0:00,0.468683,1.00184901
15/10/2015 0:00,0.468321,0.999227623
18/10/2015 0:00,0.468271,0.999893236
19/10/2015 0:00,0.465267,0.993584911
20/10/2015 0:00,0.465358,1.000195587
21/10/2015 0:00,0.465416,1.000124635
22/10/2015 0:00,0.466212,1.001710298
26/10/2015 0:00,0.467524,1.00281417
27/10/2015 0:00,0.467813,1.00061815
28/10/2015 0:00,0.467733,0.999828991
29/10/2015 0:00,0.46701,0.998454246
30/10/2015 0:00,0.465215,0.996156399
2/11/2015 0:00,0.462542,0.99425427
3/11/2015 0:00,0.463686,1.002473289
4/11/2015 0:00,0.464557,1.001878426
5/11/2015 0:00,0.463076,0.996812017
6/11/2015 0:00,0.467467,1.009482245
9/11/2015 0:00,0.467389,0.999833143
10/11/2015 0:00,0.465041,0.994976347
11/11/2015 0:00,0.464944,0.999791416
12/11/2015 0:00,0.463018,0.995857566
13/11/2015 0:00,0.46299,0.999939527
16/11/2015 0:00,0.461095,0.995907039
17/11/2015 0:00,0.462406,1.002843232
18/11/2015 0:00,0.461297,0.997601675
19/11/2015 0:00,0.462015,1.001556481
20/11/2015 0:00,0.462876,1.001863576
23/11/2015 0:00,0.465965,1.006673494
24/11/2015 0:00,0.466313,1.000746837
25/11/2015 0:00,0.470321,1.008595085
26/11/2015 0:00,0.470837,1.001097123
27/11/2015 0:00,0.470459,0.999197174
30/11/2015 0:00,0.470571,1.000238065
1/12/2015 0:00,0.47095,1.000805404
2/12/2015 0:00,0.471623,1.001429026
3/12/2015 0:00,0.473884,1.004794083
4/12/2015 0:00,0.473322,0.998814056
7/12/2015 0:00,0.473278,0.99990704
8/12/2015 0:00,0.47235,0.998039207
9/12/2015 0:00,0.473302,1.002015455
10/12/2015 0:00,0.469004,0.990919117
11/12/2015 0:00,0.470055,1.002240919
14/12/2015 0:00,0.465633,0.99059259
15/12/2015 0:00,0.468426,1.005998286
16/12/2015 0:00,0.473016,1.009798773
17/12/2015 0:00,0.473366,1.000739933
18/12/2015 0:00,0.472419,0.997999434
21/12/2015 0:00,0.474979,1.005418918
22/12/2015 0:00,0.476954,1.004158079
23/12/2015 0:00,0.480536,1.007510158
24/12/2015 0:00,0.478614,0.9960003
25/12/2015 0:00,0.477608,0.997898097
28/12/2015 0:00,0.476848,0.998408737
29/12/2015 0:00,0.477193,1.000723501
30/12/2015 0:00,0.477835,1.001345368
31/12/2015 0:00,0.477049,0.998355081
1/1/2016 0:00,0.478059,1.002117183
4/1/2016 0:00,0.478365,1.000640088
5/1/2016 0:00,0.476585,0.996278992
6/1/2016 0:00,0.47792,1.002801179
7/1/2016 0:00,0.476032,0.996049548
8/1/2016 0:00,0.477123,1.002291863
11/1/2016 0:00,0.476938,0.999612259
12/1/2016 0:00,0.479266,1.004881138
13/1/2016 0:00,0.482036,1.005779671
14/1/2016 0:00,0.482542,1.001049714
15/1/2016 0:00,0.482513,0.999939902
18/1/2016 0:00,0.486591,1.008451586
19/1/2016 0:00,0.487761,1.002404483
20/1/2016 0:00,0.490702,1.006029592
21/1/2016 0:00,0.490146,0.998866929
22/1/2016 0:00,0.490424,1.000567178
25/1/2016 0:00,0.490694,1.000550544
26/1/2016 0:00,0.490622,0.999853269
27/1/2016 0:00,0.488745,0.996174244
28/1/2016 0:00,0.489913,1.002389794
29/1/2016 0:00,0.48781,0.995707401
1/2/2016 0:00,0.492807,1.010243742
2/2/2016 0:00,0.486991,0.98819822
3/2/2016 0:00,0.485383,0.996698091
4/2/2016 0:00,0.483952,0.997051813
5/2/2016 0:00,0.490966,1.014493173
8/2/2016 0:00,0.489622,0.99726254
9/2/2016 0:00,0.492408,1.005690104
10/2/2016 0:00,0.494672,1.004597813
11/2/2016 0:00,0.494892,1.000444739
12/2/2016 0:00,0.496895,1.004047348
15/2/2016 0:00,0.493191,0.992545709
16/2/2016 0:00,0.494498,1.002650089
17/2/2016 0:00,0.497523,1.006117315
18/2/2016 0:00,0.498548,1.002060206
19/2/2016 0:00,0.49709,0.997075507
22/2/2016 0:00,0.498386,1.002607174
23/2/2016 0:00,0.505048,1.013367149
24/2/2016 0:00,0.5068,1.003468977
25/2/2016 0:00,0.511146,1.008575375
26/2/2016 0:00,0.511129,0.999966741
29/2/2016 0:00,0.51206,1.001821458
1/3/2016 0:00,0.511207,0.99833418
2/3/2016 0:00,0.511175,0.999937403
3/3/2016 0:00,0.507739,0.993278232
4/3/2016 0:00,0.507832,1.000183165
7/3/2016 0:00,0.511049,1.006334772
8/3/2016 0:00,0.508319,0.994658046
9/3/2016 0:00,0.507891,0.999158009
10/3/2016 0:00,0.509331,1.002835254
11/3/2016 0:00,0.506994,0.995411628
14/3/2016 0:00,0.506287,0.998605506
15/3/2016 0:00,0.508722,1.004809525
16/3/2016 0:00,0.511439,1.005340834
17/3/2016 0:00,0.513363,1.003761934
18/3/2016 0:00,0.511262,0.995907379
21/3/2016 0:00,0.508995,0.995565874
22/3/2016 0:00,0.511353,1.004632658
23/3/2016 0:00,0.51679,1.010632577
24/3/2016 0:00,0.518148,1.00262776
25/3/2016 0:00,0.517056,0.997892494
27/3/2016 0:00,0.515644,0.997269155
28/3/2016 0:00,0.512388,0.993685566
29/3/2016 0:00,0.513197,1.001578882
30/3/2016 0:00,0.514914,1.003345694
31/3/2016 0:00,0.516247,1.002588782
3/4/2016 0:00,0.521208,1.009609741
4/4/2016 0:00,0.518238,0.994301699
5/4/2016 0:00,0.521217,1.005748324
6/4/2016 0:00,0.525467,1.008153993
7/4/2016 0:00,0.525789,1.000612788
10/4/2016 0:00,0.525035,0.998565965
11/4/2016 0:00,0.522789,0.99572219
12/4/2016 0:00,0.521626,0.997775393
13/4/2016 0:00,0.521825,1.000381499
14/4/2016 0:00,0.518841,0.994281608
17/4/2016 0:00,0.518243,0.998847431
18/4/2016 0:00,0.51839,1.000283651
19/4/2016 0:00,0.519189,1.001541311
20/4/2016 0:00,0.518995,0.99962634
21/4/2016 0:00,0.517389,0.996905558
24/4/2016 0:00,0.511177,0.98799356
25/4/2016 0:00,0.510418,0.998515191
26/4/2016 0:00,0.507674,0.994624014
27/4/2016 0:00,0.510024,1.004628955
28/4/2016 0:00,0.509101,0.998190281
1/5/2016 0:00,0.509638,1.001054801
2/5/2016 0:00,0.508384,0.99753943
3/5/2016 0:00,0.508554,1.000334393
4/5/2016 0:00,0.50776,0.998438711
5/5/2016 0:00,0.508063,1.000596739
8/5/2016 0:00,0.509013,1.001869847
9/5/2016 0:00,0.505656,0.993404884
10/5/2016 0:00,0.505759,1.000203696
11/5/2016 0:00,0.506624,1.001710301
12/5/2016 0:00,0.50414,0.995096956
15/5/2016 0:00,0.507652,1.006966319
16/5/2016 0:00,0.505473,0.99570769
17/5/2016 0:00,0.504768,0.998605267
18/5/2016 0:00,0.495882,0.982395873
19/5/2016 0:00,0.496578,1.00140356
22/5/2016 0:00,0.499725,1.006337373
23/5/2016 0:00,0.500903,1.002357297
24/5/2016 0:00,0.495296,0.988806216
25/5/2016 0:00,0.493587,0.996549538
26/5/2016 0:00,0.496458,1.005816604
29/5/2016 0:00,0.495424,0.997917246
30/5/2016 0:00,0.495414,0.999979815
31/5/2016 0:00,0.501289,1.011858769
1/6/2016 0:00,0.503543,1.004496408
2/6/2016 0:00,0.504675,1.00224807
5/6/2016 0:00,0.511748,1.01401496
6/6/2016 0:00,0.51027,0.99711186
7/6/2016 0:00,0.508768,0.99705646
8/6/2016 0:00,0.511636,1.005637147
9/6/2016 0:00,0.510598,0.997971214
12/6/2016 0:00,0.51784,1.014183369
13/6/2016 0:00,0.519066,1.002367527
14/6/2016 0:00,0.522296,1.006222715
15/6/2016 0:00,0.52156,0.998590837
16/6/2016 0:00,0.519371,0.995802976
19/6/2016 0:00,0.509694,0.981367847
20/6/2016 0:00,0.507435,0.995567929
21/6/2016 0:00,0.50769,1.000502527
22/6/2016 0:00,0.505533,0.995751344
23/6/2016 0:00,0.511208,1.011225776
26/6/2016 0:00,0.547827,1.071632291
27/6/2016 0:00,0.554803,1.012733947
28/6/2016 0:00,0.553776,0.998148892
29/6/2016 0:00,0.551502,0.995893647
30/6/2016 0:00,0.556928,1.009838586
3/7/2016 0:00,0.559168,1.004022064
4/7/2016 0:00,0.559209,1.000073323
5/7/2016 0:00,0.57049,1.020173137
6/7/2016 0:00,0.572973,1.004352399
7/7/2016 0:00,0.573718,1.001300236
10/7/2016 0:00,0.573879,1.000280626
11/7/2016 0:00,0.570127,0.993462036
12/7/2016 0:00,0.559122,0.980697283
13/7/2016 0:00,0.565639,1.011655775
14/7/2016 0:00,0.557162,0.98501341
17/7/2016 0:00,0.561112,1.0070895
18/7/2016 0:00,0.558749,0.99578872
19/7/2016 0:00,0.563453,1.008418807
20/7/2016 0:00,0.555532,0.98594204
21/7/2016 0:00,0.557526,1.003589352
24/7/2016 0:00,0.560504,1.005341455
25/7/2016 0:00,0.56007,0.999225697
26/7/2016 0:00,0.559877,0.9996554
27/7/2016 0:00,0.55999,1.00020183
28/7/2016 0:00,0.561657,1.002976839
31/7/2016 0:00,0.563731,1.003692645
1/8/2016 0:00,0.564961,1.002181892
2/8/2016 0:00,0.559252,0.989894878
3/8/2016 0:00,0.559224,0.999949933
4/8/2016 0:00,0.567662,1.015088766
7/8/2016 0:00,0.567024,0.998876092
8/8/2016 0:00,0.569939,1.005140876
9/8/2016 0:00,0.571895,1.003431946
10/8/2016 0:00,0.573091,1.002091293
11/8/2016 0:00,0.574513,1.002481281
14/8/2016 0:00,0.575697,1.002060876
15/8/2016 0:00,0.577984,1.003972576
16/8/2016 0:00,0.572896,0.991196988
17/8/2016 0:00,0.571735,0.997973454
18/8/2016 0:00,0.566926,0.991588761
21/8/2016 0:00,0.567713,1.001388188
22/8/2016 0:00,0.563618,0.992786848
23/8/2016 0:00,0.560876,0.995135003
24/8/2016 0:00,0.557741,0.994410529
25/8/2016 0:00,0.560461,1.004876816
28/8/2016 0:00,0.559851,0.99891161
29/8/2016 0:00,0.561476,1.002902558
30/8/2016 0:00,0.560356,0.998005258
31/8/2016 0:00,0.559113,0.997781767
1/9/2016 0:00,0.554109,0.99105011
4/9/2016 0:00,0.553007,0.998011222
5/9/2016 0:00,0.553492,1.000877023
6/9/2016 0:00,0.554019,1.000952137
7/9/2016 0:00,0.556566,1.004597315
8/9/2016 0:00,0.556399,0.999699946
11/9/2016 0:00,0.55404,0.995760237
12/9/2016 0:00,0.553039,0.998193271
13/9/2016 0:00,0.554446,1.002544124
14/9/2016 0:00,0.553159,0.997678764
15/9/2016 0:00,0.554547,1.002509224
18/9/2016 0:00,0.561835,1.013142258
19/9/2016 0:00,0.562952,1.001988128
20/9/2016 0:00,0.565917,1.005266879
21/9/2016 0:00,0.566728,1.001433072
22/9/2016 0:00,0.563537,0.994369433
25/9/2016 0:00,0.566932,1.006024449
26/9/2016 0:00,0.566829,0.99981832
27/9/2016 0:00,0.565302,0.997306066
28/9/2016 0:00,0.564603,0.998763493
29/9/2016 0:00,0.565286,1.0012097
2/10/2016 0:00,0.566778,1.002639372
3/10/2016 0:00,0.570225,1.006081746
4/10/2016 0:00,0.572908,1.00470516
5/10/2016 0:00,0.572806,0.999821961
6/10/2016 0:00,0.587207,1.025141147
9/10/2016 0:00,0.585883,0.997745258
10/10/2016 0:00,0.589395,1.005994371
11/10/2016 0:00,0.591328,1.003279634
12/10/2016 0:00,0.592855,1.002582323
13/10/2016 0:00,0.592212,0.998915418
16/10/2016 0:00,0.589922,0.996133142
17/10/2016 0:00,0.589923,1.000001695
18/10/2016 0:00,0.586414,0.994051766
19/10/2016 0:00,0.587242,1.001411972
20/10/2016 0:00,0.586683,0.999048093
23/10/2016 0:00,0.587169,1.000828386
24/10/2016 0:00,0.587286,1.000199261
25/10/2016 0:00,0.591757,1.007612986
26/10/2016 0:00,0.587631,0.993027543
27/10/2016 0:00,0.589151,1.002586657
31/10/2016 0:00,0.588595,0.999056269
1/11/2016 0:00,0.587407,0.997981634
2/11/2016 0:00,0.58847,1.001809648
3/11/2016 0:00,0.587088,0.997651537
4/11/2016 0:00,0.579367,0.98684865
7/11/2016 0:00,0.577735,0.997183133
8/11/2016 0:00,0.58055,1.004872476
9/11/2016 0:00,0.581816,1.002180691
10/11/2016 0:00,0.575536,0.98920621
11/11/2016 0:00,0.564612,0.981019432
14/11/2016 0:00,0.562507,0.996271776
15/11/2016 0:00,0.564935,1.004316391
16/11/2016 0:00,0.567603,1.004722667
17/11/2016 0:00,0.568504,1.001587377
18/11/2016 0:00,0.566161,0.995878657
21/11/2016 0:00,0.56847,1.004078345
22/11/2016 0:00,0.562806,0.990036414
23/11/2016 0:00,0.565525,1.00483115
24/11/2016 0:00,0.561505,0.992891561
25/11/2016 0:00,0.56101,0.999118441
28/11/2016 0:00,0.56206,1.001871624
29/11/2016 0:00,0.566214,1.00739067
30/11/2016 0:00,0.561841,0.992276772
1/12/2016 0:00,0.55702,0.991419281
2/12/2016 0:00,0.557306,1.000513447
5/12/2016 0:00,0.554311,0.994625933
6/12/2016 0:00,0.553661,0.998827373
7/12/2016 0:00,0.555669,1.003626768
8/12/2016 0:00,0.558983,1.005963982
9/12/2016 0:00,0.558515,0.999162765
12/12/2016 0:00,0.554376,0.992589277
13/12/2016 0:00,0.553968,0.999264037
14/12/2016 0:00,0.554366,1.000718453
15/12/2016 0:00,0.554516,1.000270579
16/12/2016 0:00,0.557846,1.006005237
19/12/2016 0:00,0.554425,0.993867483
20/12/2016 0:00,0.557428,1.005416422
21/12/2016 0:00,0.559918,1.004466945
22/12/2016 0:00,0.560119,1.000358981
23/12/2016 0:00,0.561476,1.002422699
26/12/2016 0:00,0.562414,1.001670597
27/12/2016 0:00,0.562744,1.000586756
28/12/2016 0:00,0.562103,0.998860939
29/12/2016 0:00,0.56399,1.003357036
30/12/2016 0:00,0.56272,0.997748187
2/1/2017 0:00,0.559631,0.994510591
3/1/2017 0:00,0.561014,1.002471271
4/1/2017 0:00,0.563672,1.00473785
5/1/2017 0:00,0.563956,1.000503839
6/1/2017 0:00,0.563404,0.9990212
9/1/2017 0:00,0.566794,1.006016997
10/1/2017 0:00,0.572522,1.010105964
11/1/2017 0:00,0.571584,0.998361635
12/1/2017 0:00,0.574196,1.004569757
13/1/2017 0:00,0.576567,1.004129252
16/1/2017 0:00,0.581696,1.008895757
17/1/2017 0:00,0.580938,0.998696914
18/1/2017 0:00,0.569197,0.979789582
19/1/2017 0:00,0.570693,1.002628264
20/1/2017 0:00,0.568678,0.996469205
23/1/2017 0:00,0.568325,0.999379262
24/1/2017 0:00,0.563467,0.991452074
25/1/2017 0:00,0.561491,0.99649314
26/1/2017 0:00,0.560091,0.997506639
27/1/2017 0:00,0.556624,0.993809934
30/1/2017 0:00,0.555975,0.998834042
31/1/2017 0:00,0.563297,1.013169657
1/2/2017 0:00,0.563513,1.000383457
2/2/2017 0:00,0.558925,0.991858218
3/2/2017 0:00,0.565694,1.012110748
6/2/2017 0:00,0.568879,1.005630252
7/2/2017 0:00,0.568743,0.999760933
8/2/2017 0:00,0.564185,0.991985835
9/2/2017 0:00,0.563544,0.998863848
10/2/2017 0:00,0.562775,0.998635422
13/2/2017 0:00,0.562797,1.000039092
14/2/2017 0:00,0.561069,0.996929621
15/2/2017 0:00,0.564683,1.006441275
16/2/2017 0:00,0.565495,1.001437975
17/2/2017 0:00,0.565263,0.99958974
20/2/2017 0:00,0.567024,1.003115364
21/2/2017 0:00,0.565086,0.996582155
22/2/2017 0:00,0.563893,0.997888817
23/2/2017 0:00,0.567911,1.007125465
24/2/2017 0:00,0.565675,0.996062763
27/2/2017 0:00,0.573725,1.014230786
28/2/2017 0:00,0.572057,0.997092684
1/3/2017 0:00,0.574595,1.004436621
2/3/2017 0:00,0.57713,1.004411803
3/3/2017 0:00,0.576769,0.999374491
6/3/2017 0:00,0.576907,1.000239264
7/3/2017 0:00,0.578331,1.002468335
8/3/2017 0:00,0.580944,1.004518174
9/3/2017 0:00,0.579575,0.997643491
10/3/2017 0:00,0.578788,0.998642108
13/3/2017 0:00,0.581725,1.005074397
14/3/2017 0:00,0.578773,0.994925437
15/3/2017 0:00,0.581383,1.00450954
16/3/2017 0:00,0.580763,0.998933577
17/3/2017 0:00,0.577749,0.994810275
20/3/2017 0:00,0.57614,0.997215054
21/3/2017 0:00,0.578783,1.004587427
22/3/2017 0:00,0.572148,0.988536291
23/3/2017 0:00,0.572858,1.001240938
24/3/2017 0:00,0.570722,0.996271327
26/3/2017 0:00,0.57251,1.003132874
27/3/2017 0:00,0.571139,0.997605282
28/3/2017 0:00,0.576146,1.008766693
29/3/2017 0:00,0.576387,1.000418297
30/3/2017 0:00,0.573557,0.995090104
2/4/2017 0:00,0.570754,0.995112953
3/4/2017 0:00,0.573375,1.004592171
4/4/2017 0:00,0.575131,1.003062568
5/4/2017 0:00,0.571782,0.994176979
6/4/2017 0:00,0.57199,1.000363775
9/4/2017 0:00,0.574824,1.004954632
10/4/2017 0:00,0.572958,0.996753789
11/4/2017 0:00,0.570511,0.995729181
12/4/2017 0:00,0.571201,1.001209442
13/4/2017 0:00,0.571802,1.001052169
16/4/2017 0:00,0.571572,0.999597763
17/4/2017 0:00,0.569655,0.996646092
18/4/2017 0:00,0.557829,0.979240066
19/4/2017 0:00,0.559607,1.003187357
20/4/2017 0:00,0.558552,0.998114748
23/4/2017 0:00,0.559715,1.00208217
24/4/2017 0:00,0.561778,1.003685804
25/4/2017 0:00,0.559,0.995054986
26/4/2017 0:00,0.557888,0.998010733
27/4/2017 0:00,0.555295,0.995352114
30/4/2017 0:00,0.553603,0.996952971
1/5/2017 0:00,0.555333,1.003124983
2/5/2017 0:00,0.554674,0.998813325
3/5/2017 0:00,0.556029,1.002442876
4/5/2017 0:00,0.552682,0.99398053
7/5/2017 0:00,0.548408,0.992266801
8/5/2017 0:00,0.549682,1.002323088
9/5/2017 0:00,0.547727,0.996443398
10/5/2017 0:00,0.547899,1.000314025
11/5/2017 0:00,0.551029,1.005712732
14/5/2017 0:00,0.552699,1.003030693
15/5/2017 0:00,0.554684,1.003591467
16/5/2017 0:00,0.555083,1.000719328
17/5/2017 0:00,0.554198,0.998405644
18/5/2017 0:00,0.554155,0.99992241
21/5/2017 0:00,0.554384,1.000413242
22/5/2017 0:00,0.555242,1.001547664
23/5/2017 0:00,0.554908,0.99939846
24/5/2017 0:00,0.556635,1.003112228
25/5/2017 0:00,0.55778,1.002057003
28/5/2017 0:00,0.56434,1.011760909
29/5/2017 0:00,0.562626,0.996962824
30/5/2017 0:00,0.563438,1.001443232
31/5/2017 0:00,0.561336,0.996269332
1/6/2017 0:00,0.559643,0.996983981
4/6/2017 0:00,0.56233,1.004801275
5/6/2017 0:00,0.561047,0.997718422
6/6/2017 0:00,0.561584,1.000957139
7/6/2017 0:00,0.558004,0.993625175
8/6/2017 0:00,0.568397,1.018625315
11/6/2017 0:00,0.567182,0.99786241
12/6/2017 0:00,0.570075,1.005100656
13/6/2017 0:00,0.567652,0.995749682
14/6/2017 0:00,0.569962,1.004069395
15/6/2017 0:00,0.566473,0.993878539
18/6/2017 0:00,0.565799,0.998810182
19/6/2017 0:00,0.566111,1.000551433
20/6/2017 0:00,0.57,1.006869678
21/6/2017 0:00,0.568047,0.996573684
22/6/2017 0:00,0.567531,0.999091624
25/6/2017 0:00,0.565674,0.996727932
26/6/2017 0:00,0.566278,1.001067753
27/6/2017 0:00,0.56294,0.994105369
28/6/2017 0:00,0.559141,0.993251501
29/6/2017 0:00,0.557581,0.997210006
2/7/2017 0:00,0.55817,1.001056349
3/7/2017 0:00,0.558862,1.001239766
4/7/2017 0:00,0.559561,1.001250756
5/7/2017 0:00,0.559901,1.000607619
6/7/2017 0:00,0.557549,0.995799257
9/7/2017 0:00,0.56129,1.006709724
11/7/2017 0:00,0.562957,1.002969944
12/7/2017 0:00,0.563097,1.000248687
13/7/2017 0:00,0.562542,0.999014379
16/7/2017 0:00,0.556675,0.989570557
17/7/2017 0:00,0.559018,1.004208919
18/7/2017 0:00,0.561239,1.003973038
19/7/2017 0:00,0.560646,0.998943409
20/7/2017 0:00,0.564358,1.006620934
23/7/2017 0:00,0.564674,1.000559928
24/7/2017 0:00,0.563325,0.997611011
25/7/2017 0:00,0.563376,1.000090534
26/7/2017 0:00,0.562258,0.998015535
27/7/2017 0:00,0.563035,1.001381928
30/7/2017 0:00,0.560616,0.995703642
31/7/2017 0:00,0.559085,0.997269075
1/8/2017 0:00,0.557042,0.996345815
2/8/2017 0:00,0.55569,0.997572894
3/8/2017 0:00,0.560483,1.008625313
6/8/2017 0:00,0.563246,1.004929677
7/8/2017 0:00,0.56306,0.999669771
8/8/2017 0:00,0.564925,1.003312258
9/8/2017 0:00,0.563839,0.998077621
10/8/2017 0:00,0.565034,1.002119399
13/8/2017 0:00,0.565274,1.000424753
14/8/2017 0:00,0.565664,1.000689931
15/8/2017 0:00,0.568646,1.005271681
16/8/2017 0:00,0.569129,1.000849386
17/8/2017 0:00,0.568701,0.999247974
20/8/2017 0:00,0.569662,1.001689816
21/8/2017 0:00,0.569701,1.000068462
22/8/2017 0:00,0.572344,1.004639276
23/8/2017 0:00,0.574229,1.003293474
24/8/2017 0:00,0.573585,0.998878496
27/8/2017 0:00,0.571504,0.996371941
28/8/2017 0:00,0.570778,0.998729668
29/8/2017 0:00,0.570864,1.000150672
30/8/2017 0:00,0.570136,0.99872474
31/8/2017 0:00,0.569922,0.999624651
3/9/2017 0:00,0.568277,0.99711364
4/9/2017 0:00,0.570175,1.00333992
5/9/2017 0:00,0.56682,0.994115842
6/9/2017 0:00,0.567714,1.00157722
7/9/2017 0:00,0.569714,1.003522901
10/9/2017 0:00,0.564402,0.990676023
11/9/2017 0:00,0.563984,0.999259393
12/9/2017 0:00,0.558766,0.990747964
13/9/2017 0:00,0.56087,1.00376544
14/9/2017 0:00,0.554473,0.988594505
17/9/2017 0:00,0.547118,0.986735152
18/9/2017 0:00,0.549116,1.003651863
19/9/2017 0:00,0.54938,1.000480773
20/9/2017 0:00,0.548793,0.998931523
21/9/2017 0:00,0.545628,0.994232798
24/9/2017 0:00,0.549491,1.007079915
25/9/2017 0:00,0.549356,0.999754318
26/9/2017 0:00,0.548463,0.99837446
27/9/2017 0:00,0.549026,1.001026505
28/9/2017 0:00,0.548174,0.998448161
1/10/2017 0:00,0.549338,1.002123413
2/10/2017 0:00,0.553144,1.006928339
3/10/2017 0:00,0.554534,1.002512908
4/10/2017 0:00,0.554956,1.000760999
5/10/2017 0:00,0.559036,1.007351934
8/10/2017 0:00,0.560071,1.001851401
9/10/2017 0:00,0.558172,0.996609358
10/10/2017 0:00,0.558351,1.00032069
11/10/2017 0:00,0.558183,0.999699114
12/10/2017 0:00,0.557701,0.999136484
15/10/2017 0:00,0.557448,0.999546352
16/10/2017 0:00,0.557893,1.000798281
17/10/2017 0:00,0.559644,1.003138595
18/10/2017 0:00,0.558052,0.997155334
19/10/2017 0:00,0.560575,1.004521084
,,
