21/10/2007 0:00,78.18145,1
22/10/2007 0:00,78.53138,1.00447587
23/10/2007 0:00,78.167999,0.995372792
24/10/2007 0:00,78.308945,1.001803116
25/10/2007 0:00,78.60289,1.003753658
29/10/2007 0:00,78.989052,1.004912822
30/10/2007 0:00,79.202316,1.002699918
31/10/2007 0:00,79.667213,1.00586974
1/11/2007 0:00,78.869942,0.989992483
2/11/2007 0:00,79.166382,1.003758593
5/11/2007 0:00,78.816719,0.995583188
6/11/2007 0:00,79.3731,1.007059175
7/11/2007 0:00,78.017181,0.982917147
8/11/2007 0:00,78.325226,1.003948425
9/11/2007 0:00,76.804558,0.980585208
12/11/2007 0:00,75.392029,0.981608787
13/11/2007 0:00,76.9561,1.02074584
14/11/2007 0:00,76.912979,0.999439668
15/11/2007 0:00,75.988724,0.987983108
16/11/2007 0:00,76.453575,1.006117368
19/11/2007 0:00,75.687782,0.989983555
20/11/2007 0:00,75.846817,1.002101198
21/11/2007 0:00,74.574982,0.983231531
22/11/2007 0:00,74.784584,1.002810621
23/11/2007 0:00,75.067696,1.0037857
26/11/2007 0:00,75.166618,1.001317771
27/11/2007 0:00,75.476944,1.004128508
28/11/2007 0:00,76.255196,1.010311122
29/11/2007 0:00,75.822052,0.99431981
30/11/2007 0:00,77.198318,1.018151263
3/12/2007 0:00,76.155022,0.986485509
4/12/2007 0:00,75.969849,0.997568473
5/12/2007 0:00,76.605888,1.008372256
6/12/2007 0:00,77.14315,1.007013325
7/12/2007 0:00,77.681931,1.006984172
10/12/2007 0:00,77.680496,0.999981527
11/12/2007 0:00,76.770752,0.988288643
12/12/2007 0:00,77.671051,1.011727109
13/12/2007 0:00,77.949753,1.003588235
14/12/2007 0:00,78.051132,1.001300569
17/12/2007 0:00,77.299812,0.990374003
19/12/2007 0:00,77.585266,1.003692816
20/12/2007 0:00,77.559975,0.999674023
21/12/2007 0:00,78.411835,1.010983242
24/12/2007 0:00,78.649673,1.00303319
25/12/2007 0:00,78.56897,0.998973893
26/12/2007 0:00,78.653076,1.001070473
27/12/2007 0:00,78.537422,0.998529568
28/12/2007 0:00,77.737808,0.989818688
31/12/2007 0:00,77.5886,0.998080625
1/1/2008 0:00,77.674355,1.001105253
2/1/2008 0:00,75.953568,0.977846137
3/1/2008 0:00,76.366806,1.005440666
4/1/2008 0:00,75.790131,0.992448617
7/1/2008 0:00,76.158279,1.004857466
8/1/2008 0:00,75.147461,0.986727405
9/1/2008 0:00,76.777412,1.021690034
10/1/2008 0:00,76.75396,0.999694546
11/1/2008 0:00,76.030983,0.99058059
14/1/2008 0:00,75.762878,0.99647374
15/1/2008 0:00,74.596519,0.984605139
16/1/2008 0:00,75.05069,1.006088367
17/1/2008 0:00,73.919693,0.984930225
18/1/2008 0:00,74.27002,1.004739292
21/1/2008 0:00,72.836357,0.980696612
22/1/2008 0:00,74.58548,1.024014422
23/1/2008 0:00,74.660789,1.001009701
24/1/2008 0:00,75.103386,1.005928105
25/1/2008 0:00,74.984207,0.998413134
28/1/2008 0:00,75.309776,1.004341834
29/1/2008 0:00,75.327232,1.000231789
30/1/2008 0:00,74.83358,0.993446567
31/1/2008 0:00,74.983063,1.001997539
1/2/2008 0:00,75.357292,1.004990847
4/2/2008 0:00,75.468636,1.001477548
5/2/2008 0:00,75.016548,0.994009591
6/2/2008 0:00,75.105904,1.001191151
7/2/2008 0:00,75.725067,1.008243866
8/2/2008 0:00,76.044601,1.00421966
11/2/2008 0:00,75.349136,0.990854512
12/2/2008 0:00,75.815788,1.006193196
13/2/2008 0:00,76.340942,1.00692671
14/2/2008 0:00,76.036964,0.996018152
15/2/2008 0:00,76.356422,1.004201351
18/2/2008 0:00,76.627708,1.00355289
19/2/2008 0:00,76.446838,0.997639627
20/2/2008 0:00,76.604042,1.002056383
21/2/2008 0:00,76.18811,0.994570365
22/2/2008 0:00,76.275528,1.001147397
25/2/2008 0:00,76.889679,1.008051744
26/2/2008 0:00,76.574646,0.995902792
27/2/2008 0:00,76.212654,0.995272691
28/2/2008 0:00,75.384285,0.989130821
29/2/2008 0:00,74.381767,0.986701234
3/3/2008 0:00,74.410576,1.000387313
4/3/2008 0:00,74.399025,0.999844767
5/3/2008 0:00,74.825378,1.005730626
6/3/2008 0:00,73.878288,0.987342663
7/3/2008 0:00,74.108818,1.003120403
10/3/2008 0:00,73.027069,0.985403235
11/3/2008 0:00,74.391296,1.018681114
12/3/2008 0:00,73.371414,0.986290305
13/3/2008 0:00,73.041206,0.995499501
14/3/2008 0:00,71.838959,0.983540154
17/3/2008 0:00,70.27066,0.978169241
18/3/2008 0:00,72.527794,1.032120575
19/3/2008 0:00,70.959854,0.978381529
20/3/2008 0:00,71.516975,1.007851214
21/3/2008 0:00,71.917656,1.0056026
24/3/2008 0:00,72.59494,1.009417493
25/3/2008 0:00,72.490227,0.998557572
26/3/2008 0:00,71.928047,0.992244748
27/3/2008 0:00,72.144096,1.003003682
28/3/2008 0:00,71.742912,0.994439129
30/3/2008 0:00,72.454826,1.009923127
1/4/2008 0:00,74.144676,1.023322808
2/4/2008 0:00,73.892944,0.996604854
3/4/2008 0:00,73.538574,0.995204278
6/4/2008 0:00,74.210381,1.009135437
7/4/2008 0:00,78.4254,1.05679824
8/4/2008 0:00,73.896507,0.942252217
9/4/2008 0:00,75.221107,1.017925069
10/4/2008 0:00,74.397522,0.989051145
13/4/2008 0:00,74.579773,1.002449692
14/4/2008 0:00,75.022102,1.005930951
15/4/2008 0:00,75.329292,1.00409466
16/4/2008 0:00,75.838081,1.006754199
17/4/2008 0:00,76.562614,1.009553683
20/4/2008 0:00,76.384949,0.997679481
21/4/2008 0:00,76.188713,0.99743096
22/4/2008 0:00,76.568726,1.004987786
23/4/2008 0:00,76.691681,1.001605812
24/4/2008 0:00,76.691399,0.999996323
27/4/2008 0:00,76.579948,0.99854676
28/4/2008 0:00,76.414406,0.997838311
29/4/2008 0:00,76.591995,1.002324025
1/5/2008 0:00,77.335487,1.009707176
4/5/2008 0:00,77.230568,0.998643327
5/5/2008 0:00,77.052849,0.997698852
6/5/2008 0:00,76.688141,0.995266781
7/5/2008 0:00,78.868004,1.028425034
8/5/2008 0:00,75.372101,0.955674002
11/5/2008 0:00,76.08886,1.009509606
12/5/2008 0:00,76.242531,1.002019625
13/5/2008 0:00,76.128708,0.998507093
14/5/2008 0:00,76.179405,1.000665938
15/5/2008 0:00,76.076935,0.998654886
18/5/2008 0:00,76.136681,1.000785337
19/5/2008 0:00,75.903259,0.996934172
20/5/2008 0:00,75.86512,0.999497531
21/5/2008 0:00,76.52813,1.008739326
22/5/2008 0:00,76.050949,0.993764633
25/5/2008 0:00,75.890427,0.997889283
26/5/2008 0:00,76.414375,1.006904006
27/5/2008 0:00,76.700378,1.003742791
28/5/2008 0:00,77.202866,1.006551311
29/5/2008 0:00,77.516533,1.004062893
1/6/2008 0:00,76.671318,0.989096326
2/6/2008 0:00,77.114357,1.005778419
3/6/2008 0:00,76.991737,0.998409894
4/6/2008 0:00,77.597069,1.007862298
5/6/2008 0:00,76.821678,0.990007471
8/6/2008 0:00,77.907234,1.014130855
9/6/2008 0:00,78.162094,1.003271327
10/6/2008 0:00,78.027428,0.998277093
11/6/2008 0:00,78.252037,1.00287859
12/6/2008 0:00,78.426399,1.00222821
15/6/2008 0:00,78.830742,1.0051557
16/6/2008 0:00,79.01786,1.002373668
17/6/2008 0:00,78.821548,0.9975156
18/6/2008 0:00,78.854301,1.000415534
19/6/2008 0:00,78.782761,0.999092757
22/6/2008 0:00,78.817337,1.000438878
23/6/2008 0:00,78.826881,1.00012109
24/6/2008 0:00,78.939667,1.001430806
25/6/2008 0:00,78.360931,0.992668629
26/6/2008 0:00,77.949173,0.994745366
29/6/2008 0:00,78.09832,1.001913388
1/7/2008 0:00,77.954384,0.99815699
2/7/2008 0:00,78.393066,1.005627419
3/7/2008 0:00,78.502129,1.001391233
6/7/2008 0:00,78.649544,1.001877847
7/7/2008 0:00,80.265572,1.020547201
8/7/2008 0:00,78.651016,0.979884825
9/7/2008 0:00,78.742378,1.001161612
10/7/2008 0:00,78.447449,0.996254507
13/7/2008 0:00,78.541855,1.00120343
14/7/2008 0:00,77.757988,0.990019754
15/7/2008 0:00,77.963081,1.002637581
16/7/2008 0:00,78.605888,1.008245018
17/7/2008 0:00,79.163582,1.007094812
20/7/2008 0:00,78.839203,0.995902421
21/7/2008 0:00,78.955894,1.001480114
22/7/2008 0:00,79.121445,1.002096753
23/7/2008 0:00,78.897873,0.997174319
24/7/2008 0:00,79.295639,1.00504153
27/7/2008 0:00,78.881302,0.994774782
28/7/2008 0:00,79.034737,1.001945138
29/7/2008 0:00,79.103279,1.000867239
30/7/2008 0:00,78.837296,0.996637522
7/8/2008 0:00,78.49662,0.995678746
25/8/2008 0:00,76.919304,0.979905937
26/8/2008 0:00,77.315079,1.005145327
27/8/2008 0:00,77.235825,0.998974922
28/8/2008 0:00,76.758629,0.993821572
31/8/2008 0:00,75.834091,0.987955256
1/9/2008 0:00,75.883507,1.000651633
2/9/2008 0:00,75.563148,0.995778279
3/9/2008 0:00,74.092331,0.98053526
4/9/2008 0:00,74.996521,1.012203557
7/9/2008 0:00,75.422073,1.00567429
8/9/2008 0:00,74.869148,0.992668923
9/9/2008 0:00,74.857544,0.99984501
10/9/2008 0:00,74.477859,0.994927899
11/9/2008 0:00,75.335007,1.011508763
14/9/2008 0:00,73.199684,0.971655634
15/9/2008 0:00,73.466545,1.003645658
16/9/2008 0:00,73.01162,0.993807726
17/9/2008 0:00,73.78138,1.010542979
18/9/2008 0:00,75.134644,1.018341538
21/9/2008 0:00,75.019547,0.998468123
22/9/2008 0:00,74.602356,0.994438903
23/9/2008 0:00,74.588669,0.999816534
24/9/2008 0:00,74.76268,1.002332941
25/9/2008 0:00,74.530891,0.99689967
28/9/2008 0:00,72.455345,0.972151869
29/9/2008 0:00,73.957603,1.02073357
30/9/2008 0:00,73.72303,0.996828277
1/10/2008 0:00,72.598671,0.984748877
2/10/2008 0:00,72.821579,1.003070414
5/10/2008 0:00,69.452583,0.953736296
6/10/2008 0:00,69.156837,0.995741757
7/10/2008 0:00,75.008514,1.084614584
8/10/2008 0:00,67.450691,0.899240465
9/10/2008 0:00,68.177216,1.010771202
12/10/2008 0:00,69.99247,1.026625523
13/10/2008 0:00,69.568779,0.99394662
14/10/2008 0:00,67.451302,0.969562826
15/10/2008 0:00,68.451653,1.014830714
16/10/2008 0:00,68.719582,1.003914135
19/10/2008 0:00,69.038589,1.004642156
20/10/2008 0:00,67.633141,0.979642574
21/10/2008 0:00,65.257401,0.964873138
22/10/2008 0:00,64.994003,0.995963707
23/10/2008 0:00,62.637875,0.963748532
27/10/2008 0:00,61.717884,0.985312545
28/10/2008 0:00,66.061218,1.070373994
29/10/2008 0:00,65.379456,0.989679845
30/10/2008 0:00,67.108215,1.02644193
31/10/2008 0:00,66.76162,0.994835282
3/11/2008 0:00,66.878342,1.00174834
4/11/2008 0:00,67.868668,1.014807873
5/11/2008 0:00,66.20829,0.975535427
6/11/2008 0:00,64.751381,0.977995067
7/11/2008 0:00,65.598869,1.013088339
10/11/2008 0:00,65.623955,1.000382415
11/11/2008 0:00,64.529419,0.983321091
12/11/2008 0:00,62.744057,0.972332588
13/11/2008 0:00,64.714462,1.031403851
14/11/2008 0:00,63.896202,0.98735584
17/11/2008 0:00,63.290226,0.990516244
18/11/2008 0:00,63.419205,1.002037898
19/11/2008 0:00,62.779884,0.989919126
20/11/2008 0:00,61.362309,0.977419917
21/11/2008 0:00,62.85471,1.024321135
24/11/2008 0:00,64.084419,1.01956431
25/11/2008 0:00,63.260208,0.987138668
26/11/2008 0:00,63.299126,1.000615205
27/11/2008 0:00,63.202202,0.998468794
28/11/2008 0:00,63.173912,0.999552389
1/12/2008 0:00,60.975449,0.965199828
2/12/2008 0:00,60.962696,0.99979085
3/12/2008 0:00,61.15963,1.003230402
4/12/2008 0:00,60.563377,0.990250873
5/12/2008 0:00,61.033665,1.007765221
8/12/2008 0:00,72.459541,1.187206126
9/12/2008 0:00,61.363522,0.846866005
10/12/2008 0:00,61.955284,1.009643547
11/12/2008 0:00,61.557606,0.993581209
12/12/2008 0:00,61.059334,0.991905598
15/12/2008 0:00,61.36425,1.004993766
16/12/2008 0:00,60.818878,0.991112545
17/12/2008 0:00,60.820503,1.000026719
18/12/2008 0:00,62.1908,1.022530182
19/12/2008 0:00,61.056015,0.981753169
22/12/2008 0:00,62.303917,1.020438641
23/12/2008 0:00,62.596474,1.004695644
24/12/2008 0:00,62.842861,1.003936116
25/12/2008 0:00,62.59613,0.996073842
26/12/2008 0:00,62.807911,1.003383292
29/12/2008 0:00,62.795784,0.999806919
30/12/2008 0:00,62.889179,1.001487281
31/12/2008 0:00,63.38718,1.007918707
1/1/2009 0:00,63.134182,0.996008688
2/1/2009 0:00,62.951786,0.997110979
5/1/2009 0:00,63.343975,1.00622999
6/1/2009 0:00,63.567051,1.003521661
7/1/2009 0:00,62.808353,0.988064603
8/1/2009 0:00,61.750587,0.983158832
9/1/2009 0:00,60.883919,0.985965024
12/1/2009 0:00,60.056408,0.986408381
13/1/2009 0:00,59.988586,0.998870695
14/1/2009 0:00,59.718693,0.995500927
15/1/2009 0:00,60.237091,1.008680666
16/1/2009 0:00,61.039486,1.013320613
19/1/2009 0:00,60.550583,0.991990381
20/1/2009 0:00,59.476822,0.982266711
21/1/2009 0:00,59.445927,0.999480554
22/1/2009 0:00,59.496662,1.000853465
23/1/2009 0:00,59.035583,0.992250338
26/1/2009 0:00,59.481434,1.007552242
27/1/2009 0:00,59.597038,1.001943531
28/1/2009 0:00,60.31604,1.012064392
29/1/2009 0:00,59.637836,0.988755827
30/1/2009 0:00,59.536427,0.998299586
2/2/2009 0:00,59.041954,0.991694614
3/2/2009 0:00,59.350513,1.005226097
4/2/2009 0:00,59.214622,0.997710365
5/2/2009 0:00,60.592968,1.023277122
6/2/2009 0:00,61.567314,1.016080183
9/2/2009 0:00,61.040173,0.991437973
10/2/2009 0:00,60.067745,0.984069049
11/2/2009 0:00,59.93362,0.997767104
12/2/2009 0:00,60.094116,1.002677896
13/2/2009 0:00,60.983871,1.014806025
16/2/2009 0:00,60.582638,0.99342067
17/2/2009 0:00,60.31506,0.995583256
18/2/2009 0:00,61.160095,1.014010348
19/2/2009 0:00,61.533585,1.00610676
20/2/2009 0:00,60.990585,0.991175551
23/2/2009 0:00,61.582623,1.009707039
24/2/2009 0:00,63.490501,1.030980785
25/2/2009 0:00,63.562195,1.001129208
26/2/2009 0:00,63.749756,1.002950826
27/2/2009 0:00,63.200832,0.991389394
2/3/2009 0:00,62.370029,0.986854556
3/3/2009 0:00,63.407333,1.01663145
4/3/2009 0:00,63.956581,1.008662216
5/3/2009 0:00,63.110165,0.986765772
6/3/2009 0:00,63.658722,1.008692055
9/3/2009 0:00,63.769978,1.001747695
10/3/2009 0:00,64.355988,1.009189434
11/3/2009 0:00,63.524727,0.987083393
12/3/2009 0:00,63.695267,1.002684624
13/3/2009 0:00,63.65527,0.999372057
16/3/2009 0:00,64.09922,1.006974285
17/3/2009 0:00,64.67688,1.009011966
18/3/2009 0:00,63.744629,0.985586024
19/3/2009 0:00,62.516548,0.980734361
20/3/2009 0:00,63.295067,1.012453007
23/3/2009 0:00,64.43589,1.018023885
24/3/2009 0:00,65.078415,1.009971539
25/3/2009 0:00,64.807693,0.995840065
26/3/2009 0:00,65.450928,1.009925288
27/3/2009 0:00,64.604515,0.987067976
29/3/2009 0:00,63.98634,0.990431396
30/3/2009 0:00,65.047653,1.016586556
31/3/2009 0:00,64.950623,0.998508324
1/4/2009 0:00,66.307022,1.020883541
2/4/2009 0:00,66.587006,1.004222539
5/4/2009 0:00,66.830276,1.003653416
6/4/2009 0:00,66.549904,0.995804716
7/4/2009 0:00,65.717865,0.987497518
8/4/2009 0:00,66.349586,1.009612622
9/4/2009 0:00,66.160744,0.997153833
12/4/2009 0:00,66.072136,0.998660716
13/4/2009 0:00,65.993202,0.998805336
14/4/2009 0:00,66.140106,1.002226047
15/4/2009 0:00,66.339409,1.003013346
16/4/2009 0:00,66.066551,0.99588694
19/4/2009 0:00,64.944374,0.983014446
20/4/2009 0:00,65.493652,1.008457669
21/4/2009 0:00,65.129089,0.994433613
22/4/2009 0:00,65.358429,1.003521314
23/4/2009 0:00,65.267891,0.998614746
26/4/2009 0:00,64.396263,0.986645378
27/4/2009 0:00,64.465073,1.00106854
28/4/2009 0:00,65.530449,1.016526406
29/4/2009 0:00,66.538567,1.015383963
30/4/2009 0:00,66.988586,1.006763281
3/5/2009 0:00,67.190155,1.003009005
4/5/2009 0:00,67.091698,0.998534651
5/5/2009 0:00,66.7911,0.995519595
6/5/2009 0:00,67.397331,1.009076524
7/5/2009 0:00,67.505486,1.001604737
10/5/2009 0:00,66.543823,0.985754299
11/5/2009 0:00,66.036827,0.992381021
12/5/2009 0:00,65.054573,0.985125663
13/5/2009 0:00,65.587212,1.008187572
14/5/2009 0:00,64.599602,0.984942034
17/5/2009 0:00,65.80159,1.01860674
18/5/2009 0:00,65.730019,0.998912321
19/5/2009 0:00,65.007538,0.989008356
20/5/2009 0:00,64.836754,0.997372859
21/5/2009 0:00,65.759697,1.014234874
24/5/2009 0:00,65.578537,0.997245121
25/5/2009 0:00,65.633202,1.000833581
26/5/2009 0:00,65.539749,0.998576132
27/5/2009 0:00,66.637749,1.016753192
28/5/2009 0:00,66.123894,0.99228883
31/5/2009 0:00,66.968712,1.012776289
1/6/2009 0:00,66.528183,0.993421868
2/6/2009 0:00,66.456833,0.998927522
3/6/2009 0:00,66.687134,1.003465422
4/6/2009 0:00,67.868668,1.017717571
7/6/2009 0:00,67.658745,0.996906923
8/6/2009 0:00,67.040573,0.990863384
9/6/2009 0:00,67.433182,1.005856289
10/6/2009 0:00,67.363548,0.998967363
11/6/2009 0:00,67.80397,1.006537987
14/6/2009 0:00,66.948875,0.987388718
15/6/2009 0:00,66.000954,0.985841121
16/6/2009 0:00,65.877655,0.99813186
17/6/2009 0:00,66.389389,1.007767945
18/6/2009 0:00,66.355782,0.99949379
21/6/2009 0:00,65.67318,0.989712999
22/6/2009 0:00,65.436844,0.996401332
23/6/2009 0:00,65.77095,1.005105778
24/6/2009 0:00,65.899445,1.001953674
25/6/2009 0:00,65.230202,0.989844482
28/6/2009 0:00,66.242935,1.015525523
29/6/2009 0:00,66.549919,1.004634215
30/6/2009 0:00,66.888199,1.005083102
1/7/2009 0:00,66.01445,0.986937173
2/7/2009 0:00,66.084686,1.001063949
5/7/2009 0:00,65.413429,0.989842473
6/7/2009 0:00,64.977028,0.993328572
7/7/2009 0:00,63.412163,0.975916642
8/7/2009 0:00,63.830952,1.006604238
9/7/2009 0:00,63.268379,0.991186517
12/7/2009 0:00,63.704979,1.006900762
13/7/2009 0:00,64.052788,1.005459683
14/7/2009 0:00,64.864662,1.012675077
15/7/2009 0:00,64.570686,0.995467856
16/7/2009 0:00,64.936592,1.005666751
19/7/2009 0:00,65.379539,1.006821223
20/7/2009 0:00,64.849892,0.991898888
21/7/2009 0:00,64.874855,1.000384935
22/7/2009 0:00,65.845879,1.014967648
23/7/2009 0:00,65.904831,1.000895303
26/7/2009 0:00,66.069572,1.00249968
27/7/2009 0:00,65.45076,0.990633934
28/7/2009 0:00,65.772186,1.004910959
29/7/2009 0:00,66.246101,1.007205401
30/7/2009 0:00,65.781609,0.992988387
2/8/2009 0:00,66.434204,1.00992063
3/8/2009 0:00,66.524712,1.001362371
4/8/2009 0:00,66.133667,0.994121808
5/8/2009 0:00,66.534737,1.006064536
6/8/2009 0:00,67.692635,1.017402909
9/8/2009 0:00,67.153542,0.992036165
10/8/2009 0:00,66.256821,0.986646706
11/8/2009 0:00,66.659966,1.006084581
12/8/2009 0:00,66.0588,0.990981604
13/8/2009 0:00,65.820152,0.99638734
16/8/2009 0:00,65.124138,0.989425518
17/8/2009 0:00,65.556091,1.006632763
18/8/2009 0:00,65.100998,0.99305796
19/8/2009 0:00,65.415367,1.004828943
20/8/2009 0:00,65.616745,1.003078451
23/8/2009 0:00,65.41687,0.996953903
24/8/2009 0:00,65.041214,0.994257506
25/8/2009 0:00,65.080246,1.000600112
26/8/2009 0:00,64.95768,0.998116694
27/8/2009 0:00,64.904617,0.999183114
30/8/2009 0:00,64.434883,0.992762703
31/8/2009 0:00,64.179306,0.996033562
1/9/2009 0:00,63.940781,0.996283459
2/9/2009 0:00,64.352562,1.006440037
3/9/2009 0:00,64.638809,1.004448106
6/9/2009 0:00,64.815849,1.002738912
7/9/2009 0:00,64.747147,0.998940043
8/9/2009 0:00,64.688942,0.999101041
9/9/2009 0:00,64.386932,0.99533135
10/9/2009 0:00,63.786671,0.990677285
13/9/2009 0:00,63.902958,1.001823061
14/9/2009 0:00,64.075851,1.002705556
15/9/2009 0:00,64.507439,1.00673558
16/9/2009 0:00,64.493004,0.999776227
17/9/2009 0:00,64.488091,0.999923821
20/9/2009 0:00,64.94883,1.007144559
21/9/2009 0:00,64.333336,0.990523401
22/9/2009 0:00,64.546616,1.003315233
23/9/2009 0:00,63.94635,0.990700272
24/9/2009 0:00,63.528328,0.993462926
27/9/2009 0:00,63.376823,0.997615158
28/9/2009 0:00,63.612068,1.003711846
29/9/2009 0:00,63.809998,1.003111517
30/9/2009 0:00,63.257278,0.991338035
1/10/2009 0:00,63.404797,1.002332048
4/10/2009 0:00,63.67318,1.00423285
5/10/2009 0:00,63.374252,0.995305276
6/10/2009 0:00,63.322845,0.999188835
7/10/2009 0:00,63.876369,1.0087413
8/10/2009 0:00,64.31591,1.006881121
11/10/2009 0:00,64.262177,0.999164546
12/10/2009 0:00,64.364029,1.001584945
13/10/2009 0:00,64.346893,0.999733764
14/10/2009 0:00,65.394913,1.016287033
15/10/2009 0:00,65.32299,0.998900174
18/10/2009 0:00,65.360741,1.000577913
19/10/2009 0:00,65.116173,0.996258182
20/10/2009 0:00,65.338989,1.003421823
21/10/2009 0:00,65.634468,1.004522246
22/10/2009 0:00,66.009323,1.005711252
26/10/2009 0:00,65.890083,0.998193589
27/10/2009 0:00,65.572174,0.995175162
28/10/2009 0:00,64.490173,0.983499083
29/10/2009 0:00,65.513786,1.015872387
30/10/2009 0:00,64.377586,0.982657085
2/11/2009 0:00,64.6474,1.004191117
3/11/2009 0:00,64.582733,0.998999697
4/11/2009 0:00,65.011826,1.006644082
5/11/2009 0:00,65.049446,1.000578664
6/11/2009 0:00,64.545776,0.992257121
9/11/2009 0:00,64.816368,1.00419225
10/11/2009 0:00,64.637222,0.997236099
11/11/2009 0:00,64.828041,1.002952153
12/11/2009 0:00,64.949638,1.001875685
13/11/2009 0:00,64.722443,0.996501982
16/11/2009 0:00,64.341484,0.994113958
17/11/2009 0:00,64.425995,1.001313476
18/11/2009 0:00,64.589272,1.002534334
19/11/2009 0:00,64.021317,0.991206667
20/11/2009 0:00,63.975517,0.999284613
23/11/2009 0:00,64.155304,1.002810247
24/11/2009 0:00,63.966068,0.997050345
25/11/2009 0:00,63.373234,0.990732055
26/11/2009 0:00,61.371006,0.968405778
27/11/2009 0:00,62.300987,1.015153426
30/11/2009 0:00,62.40955,1.001742557
1/12/2009 0:00,62.785305,1.006020793
2/12/2009 0:00,63.453873,1.010648479
3/12/2009 0:00,63.895611,1.006961561
4/12/2009 0:00,65.178566,1.020078922
7/12/2009 0:00,64.292915,0.986411929
8/12/2009 0:00,63.40028,0.986116122
9/12/2009 0:00,63.364983,0.999443267
10/12/2009 0:00,63.520519,1.002454605
11/12/2009 0:00,64.029037,1.008005571
14/12/2009 0:00,63.782814,0.99615451
15/12/2009 0:00,64.193199,1.0064341
16/12/2009 0:00,64.316399,1.001919206
17/12/2009 0:00,63.859798,0.992900706
18/12/2009 0:00,64.535469,1.010580538
21/12/2009 0:00,64.758553,1.003456766
22/12/2009 0:00,65.253395,1.007641338
23/12/2009 0:00,65.066742,0.997139566
24/12/2009 0:00,65.038406,0.999564509
25/12/2009 0:00,64.736389,0.995356328
28/12/2009 0:00,65.259789,1.008085097
29/12/2009 0:00,65.454414,1.002982311
30/12/2009 0:00,65.807457,1.005393723
31/12/2009 0:00,66.179932,1.005660073
1/1/2010 0:00,66.22007,1.000606498
4/1/2010 0:00,66.20974,0.999844005
5/1/2010 0:00,65.567726,0.99030333
6/1/2010 0:00,66.285797,1.010951592
7/1/2010 0:00,66.831253,1.008228852
8/1/2010 0:00,66.446754,0.994246719
11/1/2010 0:00,66.348701,0.998524337
12/1/2010 0:00,65.468666,0.986736214
13/1/2010 0:00,65.897652,1.006552539
14/1/2010 0:00,65.806473,0.998616354
15/1/2010 0:00,65.268982,0.991832247
18/1/2010 0:00,65.382401,1.001737717
19/1/2010 0:00,65.601349,1.00334873
20/1/2010 0:00,65.1511,0.993136589
21/1/2010 0:00,64.387062,0.98827283
22/1/2010 0:00,63.944462,0.993125948
25/1/2010 0:00,64.619072,1.010549936
26/1/2010 0:00,63.911865,0.989055754
27/1/2010 0:00,64.030464,1.001855665
28/1/2010 0:00,63.949001,0.998727746
29/1/2010 0:00,64.217117,1.004192653
1/2/2010 0:00,64.414482,1.003073402
2/2/2010 0:00,64.265511,0.997687306
3/2/2010 0:00,64.347946,1.001282725
4/2/2010 0:00,62.955921,0.978367219
5/2/2010 0:00,62.755859,0.996822189
8/2/2010 0:00,62.698524,0.99908638
9/2/2010 0:00,63.381157,1.010887545
10/2/2010 0:00,63.447155,1.001041287
11/2/2010 0:00,63.663429,1.003408727
12/2/2010 0:00,63.749111,1.001345859
15/2/2010 0:00,63.774788,1.000402782
16/2/2010 0:00,64.271782,1.007792954
17/2/2010 0:00,64.767395,1.007711207
18/2/2010 0:00,65.033585,1.004109938
19/2/2010 0:00,64.852997,0.997223158
22/2/2010 0:00,64.729088,0.998089387
23/2/2010 0:00,63.927399,0.987614703
24/2/2010 0:00,64.069916,1.002229357
25/2/2010 0:00,63.356991,0.988872703
26/2/2010 0:00,63.248447,0.998286787
1/3/2010 0:00,63.479069,1.003646287
2/3/2010 0:00,63.340469,0.997816603
3/3/2010 0:00,63.302269,0.99939691
4/3/2010 0:00,63.621189,1.00503805
5/3/2010 0:00,64.396858,1.012191992
8/3/2010 0:00,64.501984,1.001632471
9/3/2010 0:00,64.349098,0.997629747
10/3/2010 0:00,64.720818,1.005776616
11/3/2010 0:00,64.858376,1.002125406
12/3/2010 0:00,64.963768,1.001624956
15/3/2010 0:00,64.64357,0.995071129
16/3/2010 0:00,64.7658,1.00189083
17/3/2010 0:00,64.916702,1.002329964
18/3/2010 0:00,64.855568,0.99905827
19/3/2010 0:00,64.763542,0.998581062
22/3/2010 0:00,64.520271,0.996243705
23/3/2010 0:00,64.478058,0.999345741
24/3/2010 0:00,65.446602,1.015021296
25/3/2010 0:00,65.747284,1.00459431
26/3/2010 0:00,65.925743,1.002714317
28/3/2010 0:00,66.111504,1.002817731
29/3/2010 0:00,66.326057,1.00324532
30/3/2010 0:00,66.837234,1.007707031
31/3/2010 0:00,67.165245,1.004907609
1/4/2010 0:00,67.531075,1.005446716
4/4/2010 0:00,67.504417,0.999605248
5/4/2010 0:00,67.182861,0.995236519
6/4/2010 0:00,66.883377,0.995542256
7/4/2010 0:00,67.030205,1.002195284
8/4/2010 0:00,67.0457,1.000231164
11/4/2010 0:00,67.002457,0.999355022
12/4/2010 0:00,66.987778,0.999780918
13/4/2010 0:00,67.966492,1.014610337
14/4/2010 0:00,67.722595,0.996411511
15/4/2010 0:00,67.008438,0.989454672
18/4/2010 0:00,67.123055,1.001710486
19/4/2010 0:00,67.77552,1.009720431
20/4/2010 0:00,67.818672,1.00063669
21/4/2010 0:00,68.074348,1.003769994
22/4/2010 0:00,68.59166,1.007599221
25/4/2010 0:00,68.71067,1.001735051
26/4/2010 0:00,67.795319,0.986678183
27/4/2010 0:00,68.382286,1.008657928
28/4/2010 0:00,68.727974,1.005055227
29/4/2010 0:00,68.489052,0.996523657
2/5/2010 0:00,69.123291,1.009260444
3/5/2010 0:00,68.625458,0.992797898
4/5/2010 0:00,67.345284,0.981345494
5/5/2010 0:00,64.712173,0.960901331
6/5/2010 0:00,65.672279,1.014836559
9/5/2010 0:00,67.470894,1.027387735
10/5/2010 0:00,66.886032,0.99133164
11/5/2010 0:00,67.51915,1.009465624
12/5/2010 0:00,67.127556,0.994200253
13/5/2010 0:00,66.652252,0.992919391
16/5/2010 0:00,66.654663,1.000036173
17/5/2010 0:00,65.81752,0.987440594
18/5/2010 0:00,65.596565,0.996642915
19/5/2010 0:00,63.427963,0.966940312
20/5/2010 0:00,64.056091,1.009903014
23/5/2010 0:00,64.064507,1.000131385
24/5/2010 0:00,64.024384,0.999373709
25/5/2010 0:00,63.718136,0.995216697
26/5/2010 0:00,64.953468,1.019387447
27/5/2010 0:00,64.713577,0.996306725
30/5/2010 0:00,65.1548,1.00681809
31/5/2010 0:00,64.52298,0.990302787
1/6/2010 0:00,65.686256,1.018028864
2/6/2010 0:00,65.834816,1.00226166
3/6/2010 0:00,65.020164,0.987625818
6/6/2010 0:00,64.502396,0.992036809
7/6/2010 0:00,64.705879,1.003154658
8/6/2010 0:00,64.646568,0.999083375
9/6/2010 0:00,65.058067,1.006365365
10/6/2010 0:00,65.410156,1.005411919
13/6/2010 0:00,65.611572,1.003079277
14/6/2010 0:00,65.76416,1.002325626
15/6/2010 0:00,65.620338,0.997813064
16/6/2010 0:00,65.284882,0.994887926
17/6/2010 0:00,65.529945,1.003753748
20/6/2010 0:00,66.062874,1.008132603
21/6/2010 0:00,65.367119,0.98946829
22/6/2010 0:00,64.781326,0.991038415
23/6/2010 0:00,64.431023,0.994592531
24/6/2010 0:00,64.312515,0.9981607
27/6/2010 0:00,64.420807,1.00168384
28/6/2010 0:00,63.230392,0.981521265
29/6/2010 0:00,63.195885,0.999454266
30/6/2010 0:00,63.085121,0.998247291
1/7/2010 0:00,63.076591,0.999864786
4/7/2010 0:00,62.953522,0.998048896
5/7/2010 0:00,63.062283,1.00172764
6/7/2010 0:00,63.380077,1.005039367
7/7/2010 0:00,64.134933,1.011909989
8/7/2010 0:00,64.148621,1.000213425
11/7/2010 0:00,64.128922,0.999692916
12/7/2010 0:00,64.59082,1.007202647
13/7/2010 0:00,64.261787,0.994905886
14/7/2010 0:00,63.633842,0.99022833
15/7/2010 0:00,62.961887,0.989440289
18/7/2010 0:00,63.006538,1.000709175
19/7/2010 0:00,63.541149,1.008485008
20/7/2010 0:00,63.003021,0.991531031
21/7/2010 0:00,63.533875,1.00842585
22/7/2010 0:00,63.892536,1.005645193
25/7/2010 0:00,63.950783,1.00091164
26/7/2010 0:00,64.485245,1.008357396
27/7/2010 0:00,63.997078,0.992429788
28/7/2010 0:00,63.615883,0.994043556
29/7/2010 0:00,63.586876,0.999544029
1/8/2010 0:00,64.213257,1.009850791
2/8/2010 0:00,63.568993,0.989966807
3/8/2010 0:00,63.568993,1
4/8/2010 0:00,63.830414,1.004112398
5/8/2010 0:00,63.429649,0.99372141
8/8/2010 0:00,63.396229,0.999473117
9/8/2010 0:00,63.721809,1.005135637
10/8/2010 0:00,63.089428,0.990075909
11/8/2010 0:00,62.344997,0.988200384
12/8/2010 0:00,63.233913,1.014258017
15/8/2010 0:00,63.235939,1.00003204
16/8/2010 0:00,62.656624,0.990838833
17/8/2010 0:00,63.207062,1.008784993
18/8/2010 0:00,63.20462,0.999961365
19/8/2010 0:00,63.003101,0.996811641
22/8/2010 0:00,63.036907,1.000536577
23/8/2010 0:00,62.744389,0.995359576
24/8/2010 0:00,61.827396,0.985385259
25/8/2010 0:00,62.373131,1.008826751
26/8/2010 0:00,62.247967,0.997993303
29/8/2010 0:00,63.277828,1.016544492
30/8/2010 0:00,62.38063,0.98582129
31/8/2010 0:00,62.10511,0.995583244
1/9/2010 0:00,62.658298,1.008907286
2/9/2010 0:00,62.616127,0.999326969
5/9/2010 0:00,62.862038,1.003927279
6/9/2010 0:00,62.552055,0.995068836
7/9/2010 0:00,62.055878,0.992067775
8/9/2010 0:00,62.486038,1.006931817
9/9/2010 0:00,62.527004,1.000655602
12/9/2010 0:00,63.019135,1.007870695
13/9/2010 0:00,62.602676,0.993391547
14/9/2010 0:00,62.296902,0.99511564
15/9/2010 0:00,64.079552,1.028615388
16/9/2010 0:00,64.175827,1.001502429
19/9/2010 0:00,64.153625,0.999654044
20/9/2010 0:00,64.268463,1.001790047
21/9/2010 0:00,64.047707,0.996565096
22/9/2010 0:00,63.729633,0.995033796
23/9/2010 0:00,63.613094,0.998171353
26/9/2010 0:00,63.827408,1.003369023
27/9/2010 0:00,63.814247,0.999793803
28/9/2010 0:00,63.655815,0.997517294
29/9/2010 0:00,63.569851,0.99864955
30/9/2010 0:00,63.532005,0.999404655
3/10/2010 0:00,63.540222,1.000129336
4/10/2010 0:00,63.539036,0.999981335
5/10/2010 0:00,63.566902,1.000438565
6/10/2010 0:00,63.406189,0.99747175
7/10/2010 0:00,63.053959,0.994444864
10/10/2010 0:00,62.697323,0.994343955
11/10/2010 0:00,62.773563,1.001216001
12/10/2010 0:00,62.681072,0.998526593
13/10/2010 0:00,62.786301,1.0016788
14/10/2010 0:00,62.87236,1.001370665
17/10/2010 0:00,62.714241,0.997485079
18/10/2010 0:00,62.440784,0.995639635
19/10/2010 0:00,62.046871,0.993691415
20/10/2010 0:00,62.249447,1.003264887
21/10/2010 0:00,62.46159,1.00340795
24/10/2010 0:00,62.612816,1.002421104
25/10/2010 0:00,62.466183,0.997658099
26/10/2010 0:00,62.68264,1.003465187
27/10/2010 0:00,62.622868,0.999046435
28/10/2010 0:00,62.622868,1
1/11/2010 0:00,62.232304,0.993763237
2/11/2010 0:00,62.400459,1.002702053
3/11/2010 0:00,62.669357,1.004309231
4/11/2010 0:00,63.054306,1.006142539
5/11/2010 0:00,62.973415,0.998717122
8/11/2010 0:00,63.193142,1.003489203
9/11/2010 0:00,62.909225,0.995507155
10/11/2010 0:00,63.242638,1.005299906
11/11/2010 0:00,63.887466,1.010196096
12/11/2010 0:00,63.854023,0.999476533
15/11/2010 0:00,63.583725,0.995766939
16/11/2010 0:00,63.720791,1.002155677
17/11/2010 0:00,63.924557,1.003197795
18/11/2010 0:00,63.92308,0.999976895
19/11/2010 0:00,64.504677,1.009098388
22/11/2010 0:00,64.477135,0.999573023
23/11/2010 0:00,64.123489,0.994515172
24/11/2010 0:00,63.375446,0.988334337
25/11/2010 0:00,63.946098,1.009004307
26/11/2010 0:00,63.898224,0.999251338
29/11/2010 0:00,63.84042,0.999095374
30/11/2010 0:00,63.785297,0.99913655
1/12/2010 0:00,63.387623,0.993765428
2/12/2010 0:00,64.211128,1.012991574
3/12/2010 0:00,64.077278,0.99791547
6/12/2010 0:00,63.613304,0.992759149
7/12/2010 0:00,63.309845,0.99522963
8/12/2010 0:00,63.739021,1.006778977
9/12/2010 0:00,63.978699,1.003760302
10/12/2010 0:00,63.970451,0.999871082
13/12/2010 0:00,64.184822,1.003351094
14/12/2010 0:00,64.021111,0.997449381
15/12/2010 0:00,64.344955,1.005058394
16/12/2010 0:00,64.00161,0.994663995
17/12/2010 0:00,63.926071,0.998819733
20/12/2010 0:00,63.885929,0.999372056
21/12/2010 0:00,63.612274,0.995716506
22/12/2010 0:00,63.796253,1.002892193
23/12/2010 0:00,64.006126,1.003289739
24/12/2010 0:00,63.602234,0.993689792
27/12/2010 0:00,63.701035,1.00155342
28/12/2010 0:00,63.714088,1.00020491
29/12/2010 0:00,63.384907,0.994833466
30/12/2010 0:00,63.165466,0.996537961
31/12/2010 0:00,63.254974,1.00141704
3/1/2011 0:00,63.258732,1.00005941
4/1/2011 0:00,63.561367,1.004784083
5/1/2011 0:00,63.744576,1.002882396
6/1/2011 0:00,64.372826,1.009855741
7/1/2011 0:00,64.230087,0.99778262
10/1/2011 0:00,64.09108,0.997835796
11/1/2011 0:00,63.745667,0.994610592
12/1/2011 0:00,64.40992,1.010420363
13/1/2011 0:00,64.489334,1.001232947
14/1/2011 0:00,64.398705,0.998594667
17/1/2011 0:00,64.398262,0.999993121
18/1/2011 0:00,64.179802,0.996607672
19/1/2011 0:00,64.389709,1.003270608
20/1/2011 0:00,64.018539,0.99423557
21/1/2011 0:00,64.428909,1.006410174
24/1/2011 0:00,64.364426,0.99899916
25/1/2011 0:00,64.46579,1.001574845
26/1/2011 0:00,64.275169,0.997043067
27/1/2011 0:00,64.283264,1.000125943
28/1/2011 0:00,64.784271,1.007793739
31/1/2011 0:00,63.765865,0.984280042
1/2/2011 0:00,64.177353,1.006453108
2/2/2011 0:00,64.059654,0.998166035
3/2/2011 0:00,64.059265,0.999993928
4/2/2011 0:00,64.086967,1.000432443
7/2/2011 0:00,64.476158,1.006072857
8/2/2011 0:00,64.615402,1.00215962
9/2/2011 0:00,64.671593,1.000869622
10/2/2011 0:00,64.749001,1.00119694
11/2/2011 0:00,65.201057,1.006981668
14/2/2011 0:00,65.053406,0.997735451
15/2/2011 0:00,65.069817,1.00025227
16/2/2011 0:00,65.34697,1.004259317
17/2/2011 0:00,65.39695,1.00076484
18/2/2011 0:00,65.289642,0.998359128
21/2/2011 0:00,65.283669,0.999908515
22/2/2011 0:00,65.12426,0.99755821
23/2/2011 0:00,64.641098,0.992580921
24/2/2011 0:00,64.586342,0.999152923
25/2/2011 0:00,64.350586,0.996349755
28/2/2011 0:00,64.042374,0.995210424
1/3/2011 0:00,64.436493,1.006154035
2/3/2011 0:00,64.31292,0.998082251
3/3/2011 0:00,64.482269,1.002633203
4/3/2011 0:00,64.978699,1.007698706
7/3/2011 0:00,64.995667,1.000261132
8/3/2011 0:00,65.016991,1.000328083
9/3/2011 0:00,65.30999,1.004506499
10/3/2011 0:00,65.330864,1.000319614
11/3/2011 0:00,65.130783,0.99693742
14/3/2011 0:00,64.038445,0.983228545
15/3/2011 0:00,64.542084,1.007864635
16/3/2011 0:00,63.483707,0.983601754
17/3/2011 0:00,61.583004,0.970059987
18/3/2011 0:00,62.236767,1.010615965
21/3/2011 0:00,63.661007,1.022884222
22/3/2011 0:00,64.161331,1.007859191
23/3/2011 0:00,64.097923,0.999011741
24/3/2011 0:00,64.002373,0.998509312
25/3/2011 0:00,64.25399,1.00393137
27/3/2011 0:00,64.539619,1.004445311
28/3/2011 0:00,64.747574,1.003222129
29/3/2011 0:00,65.36924,1.009601379
30/3/2011 0:00,65.939728,1.008727163
31/3/2011 0:00,66.153481,1.003241642
3/4/2011 0:00,66.846581,1.010477151
4/4/2011 0:00,66.74865,0.998534989
5/4/2011 0:00,67.576576,1.012403637
6/4/2011 0:00,67.719658,1.002117331
7/4/2011 0:00,67.41787,0.995543569
10/4/2011 0:00,67.658524,1.003569588
11/4/2011 0:00,67.375206,0.995812531
12/4/2011 0:00,66.555206,0.987829351
13/4/2011 0:00,66.732773,1.002667966
17/4/2011 0:00,66.913734,1.002711726
18/4/2011 0:00,65.962181,0.985779407
19/4/2011 0:00,66.430695,1.007102767
20/4/2011 0:00,66.57515,1.002174522
21/4/2011 0:00,66.307991,0.995987106
24/4/2011 0:00,66.372116,1.000967078
25/4/2011 0:00,66.24575,0.998096098
26/4/2011 0:00,66.172272,0.998890827
27/4/2011 0:00,66.881462,1.010717329
28/4/2011 0:00,66.457451,0.993660261
1/5/2011 0:00,66.410759,0.999297415
2/5/2011 0:00,66.388611,0.9996665
3/5/2011 0:00,65.946411,0.993339219
4/5/2011 0:00,65.518364,0.993509169
5/5/2011 0:00,64.878578,0.990235013
8/5/2011 0:00,65.355789,1.007355448
9/5/2011 0:00,65.179108,0.997296628
10/5/2011 0:00,65.798409,1.009501526
11/5/2011 0:00,65.584518,0.996749298
12/5/2011 0:00,65.449852,0.99794668
15/5/2011 0:00,64.84034,0.990687343
16/5/2011 0:00,64.615257,0.996528658
17/5/2011 0:00,65.429924,1.012607967
18/5/2011 0:00,65.88221,1.006912525
19/5/2011 0:00,66.047523,1.002509221
22/5/2011 0:00,65.898094,0.997737553
23/5/2011 0:00,65.632286,0.995966378
24/5/2011 0:00,65.791031,1.002418703
25/5/2011 0:00,65.79129,1.000003937
26/5/2011 0:00,65.392654,0.9939409
29/5/2011 0:00,65.402542,1.00015121
30/5/2011 0:00,65.5961,1.002959487
31/5/2011 0:00,66.109085,1.007820358
1/6/2011 0:00,65.321381,0.988084784
2/6/2011 0:00,65.684021,1.005551628
5/6/2011 0:00,65.378975,0.995355857
6/6/2011 0:00,65.127625,0.996155492
7/6/2011 0:00,65.375519,1.00380628
8/6/2011 0:00,64.872108,0.992299702
9/6/2011 0:00,65.302971,1.00664173
12/6/2011 0:00,65.010513,0.995521521
13/6/2011 0:00,64.956657,0.99917158
14/6/2011 0:00,65.506302,1.008461719
15/6/2011 0:00,65.368134,0.997890768
16/6/2011 0:00,64.997185,0.994325232
19/6/2011 0:00,64.944038,0.999182318
20/6/2011 0:00,64.985222,1.000634146
21/6/2011 0:00,65.082756,1.001500864
22/6/2011 0:00,65.124359,1.000639232
23/6/2011 0:00,65.159981,1.000546984
26/6/2011 0:00,64.949951,0.996776703
27/6/2011 0:00,65.164825,1.003308301
28/6/2011 0:00,65.434593,1.004139779
29/6/2011 0:00,65.458229,1.000361216
30/6/2011 0:00,65.677963,1.003356858
3/7/2011 0:00,65.992165,1.004783979
4/7/2011 0:00,65.904488,0.998671403
5/7/2011 0:00,66.001793,1.001476455
6/7/2011 0:00,65.917404,0.998721414
7/7/2011 0:00,66.451248,1.008098681
10/7/2011 0:00,66.003769,0.993266056
11/7/2011 0:00,65.414703,0.991075267
12/7/2011 0:00,64.71241,0.989263989
13/7/2011 0:00,64.911987,1.003084061
14/7/2011 0:00,65.088364,1.002717171
17/7/2011 0:00,64.915894,0.997350218
18/7/2011 0:00,64.986847,1.001092999
19/7/2011 0:00,65.124275,1.002114705
20/7/2011 0:00,64.935684,0.997104137
21/7/2011 0:00,64.945457,1.000150503
24/7/2011 0:00,64.878731,0.998972584
25/7/2011 0:00,64.86084,0.999724239
26/7/2011 0:00,64.750267,0.998295227
27/7/2011 0:00,64.731293,0.999706966
28/7/2011 0:00,64.661842,0.998927088
31/7/2011 0:00,64.189034,0.992687991
1/8/2011 0:00,64.458687,1.00420092
2/8/2011 0:00,64.013741,0.993097191
3/8/2011 0:00,63.980621,0.999482611
4/8/2011 0:00,64.599968,1.009680228
7/8/2011 0:00,64.4384,0.997498946
8/8/2011 0:00,63.448639,0.984640199
9/8/2011 0:00,63.814816,1.005771235
10/8/2011 0:00,62.891441,0.985530398
11/8/2011 0:00,63.400154,1.008088748
14/8/2011 0:00,63.566402,1.002622202
15/8/2011 0:00,64.017326,1.007093747
16/8/2011 0:00,63.929695,0.998631136
17/8/2011 0:00,63.677727,0.99605867
18/8/2011 0:00,62.972065,0.988918229
21/8/2011 0:00,63.443779,1.007490845
22/8/2011 0:00,63.565815,1.00192353
23/8/2011 0:00,63.708141,1.002239034
24/8/2011 0:00,63.89138,1.002876226
25/8/2011 0:00,63.964146,1.001138902
28/8/2011 0:00,63.731712,0.996366183
29/8/2011 0:00,63.881916,1.002356817
30/8/2011 0:00,63.61005,0.995744242
31/8/2011 0:00,63.755711,1.002289905
1/9/2011 0:00,63.837208,1.00127827
4/9/2011 0:00,63.829678,0.999882044
5/9/2011 0:00,63.655331,0.997268559
6/9/2011 0:00,64.147102,1.007725527
7/9/2011 0:00,64.012093,0.997895322
8/9/2011 0:00,63.845139,0.997391837
11/9/2011 0:00,62.967804,0.98625839
12/9/2011 0:00,62.544571,0.993278581
13/9/2011 0:00,62.076973,0.992523764
14/9/2011 0:00,61.677128,0.993558884
15/9/2011 0:00,61.817451,1.002275122
18/9/2011 0:00,61.80986,0.999877203
19/9/2011 0:00,60.574142,0.980007753
20/9/2011 0:00,60.65604,1.001352029
21/9/2011 0:00,59.407776,0.979420615
22/9/2011 0:00,58.539314,0.985381341
25/9/2011 0:00,59.081432,1.009260751
26/9/2011 0:00,59.033333,0.999185886
27/9/2011 0:00,59.842617,1.013708933
28/9/2011 0:00,58.940403,0.984923554
29/9/2011 0:00,59.169254,1.003882753
2/10/2011 0:00,59.11319,0.999052481
3/10/2011 0:00,58.205036,0.984637033
4/10/2011 0:00,58.693989,1.008400527
5/10/2011 0:00,58.963291,1.004588238
6/10/2011 0:00,58.994919,1.000536402
9/10/2011 0:00,59.144836,1.002541185
10/10/2011 0:00,60.097218,1.016102539
11/10/2011 0:00,59.732765,0.993935609
12/10/2011 0:00,60.466942,1.012291027
13/10/2011 0:00,60.189461,0.99541103
16/10/2011 0:00,61.057961,1.014429436
17/10/2011 0:00,60.368507,0.988708205
18/10/2011 0:00,60.530594,1.00268496
19/10/2011 0:00,60.625195,1.001562863
20/10/2011 0:00,60.40316,0.996337579
23/10/2011 0:00,59.833553,0.990569914
24/10/2011 0:00,60.254852,1.007041183
25/10/2011 0:00,60.227112,0.999539622
26/10/2011 0:00,60.063076,0.997276376
27/10/2011 0:00,61.100826,1.01727767
31/10/2011 0:00,60.874458,0.996295173
1/11/2011 0:00,62.486431,1.026480285
2/11/2011 0:00,61.2771,0.980646502
3/11/2011 0:00,61.060402,0.996463638
4/11/2011 0:00,61.771809,1.011650873
7/11/2011 0:00,61.694565,0.998749527
8/11/2011 0:00,61.507011,0.996959959
9/11/2011 0:00,61.327442,0.997080512
10/11/2011 0:00,60.357059,0.984177018
11/11/2011 0:00,60.18602,0.997166214
14/11/2011 0:00,60.495529,1.00514254
15/11/2011 0:00,59.755802,0.987772204
16/11/2011 0:00,59.607056,0.997510769
17/11/2011 0:00,59.414795,0.996774526
18/11/2011 0:00,59.317097,0.998355662
21/11/2011 0:00,59.207119,0.998145931
22/11/2011 0:00,58.99049,0.996341166
23/11/2011 0:00,59.207695,1.003682034
24/11/2011 0:00,58.974556,0.996062353
25/11/2011 0:00,58.968361,0.999894955
28/11/2011 0:00,59.610867,1.010895775
29/11/2011 0:00,60.090046,1.00803845
30/11/2011 0:00,60.11721,1.000452055
1/12/2011 0:00,60.526604,1.00680993
2/12/2011 0:00,60.609604,1.001371298
5/12/2011 0:00,60.914341,1.005027867
6/12/2011 0:00,60.676853,0.996101279
7/12/2011 0:00,60.614334,0.99896964
8/12/2011 0:00,60.492989,0.997998081
9/12/2011 0:00,60.044838,0.992591687
12/12/2011 0:00,60.015465,0.999510816
13/12/2011 0:00,59.824226,0.996813505
14/12/2011 0:00,59.662506,0.997296747
15/12/2011 0:00,59.638084,0.999590664
16/12/2011 0:00,59.6064,0.999468729
19/12/2011 0:00,59.713284,1.001793163
20/12/2011 0:00,59.663479,0.999165931
21/12/2011 0:00,59.959938,1.004968852
22/12/2011 0:00,60.254074,1.004905542
23/12/2011 0:00,60.411194,1.002607625
26/12/2011 0:00,60.340031,0.998822023
27/12/2011 0:00,60.408764,1.001139095
28/12/2011 0:00,60.084881,0.994638477
29/12/2011 0:00,59.990765,0.998433616
30/12/2011 0:00,59.774467,0.996394478
2/1/2012 0:00,59.424423,0.994143921
3/1/2012 0:00,59.345829,0.998677412
4/1/2012 0:00,59.747681,1.00677136
5/1/2012 0:00,59.56208,0.996893587
6/1/2012 0:00,59.742142,1.003023098
9/1/2012 0:00,59.33498,0.993184677
10/1/2012 0:00,59.378864,1.000739597
11/1/2012 0:00,59.586575,1.003498063
12/1/2012 0:00,59.561375,0.999577086
13/1/2012 0:00,59.560158,0.999979567
16/1/2012 0:00,59.463428,0.998375928
17/1/2012 0:00,59.508869,1.000764184
18/1/2012 0:00,59.857563,1.00585953
19/1/2012 0:00,60.1217,1.004412759
20/1/2012 0:00,60.592724,1.007834509
23/1/2012 0:00,60.460361,0.99781553
24/1/2012 0:00,60.759571,1.004948862
25/1/2012 0:00,61.310863,1.009073336
26/1/2012 0:00,61.707527,1.006469718
27/1/2012 0:00,61.549461,0.997438465
30/1/2012 0:00,61.326729,0.996381252
31/1/2012 0:00,60.738148,0.990402537
1/2/2012 0:00,60.623158,0.998106791
2/2/2012 0:00,60.938526,1.005202104
3/2/2012 0:00,61.071022,1.002174257
6/2/2012 0:00,61.560917,1.008021726
7/2/2012 0:00,61.308666,0.995902416
8/2/2012 0:00,61.658909,1.005712781
9/2/2012 0:00,61.835979,1.002871767
10/2/2012 0:00,62.19516,1.005808609
13/2/2012 0:00,61.892624,0.995135699
14/2/2012 0:00,61.589195,0.995097493
15/2/2012 0:00,62.003483,1.006726634
16/2/2012 0:00,62.064056,1.000976929
17/2/2012 0:00,62.494251,1.006931468
20/2/2012 0:00,63.830399,1.021380335
21/2/2012 0:00,63.431309,0.99374765
22/2/2012 0:00,63.547283,1.00182834
23/2/2012 0:00,63.829784,1.004445524
24/2/2012 0:00,63.862259,1.000508775
27/2/2012 0:00,64.927483,1.016680024
28/2/2012 0:00,64.140289,0.987875797
29/2/2012 0:00,64.471687,1.005166768
1/3/2012 0:00,64.962601,1.007614412
2/3/2012 0:00,64.973969,1.000174993
5/3/2012 0:00,65.098488,1.001916444
6/3/2012 0:00,64.882202,0.996677557
7/3/2012 0:00,63.858765,0.984226229
8/3/2012 0:00,64.573441,1.01119151
9/3/2012 0:00,65.196198,1.009644166
12/3/2012 0:00,65.547066,1.005381725
13/3/2012 0:00,65.53389,0.999798984
14/3/2012 0:00,65.924988,1.005967874
15/3/2012 0:00,66.072975,1.002244779
16/3/2012 0:00,66.059013,0.999788688
19/3/2012 0:00,66.388222,1.004983559
20/3/2012 0:00,66.356262,0.999518589
21/3/2012 0:00,66.220711,0.997957224
22/3/2012 0:00,65.835579,0.994184116
23/3/2012 0:00,65.276894,0.991513935
25/3/2012 0:00,65.596802,1.004900785
26/3/2012 0:00,66.014641,1.006369807
27/3/2012 0:00,66.05265,1.000575766
28/3/2012 0:00,65.870377,0.997240489
29/3/2012 0:00,65.354645,0.992170502
1/4/2012 0:00,66.142548,1.012055807
2/4/2012 0:00,65.096603,0.984186503
3/4/2012 0:00,65.963211,1.013312646
4/4/2012 0:00,65.511765,0.993156094
5/4/2012 0:00,65.324753,0.997145368
8/4/2012 0:00,64.460648,0.986772166
9/4/2012 0:00,64.754913,1.004565033
10/4/2012 0:00,63.916035,0.987045338
11/4/2012 0:00,64.471153,1.008685113
12/4/2012 0:00,64.718117,1.003830612
15/4/2012 0:00,64.773422,1.000854552
16/4/2012 0:00,64.320236,0.993003519
17/4/2012 0:00,64.991501,1.010436296
18/4/2012 0:00,64.993202,1.000026173
19/4/2012 0:00,65.261101,1.004121954
22/4/2012 0:00,65.400337,1.002133522
23/4/2012 0:00,64.993996,0.993786867
24/4/2012 0:00,65.362991,1.005677371
25/4/2012 0:00,65.401016,1.000581751
26/4/2012 0:00,65.279854,0.998147399
29/4/2012 0:00,64.929291,0.994629844
30/4/2012 0:00,64.629623,0.995384702
1/5/2012 0:00,64.936852,1.004753687
2/5/2012 0:00,64.587669,0.99462273
3/5/2012 0:00,64.539749,0.999258063
6/5/2012 0:00,63.833973,0.989064476
7/5/2012 0:00,64.187614,1.005540012
8/5/2012 0:00,63.94939,0.99628863
9/5/2012 0:00,63.661045,0.995491044
10/5/2012 0:00,63.779381,1.001858845
13/5/2012 0:00,63.90641,1.001991694
14/5/2012 0:00,63.504055,0.993703996
15/5/2012 0:00,63.704494,1.003156318
16/5/2012 0:00,63.427528,0.995652332
17/5/2012 0:00,62.412952,0.984004169
20/5/2012 0:00,62.206337,0.996689549
21/5/2012 0:00,62.680569,1.007623532
22/5/2012 0:00,62.694145,1.00021659
23/5/2012 0:00,62.148834,0.991302043
24/5/2012 0:00,62.405014,1.00412204
27/5/2012 0:00,62.330635,0.998808125
28/5/2012 0:00,62.239689,0.99854091
29/5/2012 0:00,62.14336,0.99845229
30/5/2012 0:00,61.302387,0.986467211
31/5/2012 0:00,60.986942,0.994854279
3/6/2012 0:00,60.348022,0.989523659
4/6/2012 0:00,61.009811,1.010966209
5/6/2012 0:00,61.278023,1.004396211
6/6/2012 0:00,62.194496,1.014955982
7/6/2012 0:00,62.433414,1.003841465
10/6/2012 0:00,62.34132,0.998524924
11/6/2012 0:00,61.688709,0.989531646
12/6/2012 0:00,62.028706,1.005511495
13/6/2012 0:00,61.960003,0.9988924
14/6/2012 0:00,62.131927,1.002774758
17/6/2012 0:00,62.425571,1.004726137
18/6/2012 0:00,62.239033,0.997011834
19/6/2012 0:00,62.41333,1.002800445
20/6/2012 0:00,62.577114,1.002624183
21/6/2012 0:00,62.599743,1.000361618
24/6/2012 0:00,63.021198,1.006732536
25/6/2012 0:00,62.177986,0.986620185
26/6/2012 0:00,62.150959,0.999565328
27/6/2012 0:00,62.406509,1.004111763
28/6/2012 0:00,61.931351,0.992386083
1/7/2012 0:00,63.068958,1.018368839
2/7/2012 0:00,62.676037,0.993769978
3/7/2012 0:00,63.26466,1.009391516
4/7/2012 0:00,63.103882,0.997458644
5/7/2012 0:00,63.135429,1.000499922
8/7/2012 0:00,62.458153,0.989272648
9/7/2012 0:00,62.695435,1.003799056
10/7/2012 0:00,62.564056,0.997904489
11/7/2012 0:00,63.02248,1.007327274
12/7/2012 0:00,62.493107,0.991600251
15/7/2012 0:00,62.614681,1.001945399
16/7/2012 0:00,62.352665,0.995815422
17/7/2012 0:00,62.759659,1.006527291
18/7/2012 0:00,62.643299,0.998145943
19/7/2012 0:00,62.806091,1.002598714
22/7/2012 0:00,62.346024,0.992674803
23/7/2012 0:00,62.110176,0.996217112
24/7/2012 0:00,61.87183,0.996162529
25/7/2012 0:00,62.175495,1.004907969
26/7/2012 0:00,62.594101,1.006732652
29/7/2012 0:00,62.914753,1.005122719
30/7/2012 0:00,62.643166,0.995683254
31/7/2012 0:00,62.710724,1.001078458
1/8/2012 0:00,62.83469,1.001976791
2/8/2012 0:00,62.641148,0.996919822
5/8/2012 0:00,63.364506,1.011547649
6/8/2012 0:00,62.988319,0.994063127
7/8/2012 0:00,63.252338,1.004191555
8/8/2012 0:00,62.971886,0.99556614
9/8/2012 0:00,63.155785,1.002920335
12/8/2012 0:00,62.858467,0.995292308
13/8/2012 0:00,62.855083,0.999946165
14/8/2012 0:00,63.212814,1.005691362
15/8/2012 0:00,63.237534,1.00039106
16/8/2012 0:00,63.45076,1.003371827
19/8/2012 0:00,63.496246,1.000716871
20/8/2012 0:00,63.342384,0.997576833
21/8/2012 0:00,63.37788,1.000560383
22/8/2012 0:00,63.007618,0.994157867
23/8/2012 0:00,63.011059,1.000054612
26/8/2012 0:00,62.978962,0.999490613
27/8/2012 0:00,62.884289,0.998496752
28/8/2012 0:00,62.735546,0.997634656
29/8/2012 0:00,62.779129,1.00069471
30/8/2012 0:00,62.648582,0.997920535
2/9/2012 0:00,62.68716,1.000615784
3/9/2012 0:00,62.887531,1.003196364
4/9/2012 0:00,62.886684,0.999986532
5/9/2012 0:00,62.876842,0.999843496
6/9/2012 0:00,63.492962,1.009798838
9/9/2012 0:00,63.273746,0.996547397
10/9/2012 0:00,63.253815,0.999685004
11/9/2012 0:00,63.21909,0.999451021
12/9/2012 0:00,63.346989,1.002023107
13/9/2012 0:00,63.379921,1.000519867
16/9/2012 0:00,64.175819,1.012557573
17/9/2012 0:00,64.284775,1.001697773
18/9/2012 0:00,64.312538,1.000431875
19/9/2012 0:00,64.058212,0.996045468
20/9/2012 0:00,63.894112,0.997438268
23/9/2012 0:00,63.74398,0.9976503
24/9/2012 0:00,63.451084,0.995405119
25/9/2012 0:00,63.254177,0.996896712
26/9/2012 0:00,63.133171,0.998086988
27/9/2012 0:00,63.303425,1.002696744
30/9/2012 0:00,63.432873,1.002044881
1/10/2012 0:00,63.499596,1.001051868
2/10/2012 0:00,63.532612,1.00051994
3/10/2012 0:00,63.762398,1.00361682
4/10/2012 0:00,63.891247,1.002020768
7/10/2012 0:00,64.011909,1.001888553
8/10/2012 0:00,63.693764,0.995029909
9/10/2012 0:00,63.53587,0.997521045
10/10/2012 0:00,63.442596,0.998531947
11/10/2012 0:00,63.84164,1.006289843
14/10/2012 0:00,64.181259,1.00531971
15/10/2012 0:00,64.522972,1.005324187
16/10/2012 0:00,64.679573,1.002427058
17/10/2012 0:00,64.995064,1.004877753
18/10/2012 0:00,65.059883,1.000997291
21/10/2012 0:00,64.82872,0.99644692
22/10/2012 0:00,65.523682,1.010719971
23/10/2012 0:00,65.180466,0.994761955
24/10/2012 0:00,65.303947,1.001894448
25/10/2012 0:00,65.714142,1.00628132
29/10/2012 0:00,65.212051,0.992359468
30/10/2012 0:00,65.316086,1.001595334
31/10/2012 0:00,65.352249,1.000553661
1/11/2012 0:00,65.480484,1.001962213
2/11/2012 0:00,65.754097,1.004178543
5/11/2012 0:00,65.757225,1.000047571
6/11/2012 0:00,65.495552,0.99602062
7/11/2012 0:00,65.65004,1.002358756
8/11/2012 0:00,65.350983,0.995444679
9/11/2012 0:00,64.895119,0.993024374
12/11/2012 0:00,64.942177,1.000725139
13/11/2012 0:00,65.105515,1.00251513
14/11/2012 0:00,64.986786,0.99817636
15/11/2012 0:00,65.565727,1.008908596
16/11/2012 0:00,66.277214,1.010851508
19/11/2012 0:00,66.497559,1.003324597
20/11/2012 0:00,66.430939,0.998998159
21/11/2012 0:00,66.787842,1.005372542
22/11/2012 0:00,67.442024,1.009794926
23/11/2012 0:00,67.253799,0.997209084
26/11/2012 0:00,67.537209,1.004214037
27/11/2012 0:00,67.047462,0.992748486
28/11/2012 0:00,67.113655,1.000987256
29/11/2012 0:00,67.225861,1.00167188
30/11/2012 0:00,67.320335,1.001405322
3/12/2012 0:00,67.586884,1.003959413
4/12/2012 0:00,67.410545,0.997390929
5/12/2012 0:00,67.197792,0.996843921
6/12/2012 0:00,67.66478,1.006949455
7/12/2012 0:00,67.547859,0.998272055
10/12/2012 0:00,67.638863,1.001347252
11/12/2012 0:00,67.406075,0.996558369
12/12/2012 0:00,67.614952,1.003098786
13/12/2012 0:00,68.176979,1.00831217
14/12/2012 0:00,68.516609,1.004981594
17/12/2012 0:00,68.970665,1.006626948
18/12/2012 0:00,68.795509,0.997460428
19/12/2012 0:00,69.290352,1.007192955
20/12/2012 0:00,69.036568,0.996337383
21/12/2012 0:00,69.298965,1.003800841
24/12/2012 0:00,69.120537,0.997425243
25/12/2012 0:00,69.501099,1.005505773
26/12/2012 0:00,69.587715,1.001246254
27/12/2012 0:00,70.005638,1.006005701
28/12/2012 0:00,70.74501,1.010561606
31/12/2012 0:00,70.291931,0.993595605
1/1/2013 0:00,71.041206,1.010659474
2/1/2013 0:00,70.908043,0.998125553
3/1/2013 0:00,71.480637,1.008075163
4/1/2013 0:00,71.494339,1.000191688
7/1/2013 0:00,71.90387,1.00572816
8/1/2013 0:00,70.992805,0.987329402
9/1/2013 0:00,70.740562,0.996446922
10/1/2013 0:00,71.754356,1.014331156
11/1/2013 0:00,72.999878,1.017358138
14/1/2013 0:00,72.953148,0.999359862
15/1/2013 0:00,73.013069,1.000821363
16/1/2013 0:00,72.496323,0.992922555
17/1/2013 0:00,72.440315,0.999227437
18/1/2013 0:00,73.418564,1.013504207
21/1/2013 0:00,73.497749,1.001078542
22/1/2013 0:00,72.928535,0.992255355
23/1/2013 0:00,72.150772,0.989335272
24/1/2013 0:00,72.209999,1.000820878
25/1/2013 0:00,73.596268,1.019197743
28/1/2013 0:00,73.770607,1.002368857
29/1/2013 0:00,73.06002,0.990367613
30/1/2013 0:00,73.555862,1.006786776
31/1/2013 0:00,73.649338,1.001270816
1/2/2013 0:00,74.095894,1.006063272
4/2/2013 0:00,74.796417,1.009454276
5/2/2013 0:00,74.388924,0.994551972
6/2/2013 0:00,75.651245,1.016969206
7/2/2013 0:00,75.417709,0.996912992
8/2/2013 0:00,75.546425,1.001706708
11/2/2013 0:00,74.773338,0.98976673
12/2/2013 0:00,75.867485,1.014632849
13/2/2013 0:00,75.329193,0.992904839
14/2/2013 0:00,75.478539,1.001982578
15/2/2013 0:00,75.256638,0.997060078
18/2/2013 0:00,75.71965,1.006152441
19/2/2013 0:00,75.590645,0.998296281
20/2/2013 0:00,75.751793,1.002131851
21/2/2013 0:00,75.521301,0.996957273
22/2/2013 0:00,75.111885,0.994578801
25/2/2013 0:00,76.032921,1.012262187
26/2/2013 0:00,74.549782,0.980493463
27/2/2013 0:00,74.378227,0.997698786
28/2/2013 0:00,74.660683,1.003797563
1/3/2013 0:00,74.795601,1.001807082
4/3/2013 0:00,75.296959,1.006703041
5/3/2013 0:00,75.051018,0.996733719
6/3/2013 0:00,74.940552,0.998528121
7/3/2013 0:00,75.257797,1.004233289
8/3/2013 0:00,76.253517,1.013230789
11/3/2013 0:00,77.040779,1.010324271
12/3/2013 0:00,77.371956,1.004298723
13/3/2013 0:00,76.871239,0.993528443
14/3/2013 0:00,76.920609,1.000642243
15/3/2013 0:00,76.83107,0.998835956
18/3/2013 0:00,75.84446,0.987158711
19/3/2013 0:00,76.329361,1.006393361
20/3/2013 0:00,75.967079,0.995253701
21/3/2013 0:00,76.711838,1.009803707
22/3/2013 0:00,75.994873,0.990653789
25/3/2013 0:00,76.075409,1.001059756
26/3/2013 0:00,75.532959,0.992869575
27/3/2013 0:00,76.27549,1.009830556
28/3/2013 0:00,75.926582,0.995425687
29/3/2013 0:00,75.929062,1.000032663
31/3/2013 0:00,75.968925,1.000525003
1/4/2013 0:00,75.211884,0.99003486
2/4/2013 0:00,75.367912,1.002074513
3/4/2013 0:00,75.000603,0.995126454
4/4/2013 0:00,77.75547,1.036731265
7/4/2013 0:00,79.664246,1.024548447
8/4/2013 0:00,79.97422,1.003891005
9/4/2013 0:00,79.857635,0.998542218
10/4/2013 0:00,80.498505,1.008025156
11/4/2013 0:00,80.570839,1.000898576
14/4/2013 0:00,79.540565,0.987212818
15/4/2013 0:00,78.167274,0.982734709
16/4/2013 0:00,79.106895,1.012020644
17/4/2013 0:00,79.343582,1.00299199
18/4/2013 0:00,79.461266,1.00148322
21/4/2013 0:00,80.657066,1.015048842
22/4/2013 0:00,79.934868,0.991046067
23/4/2013 0:00,80.287552,1.004412142
24/4/2013 0:00,80.04895,0.997028157
25/4/2013 0:00,80.205078,1.001950407
28/4/2013 0:00,79.150589,0.986852591
29/4/2013 0:00,79.332031,1.002292364
30/4/2013 0:00,78.997635,0.995784855
1/5/2013 0:00,78.743759,0.996786284
2/5/2013 0:00,79.327774,1.007416651
5/5/2013 0:00,80.408287,1.013620866
6/5/2013 0:00,80.699905,1.003626716
7/5/2013 0:00,80.136299,0.993016026
8/5/2013 0:00,80.611443,1.005929198
9/5/2013 0:00,81.690308,1.013383522
12/5/2013 0:00,82.209221,1.006352198
13/5/2013 0:00,81.977615,0.997182725
14/5/2013 0:00,82.210625,1.002842361
15/5/2013 0:00,82.093399,0.998574077
16/5/2013 0:00,81.655746,0.994668841
19/5/2013 0:00,81.724716,1.000844644
20/5/2013 0:00,81.478584,0.99698828
21/5/2013 0:00,81.413017,0.999195285
22/5/2013 0:00,81.342789,0.999137386
23/5/2013 0:00,80.960365,0.995298612
26/5/2013 0:00,79.926125,0.987225354
27/5/2013 0:00,80.191154,1.003315925
28/5/2013 0:00,80.697914,1.0063194
29/5/2013 0:00,79.738304,0.988108615
30/5/2013 0:00,80.28907,1.00690717
2/6/2013 0:00,79.645508,0.991984438
3/6/2013 0:00,79.634315,0.999859465
4/6/2013 0:00,79.925056,1.003650951
5/6/2013 0:00,79.193275,0.99084416
6/6/2013 0:00,78.381432,0.989748587
9/6/2013 0:00,78.464859,1.001064372
10/6/2013 0:00,78.563202,1.001253338
11/6/2013 0:00,76.701805,0.976307012
12/6/2013 0:00,76.42466,0.996386721
13/6/2013 0:00,76.45208,1.000358785
16/6/2013 0:00,75.405663,0.986312773
17/6/2013 0:00,75.448845,1.000572663
18/6/2013 0:00,75.671417,1.002949972
19/6/2013 0:00,76.173874,1.006639984
20/6/2013 0:00,76.308121,1.001762376
23/6/2013 0:00,77.255096,1.012409885
24/6/2013 0:00,76.502701,0.990260901
25/6/2013 0:00,77.269547,1.010023777
26/6/2013 0:00,76.79438,0.993850527
27/6/2013 0:00,77.739708,1.012309859
30/6/2013 0:00,78.313011,1.007374648
1/7/2013 0:00,78.86689,1.007072631
2/7/2013 0:00,79.241203,1.004746136
3/7/2013 0:00,78.522499,0.990930173
4/7/2013 0:00,78.677971,1.001979968
7/7/2013 0:00,79.147217,1.005964134
8/7/2013 0:00,78.852509,0.996276458
9/7/2013 0:00,79.163078,1.003938606
10/7/2013 0:00,78.128273,0.986928186
11/7/2013 0:00,78.642502,1.006581855
14/7/2013 0:00,78.633537,0.999886003
15/7/2013 0:00,79.185852,1.007023911
16/7/2013 0:00,78.775314,0.994815513
17/7/2013 0:00,79.076408,1.003822187
18/7/2013 0:00,79.375557,1.003783037
21/7/2013 0:00,79.479523,1.001309799
22/7/2013 0:00,78.847343,0.992046002
23/7/2013 0:00,78.758354,0.998871376
24/7/2013 0:00,79.120979,1.004604273
25/7/2013 0:00,78.488808,0.992010071
28/7/2013 0:00,77.566269,0.988246235
29/7/2013 0:00,77.352699,0.997246612
30/7/2013 0:00,77.174309,0.99769381
31/7/2013 0:00,76.984154,0.997536032
1/8/2013 0:00,77.933067,1.012326082
4/8/2013 0:00,77.856209,0.999013795
5/8/2013 0:00,77.461487,0.994930115
6/8/2013 0:00,76.824936,0.991782355
7/8/2013 0:00,76.239876,0.992384504
8/8/2013 0:00,76.803986,1.007399146
11/8/2013 0:00,76.362366,0.994250038
12/8/2013 0:00,76.923073,1.007342714
13/8/2013 0:00,77.487778,1.007341165
14/8/2013 0:00,77.114578,0.995183757
15/8/2013 0:00,76.523689,0.992337519
18/8/2013 0:00,76.889221,1.004776717
19/8/2013 0:00,76.370232,0.993250172
20/8/2013 0:00,76.30481,0.999143357
21/8/2013 0:00,76.14695,0.997931192
22/8/2013 0:00,77.173248,1.013477861
25/8/2013 0:00,77.198326,1.000324957
26/8/2013 0:00,76.696358,0.993497683
27/8/2013 0:00,75.437553,0.983587161
28/8/2013 0:00,76.536552,1.014568328
29/8/2013 0:00,77.055504,1.006780447
1/9/2013 0:00,77.219223,1.002124689
2/9/2013 0:00,78.184875,1.012505332
3/9/2013 0:00,77.929985,0.996739907
4/9/2013 0:00,78.24688,1.004066407
5/9/2013 0:00,78.178368,0.999124412
8/9/2013 0:00,78.405952,1.002911087
9/9/2013 0:00,78.586967,1.00230869
10/9/2013 0:00,79.105965,1.006604123
11/9/2013 0:00,78.907021,0.997485095
12/9/2013 0:00,78.565628,0.995673478
15/9/2013 0:00,78.368752,0.99749412
16/9/2013 0:00,78.533485,1.002102024
17/9/2013 0:00,78.696747,1.002078884
18/9/2013 0:00,78.857567,1.002043541
19/9/2013 0:00,79.768532,1.01155203
22/9/2013 0:00,79.388573,0.995236731
23/9/2013 0:00,78.949051,0.994463662
24/9/2013 0:00,78.693817,0.996767105
25/9/2013 0:00,78.508698,0.997647604
26/9/2013 0:00,78.798721,1.003694151
29/9/2013 0:00,77.825783,0.987652871
30/9/2013 0:00,78.394508,1.007307668
1/10/2013 0:00,78.201912,0.997543246
2/10/2013 0:00,77.935394,0.996591925
3/10/2013 0:00,77.886955,0.999378472
6/10/2013 0:00,78.034889,1.001899342
8/10/2013 0:00,77.602127,0.99445425
9/10/2013 0:00,77.986938,1.004958769
10/10/2013 0:00,78.615929,1.008065338
13/10/2013 0:00,78.837257,1.002815307
14/10/2013 0:00,79.315948,1.006071888
15/10/2013 0:00,79.305954,0.999873998
16/10/2013 0:00,79.522263,1.002727525
17/10/2013 0:00,79.065636,0.994257872
20/10/2013 0:00,79.051804,0.999825057
21/10/2013 0:00,79.031921,0.999748481
22/10/2013 0:00,79.41684,1.004870424
23/10/2013 0:00,78.671738,0.990617834
24/10/2013 0:00,78.705132,1.000424473
28/10/2013 0:00,78.972076,1.003391698
29/10/2013 0:00,78.85936,0.998572711
30/10/2013 0:00,79.103859,1.003100444
31/10/2013 0:00,79.448181,1.004352784
1/11/2013 0:00,79.190857,0.996761109
4/11/2013 0:00,79.39312,1.002554121
5/11/2013 0:00,79.396393,1.000041225
6/11/2013 0:00,79.189896,0.997399164
7/11/2013 0:00,79.388077,1.002502605
8/11/2013 0:00,78.879448,0.993593131
11/11/2013 0:00,79.506767,1.007952883
12/11/2013 0:00,79.392967,0.998568675
13/11/2013 0:00,79.762512,1.004654631
14/11/2013 0:00,79.670135,0.998841849
15/11/2013 0:00,80.395882,1.009109398
18/11/2013 0:00,80.521545,1.001563053
19/11/2013 0:00,80.114075,0.994939615
20/11/2013 0:00,80.629868,1.006438232
21/11/2013 0:00,80.39843,0.997129624
22/11/2013 0:00,81.044823,1.008039871
25/11/2013 0:00,81.037834,0.999913764
26/11/2013 0:00,81.102058,1.000792519
27/11/2013 0:00,80.91082,0.997642008
28/11/2013 0:00,81.441582,1.00655984
29/11/2013 0:00,81.469269,1.000339961
2/12/2013 0:00,81.672325,1.002492424
3/12/2013 0:00,81.958244,1.003500806
4/12/2013 0:00,81.684753,0.996663045
5/12/2013 0:00,81.628029,0.999305574
6/12/2013 0:00,81.176697,0.99447087
9/12/2013 0:00,82.461914,1.015832339
10/12/2013 0:00,82.676956,1.002607774
11/12/2013 0:00,82.327316,0.99577101
12/12/2013 0:00,81.896332,0.994764994
13/12/2013 0:00,82.400879,1.006160801
16/12/2013 0:00,82.273743,0.998457104
17/12/2013 0:00,82.061836,0.997424367
18/12/2013 0:00,81.631622,0.994757441
19/12/2013 0:00,82.591393,1.011757343
20/12/2013 0:00,82.36586,0.997269292
23/12/2013 0:00,82.16246,0.99753053
24/12/2013 0:00,82.212837,1.000613139
25/12/2013 0:00,82.282127,1.000842812
26/12/2013 0:00,82.479012,1.002392804
27/12/2013 0:00,82.643059,1.001988954
30/12/2013 0:00,82.967018,1.003919978
31/12/2013 0:00,82.822136,0.99825374
1/1/2014 0:00,83.418495,1.007200478
2/1/2014 0:00,83.325294,0.99888273
3/1/2014 0:00,82.744385,0.993028419
6/1/2014 0:00,82.839432,1.001148682
7/1/2014 0:00,82.235123,0.992705056
8/1/2014 0:00,82.360252,1.0015216
9/1/2014 0:00,82.348137,0.999852902
10/1/2014 0:00,82.504333,1.001896776
13/1/2014 0:00,82.276535,0.997238957
14/1/2014 0:00,81.495941,0.990512556
15/1/2014 0:00,82.113472,1.007577445
16/1/2014 0:00,82.151779,1.000466513
17/1/2014 0:00,82.002594,0.998184032
20/1/2014 0:00,81.739906,0.996796589
21/1/2014 0:00,81.651596,0.998919622
22/1/2014 0:00,81.536972,0.998596182
23/1/2014 0:00,81.795937,1.003176044
24/1/2014 0:00,80.811478,0.987964451
27/1/2014 0:00,79.805122,0.987546868
28/1/2014 0:00,80.450287,1.008084256
29/1/2014 0:00,81.054489,1.007510253
30/1/2014 0:00,80.1586,0.988947077
31/1/2014 0:00,80.621704,1.005777346
3/2/2014 0:00,80.010017,0.992412874
4/2/2014 0:00,79.31089,0.991262007
5/2/2014 0:00,80.179932,1.010957411
6/2/2014 0:00,80.029343,0.998121862
7/2/2014 0:00,80.459702,1.005377515
10/2/2014 0:00,80.847878,1.004824477
11/2/2014 0:00,80.401962,0.994484506
12/2/2014 0:00,80.904694,1.006252733
13/2/2014 0:00,80.967316,1.000774022
14/2/2014 0:00,80.796997,0.997896447
17/2/2014 0:00,80.7005,0.998805686
18/2/2014 0:00,81.062057,1.004480232
19/2/2014 0:00,81.116089,1.000666551
20/2/2014 0:00,80.955696,0.998022673
21/2/2014 0:00,80.929588,0.999677503
24/2/2014 0:00,80.906189,0.999710872
25/2/2014 0:00,81.16037,1.003141676
26/2/2014 0:00,80.788666,0.995420129
27/2/2014 0:00,80.797249,1.00010624
28/2/2014 0:00,80.755753,0.999486418
3/3/2014 0:00,79.820511,0.988418881
4/3/2014 0:00,79.857628,1.000465006
5/3/2014 0:00,80.521057,1.008307647
6/3/2014 0:00,80.65728,1.001691769
7/3/2014 0:00,81.575256,1.011381192
10/3/2014 0:00,81.372421,0.997513523
11/3/2014 0:00,81.425392,1.00065097
12/3/2014 0:00,81.136734,0.996454939
13/3/2014 0:00,81.123764,0.999840146
14/3/2014 0:00,80.356224,0.990538654
17/3/2014 0:00,80.082512,0.996593767
18/3/2014 0:00,80.561714,1.005983853
19/3/2014 0:00,80.283012,0.996540516
20/3/2014 0:00,80.462982,1.002241695
21/3/2014 0:00,80.183365,0.996524899
24/3/2014 0:00,80.275276,1.00114626
25/3/2014 0:00,80.429192,1.001917352
26/3/2014 0:00,80.672134,1.00302057
27/3/2014 0:00,80.420319,0.996878538
28/3/2014 0:00,80.8592,1.00545734
30/3/2014 0:00,81.703323,1.010439418
31/3/2014 0:00,82.020683,1.003884297
1/4/2014 0:00,82.26474,1.002975554
2/4/2014 0:00,82.319794,1.00066923
3/4/2014 0:00,82.284088,0.999566253
6/4/2014 0:00,82.074913,0.997457892
7/4/2014 0:00,81.833267,0.997055787
8/4/2014 0:00,81.461685,0.995459279
9/4/2014 0:00,81.899857,1.005378872
10/4/2014 0:00,81.132553,0.990631192
13/4/2014 0:00,81.251099,1.00146114
14/4/2014 0:00,81.324768,1.000906683
15/4/2014 0:00,81.308411,0.999798868
16/4/2014 0:00,81.760796,1.005563816
17/4/2014 0:00,81.777107,1.000199497
20/4/2014 0:00,81.897308,1.001469861
21/4/2014 0:00,81.968781,1.000872715
22/4/2014 0:00,81.717636,0.99693609
23/4/2014 0:00,81.63916,0.999039669
24/4/2014 0:00,81.359947,0.996579913
27/4/2014 0:00,81.280205,0.999019886
28/4/2014 0:00,81.597633,1.003905354
29/4/2014 0:00,81.705429,1.001321068
30/4/2014 0:00,81.585419,0.998531187
1/5/2014 0:00,81.623436,1.000465978
4/5/2014 0:00,81.680275,1.000696356
5/5/2014 0:00,81.748627,1.000836824
6/5/2014 0:00,81.555359,0.997635826
7/5/2014 0:00,81.530861,0.999699615
8/5/2014 0:00,81.475159,0.999316799
11/5/2014 0:00,81.565025,1.001102986
12/5/2014 0:00,81.724464,1.001954747
13/5/2014 0:00,81.671913,0.999356973
14/5/2014 0:00,81.446136,0.997235561
15/5/2014 0:00,81.064316,0.995311994
18/5/2014 0:00,81.218658,1.001903945
19/5/2014 0:00,81.163635,0.999322533
20/5/2014 0:00,80.817581,0.995736342
21/5/2014 0:00,81.042633,1.002784691
22/5/2014 0:00,81.298836,1.003161336
25/5/2014 0:00,81.385338,1.001064
26/5/2014 0:00,81.325874,0.999269352
27/5/2014 0:00,81.189941,0.998328539
28/5/2014 0:00,81.024254,0.997959267
29/5/2014 0:00,81.122253,1.001209502
1/6/2014 0:00,81.218163,1.00118229
2/6/2014 0:00,81.478416,1.003204369
3/6/2014 0:00,81.604393,1.00154614
4/6/2014 0:00,81.634094,1.000363963
5/6/2014 0:00,81.746124,1.001372343
8/6/2014 0:00,81.894249,1.001812013
9/6/2014 0:00,81.970886,1.000935804
10/6/2014 0:00,81.880028,0.998891582
11/6/2014 0:00,81.583031,0.996372778
12/6/2014 0:00,81.502136,0.999008434
15/6/2014 0:00,81.530563,1.000348788
16/6/2014 0:00,81.464073,0.999184478
17/6/2014 0:00,81.537643,1.000903097
18/6/2014 0:00,81.597511,1.000734238
19/6/2014 0:00,81.589684,0.999904078
22/6/2014 0:00,81.69136,1.001246187
23/6/2014 0:00,81.606987,0.998967174
24/6/2014 0:00,81.575645,0.99961594
25/6/2014 0:00,81.494118,0.999000596
26/6/2014 0:00,81.32196,0.997887479
29/6/2014 0:00,81.173233,0.998171134
30/6/2014 0:00,81.245842,1.000894494
1/7/2014 0:00,81.537277,1.003587076
2/7/2014 0:00,81.637077,1.00122398
3/7/2014 0:00,81.942627,1.003742785
6/7/2014 0:00,81.982483,1.000486389
7/7/2014 0:00,81.67981,0.996308077
8/7/2014 0:00,81.646774,0.999595543
9/7/2014 0:00,81.806541,1.001956807
10/7/2014 0:00,81.568008,0.997084182
13/7/2014 0:00,81.667015,1.001213797
14/7/2014 0:00,81.808952,1.001737997
15/7/2014 0:00,81.739311,0.999148736
16/7/2014 0:00,81.83033,1.001113528
17/7/2014 0:00,81.39946,0.994734593
20/7/2014 0:00,81.672447,1.003353671
21/7/2014 0:00,81.799263,1.001552739
22/7/2014 0:00,81.862343,1.000771156
23/7/2014 0:00,82.058907,1.002401153
24/7/2014 0:00,82.050621,0.999899024
27/7/2014 0:00,81.969711,0.999013901
28/7/2014 0:00,81.991112,1.000261084
29/7/2014 0:00,82.14975,1.001934819
30/7/2014 0:00,82.624969,1.005784789
31/7/2014 0:00,82.379204,0.997025536
3/8/2014 0:00,82.265617,0.998621169
4/8/2014 0:00,82.296944,1.000380803
5/8/2014 0:00,82.215233,0.99900712
6/8/2014 0:00,81.81279,0.995105007
7/8/2014 0:00,81.551834,0.996810328
10/8/2014 0:00,81.688049,1.001670287
11/8/2014 0:00,81.78952,1.001242177
12/8/2014 0:00,81.789604,1.000001027
13/8/2014 0:00,82.004463,1.002626972
14/8/2014 0:00,82.25013,1.002995776
17/8/2014 0:00,82.271568,1.000260644
18/8/2014 0:00,82.437538,1.002017343
19/8/2014 0:00,82.512169,1.000905304
20/8/2014 0:00,82.904427,1.004753941
21/8/2014 0:00,83.114441,1.002533206
24/8/2014 0:00,83.320137,1.002474853
25/8/2014 0:00,83.210068,0.998678963
26/8/2014 0:00,83.328659,1.0014252
27/8/2014 0:00,83.286957,0.999499548
28/8/2014 0:00,83.003281,0.996593993
31/8/2014 0:00,83.393112,1.004696573
1/9/2014 0:00,83.501389,1.001298393
2/9/2014 0:00,83.9552,1.005434772
3/9/2014 0:00,83.798927,0.998138614
4/9/2014 0:00,84.078171,1.00333231
7/9/2014 0:00,83.890984,0.997773655
8/9/2014 0:00,84.337639,1.005324231
9/9/2014 0:00,84.099121,0.997171868
10/9/2014 0:00,84.594551,1.005891025
11/9/2014 0:00,84.765816,1.002024539
14/9/2014 0:00,84.880074,1.001347925
15/9/2014 0:00,84.773811,0.998748081
16/9/2014 0:00,85.015396,1.00284976
17/9/2014 0:00,85.515022,1.005876888
18/9/2014 0:00,85.836922,1.003764251
21/9/2014 0:00,86.030174,1.002251385
22/9/2014 0:00,85.709549,0.99627311
23/9/2014 0:00,85.59758,0.998693623
24/9/2014 0:00,86.209999,1.00715463
25/9/2014 0:00,85.558083,0.992438047
28/9/2014 0:00,85.78833,1.002691119
29/9/2014 0:00,85.845222,1.000663167
30/9/2014 0:00,85.944481,1.001156255
1/10/2014 0:00,85.688011,0.997015864
2/10/2014 0:00,85.315491,0.995652601
5/10/2014 0:00,85.683075,1.004308526
6/10/2014 0:00,85.339813,0.995993818
7/10/2014 0:00,84.745743,0.993038771
8/10/2014 0:00,84.94339,1.002332235
9/10/2014 0:00,84.766014,0.997911833
12/10/2014 0:00,84.215729,0.993508188
13/10/2014 0:00,84.229279,1.000160896
14/10/2014 0:00,84.093315,0.998385787
15/10/2014 0:00,83.273743,0.990254017
16/10/2014 0:00,83.504013,1.002765217
19/10/2014 0:00,84.091888,1.007040081
20/10/2014 0:00,84.173813,1.000974232
21/10/2014 0:00,84.163803,0.999881079
22/10/2014 0:00,84.16703,1.000038342
23/10/2014 0:00,84.770317,1.007167735
27/10/2014 0:00,84.826393,1.000661505
28/10/2014 0:00,84.609291,0.997440631
29/10/2014 0:00,84.954971,1.004085603
30/10/2014 0:00,85.140373,1.002182356
31/10/2014 0:00,85.499664,1.004219984
3/11/2014 0:00,87.692535,1.025647715
4/11/2014 0:00,88.082832,1.004450744
5/11/2014 0:00,88.084389,1.000017677
6/11/2014 0:00,88.624962,1.00613699
7/11/2014 0:00,88.898499,1.003086455
10/11/2014 0:00,88.897598,0.999989865
11/11/2014 0:00,88.92617,1.000321404
12/11/2014 0:00,89.595078,1.00752206
13/11/2014 0:00,89.546112,0.999453474
14/11/2014 0:00,89.620003,1.000825173
17/11/2014 0:00,89.992004,1.00415087
18/11/2014 0:00,89.84034,0.998314695
19/11/2014 0:00,90.018333,1.001981215
20/11/2014 0:00,90.722572,1.007823284
21/11/2014 0:00,90.91021,1.002068261
24/11/2014 0:00,90.66996,0.997357283
25/11/2014 0:00,90.901001,1.002548154
26/11/2014 0:00,90.656609,0.997311449
27/11/2014 0:00,90.619156,0.99958687
28/11/2014 0:00,90.644066,1.000274887
1/12/2014 0:00,90.955284,1.003433407
2/12/2014 0:00,90.592209,0.996008203
3/12/2014 0:00,90.941971,1.00386084
4/12/2014 0:00,91.358162,1.004576446
5/12/2014 0:00,91.341003,0.999812179
8/12/2014 0:00,91.957909,1.006753878
9/12/2014 0:00,91.491623,0.994929354
10/12/2014 0:00,90.706085,0.991414099
11/12/2014 0:00,89.923531,0.991372641
12/12/2014 0:00,90.593323,1.007448462
15/12/2014 0:00,90.128677,0.994871079
16/12/2014 0:00,89.778564,0.99611541
17/12/2014 0:00,89.529442,0.997225151
18/12/2014 0:00,90.540207,1.01128975
19/12/2014 0:00,90.509781,0.99966395
22/12/2014 0:00,90.847374,1.003729906
23/12/2014 0:00,91.061363,1.002355478
24/12/2014 0:00,91.066177,1.000052865
25/12/2014 0:00,91.143578,1.000849942
26/12/2014 0:00,91.014259,0.998581151
29/12/2014 0:00,90.993172,0.999768311
30/12/2014 0:00,91.118668,1.00137918
31/12/2014 0:00,90.406715,0.99218653
1/1/2015 0:00,90.394287,0.999862532
2/1/2015 0:00,90.551308,1.001737068
5/1/2015 0:00,90.263443,0.996820974
6/1/2015 0:00,89.50386,0.991584821
7/1/2015 0:00,88.958939,0.99391176
8/1/2015 0:00,89.204041,1.002755226
9/1/2015 0:00,89.549377,1.003871304
12/1/2015 0:00,88.800415,0.991636324
13/1/2015 0:00,88.637863,0.998169468
14/1/2015 0:00,88.337196,0.996607917
15/1/2015 0:00,88.009056,0.99628537
16/1/2015 0:00,87.734001,0.996874697
19/1/2015 0:00,88.608162,1.009963765
20/1/2015 0:00,88.296799,0.996486069
21/1/2015 0:00,88.659813,1.004111293
22/1/2015 0:00,88.250267,0.995380703
23/1/2015 0:00,88.630074,1.004303749
26/1/2015 0:00,87.16069,0.983421158
27/1/2015 0:00,88.217995,1.012130526
28/1/2015 0:00,87.937729,0.996823029
29/1/2015 0:00,86.870323,0.987861797
30/1/2015 0:00,87.415627,1.006277219
2/2/2015 0:00,86.67263,0.99150041
3/2/2015 0:00,86.970833,1.003440567
4/2/2015 0:00,87.398323,1.004915326
5/2/2015 0:00,86.996643,0.995404031
6/2/2015 0:00,87.427574,1.004953421
9/2/2015 0:00,87.919472,1.005626349
10/2/2015 0:00,87.58181,0.996159417
11/2/2015 0:00,88.10334,1.005954775
12/2/2015 0:00,88.370682,1.003034414
13/2/2015 0:00,87.729164,0.992740601
16/2/2015 0:00,87.526848,0.997693857
17/2/2015 0:00,87.310715,0.997530666
18/2/2015 0:00,87.912804,1.006895935
19/2/2015 0:00,87.477158,0.995044567
20/2/2015 0:00,87.58004,1.001176101
23/2/2015 0:00,87.530136,0.99943019
24/2/2015 0:00,87.467903,0.999289011
25/2/2015 0:00,87.59449,1.001447239
26/2/2015 0:00,87.786102,1.002187489
27/2/2015 0:00,87.996552,1.002397304
2/3/2015 0:00,87.820641,0.998000933
3/3/2015 0:00,88.008034,1.002133815
4/3/2015 0:00,87.84243,0.998118308
5/3/2015 0:00,87.534569,0.996495304
6/3/2015 0:00,87.572952,1.00043849
9/3/2015 0:00,87.56881,0.999952702
10/3/2015 0:00,87.922661,1.004040834
11/3/2015 0:00,87.162979,0.991359656
12/3/2015 0:00,87.502167,1.003891423
13/3/2015 0:00,87.875298,1.004264249
16/3/2015 0:00,87.185478,0.992150012
17/3/2015 0:00,87.363411,1.002040856
18/3/2015 0:00,87.342278,0.999758102
19/3/2015 0:00,87.141823,0.997704949
20/3/2015 0:00,87.107246,0.99960321
23/3/2015 0:00,87.118126,1.000124904
24/3/2015 0:00,87.555756,1.005023409
25/3/2015 0:00,87.59214,1.000415552
26/3/2015 0:00,87.215858,0.995704158
27/3/2015 0:00,87.021568,0.997772309
29/3/2015 0:00,87.046341,1.000284677
30/3/2015 0:00,87.233971,1.002155519
31/3/2015 0:00,87.39933,1.00189558
1/4/2015 0:00,87.736908,1.003862478
2/4/2015 0:00,88.204468,1.005329114
5/4/2015 0:00,88.121475,0.999059084
6/4/2015 0:00,88.085846,0.999595683
7/4/2015 0:00,88.456993,1.004213469
8/4/2015 0:00,88.565544,1.001227161
9/4/2015 0:00,88.702972,1.00155171
12/4/2015 0:00,87.886856,0.990799451
13/4/2015 0:00,87.519951,0.995825257
14/4/2015 0:00,87.814079,1.003360697
15/4/2015 0:00,87.841537,1.000312683
16/4/2015 0:00,88.11026,1.003059179
19/4/2015 0:00,88.501732,1.004442979
20/4/2015 0:00,88.406532,0.998924315
21/4/2015 0:00,88.521965,1.001305707
22/4/2015 0:00,89.004807,1.005454488
23/4/2015 0:00,89.038727,1.000381103
26/4/2015 0:00,89.253708,1.002414466
27/4/2015 0:00,89.757378,1.005643127
28/4/2015 0:00,90.151962,1.004396118
29/4/2015 0:00,90.043526,0.998797186
30/4/2015 0:00,90.238953,1.002170361
3/5/2015 0:00,90.312202,1.000811723
4/5/2015 0:00,90.166519,0.998386896
5/5/2015 0:00,90.030174,0.998487853
6/5/2015 0:00,90.230797,1.002228397
7/5/2015 0:00,89.837898,0.995645622
10/5/2015 0:00,90.04187,1.002270445
11/5/2015 0:00,89.85923,0.99797161
12/5/2015 0:00,89.810463,0.999457296
13/5/2015 0:00,89.88324,1.00081034
14/5/2015 0:00,90.32016,1.004860973
17/5/2015 0:00,90.386452,1.000733967
18/5/2015 0:00,90.309273,0.999146122
19/5/2015 0:00,90.390251,1.000896674
20/5/2015 0:00,90.699028,1.003416043
21/5/2015 0:00,90.645554,0.999410424
24/5/2015 0:00,90.917999,1.003005608
25/5/2015 0:00,90.618462,0.996705416
26/5/2015 0:00,91.170296,1.006089642
27/5/2015 0:00,91.590736,1.00461159
28/5/2015 0:00,91.835526,1.00267265
31/5/2015 0:00,92.067108,1.002521704
1/6/2015 0:00,92.05648,0.999884562
2/6/2015 0:00,91.992325,0.999303091
3/6/2015 0:00,92.501862,1.005538908
4/6/2015 0:00,92.261818,0.997404982
7/6/2015 0:00,92.496689,1.002545701
8/6/2015 0:00,92.005135,0.994685712
9/6/2015 0:00,92.012993,1.000085408
10/6/2015 0:00,91.458984,0.993979013
11/6/2015 0:00,91.873589,1.004533234
14/6/2015 0:00,91.684517,0.997942042
15/6/2015 0:00,91.661903,0.99975335
16/6/2015 0:00,91.902618,1.002626118
17/6/2015 0:00,92.44873,1.00594229
18/6/2015 0:00,92.175682,0.997046493
21/6/2015 0:00,91.993111,0.998019315
22/6/2015 0:00,92.369598,1.004092556
23/6/2015 0:00,92.393539,1.000259187
24/6/2015 0:00,92.223778,0.998162631
25/6/2015 0:00,92.044289,0.998053767
28/6/2015 0:00,90.506592,0.983293945
29/6/2015 0:00,91.075806,1.006289199
30/6/2015 0:00,90.831238,0.997314677
1/7/2015 0:00,91.142235,1.003423899
2/7/2015 0:00,91.249443,1.001176271
5/7/2015 0:00,90.566521,0.992515878
6/7/2015 0:00,90.834404,1.002957859
7/7/2015 0:00,90.449257,0.9957599
8/7/2015 0:00,89.469749,0.989170635
9/7/2015 0:00,90.174866,1.007881066
12/7/2015 0:00,90.655182,1.005326495
13/7/2015 0:00,90.987404,1.003664677
14/7/2015 0:00,90.633156,0.996106626
15/7/2015 0:00,90.687454,1.000599096
16/7/2015 0:00,90.883072,1.002157057
19/7/2015 0:00,90.692719,0.997905518
20/7/2015 0:00,90.654739,0.999581223
21/7/2015 0:00,90.839752,1.002040853
22/7/2015 0:00,90.870338,1.000336703
23/7/2015 0:00,90.489128,0.995804902
26/7/2015 0:00,90.199692,0.996801428
27/7/2015 0:00,90.017303,0.997977942
28/7/2015 0:00,90.648743,1.007014651
29/7/2015 0:00,90.494896,0.998302823
30/7/2015 0:00,90.264969,0.997459227
2/8/2015 0:00,90.355476,1.001002681
3/8/2015 0:00,89.984756,0.995897094
4/8/2015 0:00,89.947388,0.99958473
5/8/2015 0:00,90.139771,1.002138839
6/8/2015 0:00,90.15374,1.00015497
9/8/2015 0:00,89.781006,0.995865574
10/8/2015 0:00,90.154243,1.004157193
11/8/2015 0:00,89.205093,0.989471932
12/8/2015 0:00,88.817009,0.995649531
13/8/2015 0:00,89.030396,1.002402547
16/8/2015 0:00,88.388329,0.992788227
17/8/2015 0:00,88.435799,1.000537062
18/8/2015 0:00,88.580818,1.001639822
19/8/2015 0:00,88.372871,0.99765246
20/8/2015 0:00,87.963623,0.995369077
23/8/2015 0:00,86.111229,0.978941363
24/8/2015 0:00,84.307121,0.979049097
25/8/2015 0:00,84.44223,1.001602581
26/8/2015 0:00,85.463303,1.012091971
27/8/2015 0:00,86.454178,1.011594158
30/8/2015 0:00,86.079178,0.995662442
31/8/2015 0:00,85.886635,0.997763187
1/9/2015 0:00,84.707207,0.986267619
2/9/2015 0:00,85.202301,1.005844768
3/9/2015 0:00,84.788902,0.99514803
6/9/2015 0:00,83.711388,0.987291804
7/9/2015 0:00,83.687042,0.999709167
8/9/2015 0:00,84.760727,1.012829764
9/9/2015 0:00,84.677773,0.999021316
10/9/2015 0:00,85.369812,1.008172617
13/9/2015 0:00,85.557449,1.002197932
14/9/2015 0:00,85.638664,1.000949245
15/9/2015 0:00,85.876457,1.002776701
16/9/2015 0:00,86.290016,1.004815744
17/9/2015 0:00,85.963898,0.996220675
20/9/2015 0:00,85.695412,0.996876759
22/9/2015 0:00,84.712524,0.988530448
23/9/2015 0:00,84.29586,0.995081436
24/9/2015 0:00,84.406189,1.001308831
27/9/2015 0:00,84.43499,1.000341219
28/9/2015 0:00,83.753822,0.991932634
29/9/2015 0:00,83.966148,1.00253512
30/9/2015 0:00,84.198433,1.002766412
1/10/2015 0:00,83.753929,0.994720757
4/10/2015 0:00,83.791878,1.000453101
5/10/2015 0:00,84.806602,1.012110052
6/10/2015 0:00,84.62838,0.997898489
7/10/2015 0:00,84.948502,1.003782679
8/10/2015 0:00,85.449951,1.005902976
11/10/2015 0:00,85.93544,1.00568156
12/10/2015 0:00,85.667068,0.996877051
13/10/2015 0:00,85.456299,0.997539673
14/10/2015 0:00,86.214287,1.00886989
15/10/2015 0:00,86.261864,1.000551846
18/10/2015 0:00,86.222595,0.99954477
19/10/2015 0:00,86.02536,0.997712491
20/10/2015 0:00,86.113808,1.001028162
21/10/2015 0:00,86.032204,0.99905237
22/10/2015 0:00,86.681488,1.007546988
26/10/2015 0:00,86.863365,1.002098222
27/10/2015 0:00,86.897385,1.00039165
28/10/2015 0:00,86.290451,0.993015509
29/10/2015 0:00,86.198662,0.998936279
30/10/2015 0:00,86.25914,1.000701612
2/11/2015 0:00,86.062325,0.997718329
3/11/2015 0:00,86.386368,1.003765213
4/11/2015 0:00,86.741791,1.004114341
5/11/2015 0:00,86.583138,0.998170974
6/11/2015 0:00,86.509811,0.999153103
9/11/2015 0:00,86.690361,1.002087047
10/11/2015 0:00,86.546562,0.998341234
11/11/2015 0:00,86.635551,1.001028221
12/11/2015 0:00,86.537567,0.998869009
13/11/2015 0:00,86.447441,0.998958533
16/11/2015 0:00,85.861641,0.993223628
17/11/2015 0:00,86.666664,1.009375817
18/11/2015 0:00,86.670036,1.000038908
19/11/2015 0:00,86.971069,1.003473323
20/11/2015 0:00,86.979164,1.000093077
23/11/2015 0:00,87.004799,1.000294726
24/11/2015 0:00,86.714973,0.99666885
25/11/2015 0:00,86.919968,1.002364009
26/11/2015 0:00,87.35714,1.005029592
27/11/2015 0:00,87.117188,0.997253207
30/11/2015 0:00,86.925438,0.997798942
1/12/2015 0:00,87.374916,1.005170845
2/12/2015 0:00,87.406219,1.000358261
3/12/2015 0:00,87.294647,0.998723523
4/12/2015 0:00,87.865349,1.006537652
7/12/2015 0:00,88.111176,1.00279777
8/12/2015 0:00,87.639603,0.994647977
9/12/2015 0:00,87.320267,0.996356259
10/12/2015 0:00,86.666718,0.992515495
11/12/2015 0:00,86.736221,1.000801957
14/12/2015 0:00,85.557678,0.986412332
15/12/2015 0:00,85.994087,1.005100758
16/12/2015 0:00,86.582939,1.006847587
17/12/2015 0:00,86.826714,1.002815508
18/12/2015 0:00,86.364372,0.994675118
21/12/2015 0:00,85.893745,0.994550681
22/12/2015 0:00,86.118668,1.002618619
23/12/2015 0:00,86.211685,1.001080103
24/12/2015 0:00,86.109657,0.998816541
25/12/2015 0:00,85.599091,0.994070746
28/12/2015 0:00,85.608391,1.000108646
29/12/2015 0:00,85.536606,0.999161472
30/12/2015 0:00,85.365921,0.998004539
31/12/2015 0:00,85.151955,0.997493543
1/1/2016 0:00,84.752831,0.995312803
4/1/2016 0:00,84.815651,1.000741214
5/1/2016 0:00,83.77652,0.987748358
6/1/2016 0:00,83.525833,0.99700767
7/1/2016 0:00,82.603821,0.988961355
8/1/2016 0:00,82.029449,0.993046665
11/1/2016 0:00,81.1073,0.988758318
12/1/2016 0:00,82.007202,1.011095204
13/1/2016 0:00,81.995506,0.999857378
14/1/2016 0:00,81.639252,0.995655201
15/1/2016 0:00,82.284279,1.007900942
18/1/2016 0:00,81.257164,0.987517482
19/1/2016 0:00,81.606773,1.004302501
20/1/2016 0:00,81.81736,1.002580509
21/1/2016 0:00,81.51741,0.996333908
22/1/2016 0:00,82.277344,1.009322352
25/1/2016 0:00,82.968544,1.008400855
26/1/2016 0:00,82.616837,0.99576096
27/1/2016 0:00,82.985748,1.004465325
28/1/2016 0:00,82.699478,0.996550372
29/1/2016 0:00,83.321655,1.007523349
1/2/2016 0:00,85.18734,1.022391358
2/2/2016 0:00,84.905457,0.996691022
3/2/2016 0:00,83.827103,0.987299356
4/2/2016 0:00,83.378632,0.994650048
5/2/2016 0:00,83.662163,1.003400524
8/2/2016 0:00,83.098267,0.993259844
9/2/2016 0:00,82.221809,0.989452752
10/2/2016 0:00,82.429428,1.002525109
11/2/2016 0:00,81.417091,0.987718743
12/2/2016 0:00,80.954651,0.994320111
15/2/2016 0:00,81.389351,1.005369673
16/2/2016 0:00,81.740898,1.004319324
17/2/2016 0:00,81.185333,0.993203341
18/2/2016 0:00,81.368195,1.002252402
19/2/2016 0:00,80.689407,0.991657822
22/2/2016 0:00,79.979103,0.99119706
23/2/2016 0:00,80.722977,1.009300854
24/2/2016 0:00,79.457413,0.984322134
25/2/2016 0:00,79.816162,1.004514985
26/2/2016 0:00,80.751274,1.011715823
29/2/2016 0:00,80.677452,0.99908581
1/3/2016 0:00,80.05098,0.992234856
2/3/2016 0:00,81.323387,1.015894958
3/3/2016 0:00,81.121887,0.997522238
4/3/2016 0:00,81.825256,1.008670521
7/3/2016 0:00,82.673233,1.010363267
8/3/2016 0:00,82.244377,0.994812638
9/3/2016 0:00,81.30011,0.988518765
10/3/2016 0:00,81.950401,1.007998648
11/3/2016 0:00,81.753586,0.997598364
14/3/2016 0:00,82.834991,1.013227615
15/3/2016 0:00,82.704254,0.998421718
16/3/2016 0:00,81.888947,0.990141898
17/3/2016 0:00,82.512733,1.007617463
18/3/2016 0:00,82.422256,0.998903478
21/3/2016 0:00,82.069771,0.995723425
22/3/2016 0:00,82.401833,1.004046094
23/3/2016 0:00,82.520035,1.001434458
24/3/2016 0:00,82.216629,0.996323244
25/3/2016 0:00,82.43409,1.002644976
27/3/2016 0:00,82.666603,1.002820593
28/3/2016 0:00,82.85025,1.002221538
29/3/2016 0:00,83.192444,1.004130271
30/3/2016 0:00,83.166306,0.999685813
31/3/2016 0:00,83.42543,1.003115733
3/4/2016 0:00,82.830055,0.992863387
4/4/2016 0:00,82.242928,0.992911667
5/4/2016 0:00,81.442345,0.990265631
6/4/2016 0:00,81.496368,1.000663328
7/4/2016 0:00,80.144135,0.983407445
10/4/2016 0:00,80.353577,1.002613317
11/4/2016 0:00,80.315224,0.999522697
12/4/2016 0:00,80.86161,1.006803019
13/4/2016 0:00,81.033844,1.002129985
14/4/2016 0:00,80.233101,0.990118413
17/4/2016 0:00,79.346664,0.98895173
18/4/2016 0:00,80.797813,1.018288721
19/4/2016 0:00,81.611916,1.010075805
20/4/2016 0:00,81.739906,1.001568276
21/4/2016 0:00,81.098686,0.992155362
24/4/2016 0:00,82.293427,1.01473194
25/4/2016 0:00,82.199356,0.998856883
26/4/2016 0:00,82.315773,1.001416276
27/4/2016 0:00,82.712173,1.004815602
28/4/2016 0:00,80.393951,0.971972421
1/5/2016 0:00,79.223785,0.985444601
2/5/2016 0:00,79.328369,1.001320109
3/5/2016 0:00,78.942696,0.995138271
4/5/2016 0:00,78.758362,0.997664964
5/5/2016 0:00,78.989029,1.002928794
8/5/2016 0:00,78.86116,0.99838118
9/5/2016 0:00,78.965363,1.001321348
10/5/2016 0:00,79.809669,1.010692106
11/5/2016 0:00,79.303482,0.993657573
12/5/2016 0:00,79.451195,1.001862629
15/5/2016 0:00,79.153404,0.9962519
16/5/2016 0:00,79.655907,1.00634847
17/5/2016 0:00,79.495956,0.997991976
18/5/2016 0:00,79.719162,1.002807765
19/5/2016 0:00,79.670097,0.999384527
22/5/2016 0:00,79.690941,1.000261629
23/5/2016 0:00,79.33989,0.995594844
24/5/2016 0:00,79.736259,1.004995835
25/5/2016 0:00,79.884361,1.001857398
26/5/2016 0:00,79.876663,0.999903636
29/5/2016 0:00,80.267532,1.004893407
30/5/2016 0:00,80.364403,1.001206852
31/5/2016 0:00,80.345284,0.999762096
1/6/2016 0:00,79.488983,0.989342237
2/6/2016 0:00,79.142136,0.99563654
5/6/2016 0:00,78.556808,0.992604091
6/6/2016 0:00,79.268974,1.009065618
7/6/2016 0:00,79.360405,1.001153427
8/6/2016 0:00,79.317795,0.999463082
9/6/2016 0:00,79.088074,0.99710379
12/6/2016 0:00,78.254227,0.989456729
13/6/2016 0:00,78.33371,1.001015702
14/6/2016 0:00,78.257759,0.999030417
15/6/2016 0:00,78.371414,1.001452316
16/6/2016 0:00,77.76944,0.99231896
19/6/2016 0:00,77.799416,1.000385447
20/6/2016 0:00,77.31385,0.993758745
21/6/2016 0:00,77.957764,1.008328572
22/6/2016 0:00,78.241821,1.003643729
23/6/2016 0:00,78.065041,0.997740595
26/6/2016 0:00,75.255516,0.964010459
27/6/2016 0:00,74.758965,0.993401799
28/6/2016 0:00,75.931381,1.015682614
29/6/2016 0:00,76.327477,1.005216499
30/6/2016 0:00,76.512466,1.002423623
3/7/2016 0:00,76.161888,0.995418028
4/7/2016 0:00,76.132126,0.999609227
5/7/2016 0:00,74.76696,0.982068463
6/7/2016 0:00,74.913719,1.001962886
7/7/2016 0:00,74.685265,0.996950438
10/7/2016 0:00,74.809425,1.001662443
11/7/2016 0:00,75.876823,1.014268229
12/7/2016 0:00,77.772743,1.024986813
13/7/2016 0:00,77.235214,0.993088465
14/7/2016 0:00,78.288673,1.01363962
17/7/2016 0:00,78.285362,0.999957708
18/7/2016 0:00,78.696625,1.005253383
19/7/2016 0:00,78.392372,0.996133849
20/7/2016 0:00,78.997246,1.00771598
21/7/2016 0:00,78.141777,0.989170901
24/7/2016 0:00,78.248199,1.001361909
25/7/2016 0:00,77.508354,0.990544894
26/7/2016 0:00,77.21067,0.99615933
27/7/2016 0:00,77.800835,1.007643568
28/7/2016 0:00,77.432304,0.995263149
31/7/2016 0:00,76.241989,0.984627669
1/8/2016 0:00,76.250175,1.000107369
2/8/2016 0:00,75.388435,0.988698518
3/8/2016 0:00,75.52993,1.001876879
4/8/2016 0:00,75.423141,0.998586137
7/8/2016 0:00,75.790962,1.004876766
8/8/2016 0:00,75.97599,1.002441294
9/8/2016 0:00,75.811562,0.99783579
10/8/2016 0:00,75.462814,0.995399805
11/8/2016 0:00,75.773109,1.004111893
14/8/2016 0:00,75.27536,0.99343106
15/8/2016 0:00,75.385712,1.001465978
16/8/2016 0:00,74.819115,0.992484027
17/8/2016 0:00,74.510567,0.995876081
18/8/2016 0:00,74.728294,1.002922096
21/8/2016 0:00,74.531372,0.997364827
22/8/2016 0:00,74.22921,0.995945841
23/8/2016 0:00,74.24395,1.000198574
24/8/2016 0:00,74.221809,0.99970178
25/8/2016 0:00,74.359596,1.001856422
28/8/2016 0:00,74.91143,1.007421154
29/8/2016 0:00,74.928978,1.00023425
30/8/2016 0:00,75.458466,1.007066532
31/8/2016 0:00,75.856956,1.005280918
1/9/2016 0:00,75.954048,1.001279935
4/9/2016 0:00,76.410812,1.006013689
5/9/2016 0:00,76.277428,0.998254383
6/9/2016 0:00,75.488884,0.989662158
7/9/2016 0:00,75.596321,1.001423216
8/9/2016 0:00,75.765945,1.002243813
11/9/2016 0:00,75.331482,0.994265722
12/9/2016 0:00,75.059753,0.996392889
13/9/2016 0:00,74.987373,0.999035702
14/9/2016 0:00,75.242493,1.003402173
15/9/2016 0:00,74.939766,0.995976648
18/9/2016 0:00,74.816994,0.998361724
19/9/2016 0:00,74.790527,0.999646243
20/9/2016 0:00,74.623016,0.997760264
21/9/2016 0:00,74.169594,0.993923832
22/9/2016 0:00,74.364624,1.002629514
25/9/2016 0:00,74.233849,0.998241435
26/9/2016 0:00,73.778732,0.993869145
27/9/2016 0:00,73.903419,1.001690013
28/9/2016 0:00,74.309799,1.005498798
29/9/2016 0:00,74.159103,0.997972057
2/10/2016 0:00,74.438942,1.003773495
3/10/2016 0:00,74.596672,1.002118918
4/10/2016 0:00,75.045586,1.006017882
5/10/2016 0:00,75.589973,1.007254084
6/10/2016 0:00,75.569321,0.999726789
9/10/2016 0:00,75.051537,0.993148225
10/10/2016 0:00,75.426971,1.005002349
11/10/2016 0:00,75.035583,0.994811034
12/10/2016 0:00,75.36525,1.004393476
13/10/2016 0:00,75.07383,0.996133231
16/10/2016 0:00,74.774506,0.996012938
17/10/2016 0:00,74.858353,1.001121331
18/10/2016 0:00,74.94516,1.001159617
19/10/2016 0:00,74.6166,0.995615994
20/10/2016 0:00,74.860863,1.003273575
23/10/2016 0:00,74.557144,0.995942887
24/10/2016 0:00,74.85183,1.003952485
25/10/2016 0:00,75.044312,1.002571507
26/10/2016 0:00,75.179749,1.00180476
27/10/2016 0:00,75.44297,1.003501222
31/10/2016 0:00,75.184975,0.996580265
1/11/2016 0:00,75.345024,1.002128736
2/11/2016 0:00,74.967232,0.99498584
3/11/2016 0:00,74.679443,0.996161136
4/11/2016 0:00,74.445023,0.996860984
7/11/2016 0:00,75.180573,1.009880446
8/11/2016 0:00,75.17852,0.999972692
9/11/2016 0:00,75.703842,1.006987661
10/11/2016 0:00,75.670357,0.999557684
11/11/2016 0:00,75.737129,1.000882406
14/11/2016 0:00,75.588646,0.998039495
15/11/2016 0:00,76.533295,1.012497234
16/11/2016 0:00,77.092987,1.007313052
17/11/2016 0:00,76.950012,0.998145421
18/11/2016 0:00,77.466675,1.006714268
21/11/2016 0:00,77.748116,1.003633059
22/11/2016 0:00,77.804184,1.000721149
23/11/2016 0:00,77.99308,1.002427839
24/11/2016 0:00,78.596764,1.007740225
25/11/2016 0:00,79.14769,1.007009525
28/11/2016 0:00,79.027969,0.998487372
29/11/2016 0:00,78.49131,0.993209252
30/11/2016 0:00,78.938507,1.005697408
1/12/2016 0:00,79.968483,1.013047827
2/12/2016 0:00,79.922112,0.999420134
5/12/2016 0:00,79.702408,0.997251024
6/12/2016 0:00,80.242287,1.006773685
7/12/2016 0:00,80.303047,1.000757207
8/12/2016 0:00,80.267242,0.999554127
9/12/2016 0:00,80.182045,0.998938583
12/12/2016 0:00,80.60173,1.005234152
13/12/2016 0:00,80.75473,1.001898222
14/12/2016 0:00,80.886765,1.001635013
15/12/2016 0:00,81.492737,1.007491609
16/12/2016 0:00,81.948471,1.005592327
19/12/2016 0:00,81.561417,0.995276861
20/12/2016 0:00,80.832237,0.991059743
21/12/2016 0:00,81.612801,1.009656593
22/12/2016 0:00,81.384033,0.99719691
23/12/2016 0:00,81.077431,0.996232652
26/12/2016 0:00,81.08239,1.000061164
27/12/2016 0:00,80.958862,0.998476513
28/12/2016 0:00,81.065414,1.001316125
29/12/2016 0:00,80.7285,0.995843924
30/12/2016 0:00,80.395378,0.995873551
2/1/2017 0:00,80.715828,1.003985926
3/1/2017 0:00,80.95845,1.003005879
4/1/2017 0:00,81.214149,1.003158398
5/1/2017 0:00,81.414406,1.00246579
6/1/2017 0:00,80.691795,0.991124286
9/1/2017 0:00,81.412399,1.008930326
10/1/2017 0:00,80.836487,0.992925992
11/1/2017 0:00,80.631294,0.997461629
12/1/2017 0:00,80.724075,1.001150682
13/1/2017 0:00,80.427589,0.996327168
16/1/2017 0:00,79.995941,0.994633085
17/1/2017 0:00,79.845001,0.998113154
18/1/2017 0:00,79.593002,0.996843898
19/1/2017 0:00,80.293571,1.008801892
20/1/2017 0:00,80.676399,1.004767854
23/1/2017 0:00,80.120232,0.993106199
24/1/2017 0:00,79.54409,0.992809032
25/1/2017 0:00,80.111465,1.007132837
26/1/2017 0:00,80.168839,1.000716177
27/1/2017 0:00,80.243279,1.00092854
30/1/2017 0:00,80.276665,1.00041606
31/1/2017 0:00,80.023376,0.996844799
1/2/2017 0:00,79.9851,0.99952169
2/2/2017 0:00,80.18782,1.002534472
3/2/2017 0:00,79.882858,0.996196904
6/2/2017 0:00,79.996452,1.001422007
7/2/2017 0:00,79.299812,0.991291614
8/2/2017 0:00,79.235054,0.999183378
9/2/2017 0:00,79.039261,0.99752896
10/2/2017 0:00,79.785324,1.009439144
13/2/2017 0:00,80.039063,1.003180272
14/2/2017 0:00,79.89222,0.998165358
15/2/2017 0:00,80.488564,1.007464356
16/2/2017 0:00,80.467094,0.999733254
17/2/2017 0:00,79.989983,0.994070732
20/2/2017 0:00,79.606171,0.995201749
21/2/2017 0:00,79.84549,1.003006287
22/2/2017 0:00,80.038445,1.002416605
23/2/2017 0:00,80.215714,1.002214798
24/2/2017 0:00,80.03495,0.997746526
27/2/2017 0:00,79.809921,0.997188366
28/2/2017 0:00,80.229568,1.005258081
1/3/2017 0:00,80.424614,1.002431099
2/3/2017 0:00,80.827957,1.005015169
3/3/2017 0:00,80.950661,1.001518089
6/3/2017 0:00,80.786095,0.997967083
7/3/2017 0:00,80.658333,0.998418515
8/3/2017 0:00,80.775093,1.001447588
9/3/2017 0:00,80.747406,0.999657233
10/3/2017 0:00,81.024658,1.003433572
13/3/2017 0:00,81.234818,1.002593778
14/3/2017 0:00,81.18161,0.99934501
15/3/2017 0:00,81.042542,0.998286952
16/3/2017 0:00,80.903763,0.998287578
17/3/2017 0:00,80.877991,0.999681449
20/3/2017 0:00,80.395294,0.994031788
21/3/2017 0:00,80.577919,1.002271588
22/3/2017 0:00,79.651489,0.988502681
23/3/2017 0:00,79.589081,0.999216487
24/3/2017 0:00,79.309532,0.996487596
26/3/2017 0:00,79.207298,0.998710949
27/3/2017 0:00,79.448448,1.003044543
28/3/2017 0:00,79.599518,1.001901485
29/3/2017 0:00,79.70314,1.001301792
30/3/2017 0:00,79.999428,1.003717394
2/4/2017 0:00,79.639969,0.99550673
3/4/2017 0:00,79.29763,0.995701417
4/4/2017 0:00,79.311729,1.000177799
5/4/2017 0:00,78.823303,0.993841693
6/4/2017 0:00,79.091248,1.003399312
9/4/2017 0:00,79.120338,1.000367803
10/4/2017 0:00,78.822334,0.996233535
11/4/2017 0:00,78.102928,0.990873069
12/4/2017 0:00,78.066513,0.999533756
13/4/2017 0:00,78.029045,0.99952005
16/4/2017 0:00,77.610283,0.994633255
17/4/2017 0:00,78.054222,1.005720105
18/4/2017 0:00,77.766075,0.996308374
19/4/2017 0:00,77.849785,1.001076433
20/4/2017 0:00,78.209358,1.004618805
23/4/2017 0:00,78.953865,1.009519411
24/4/2017 0:00,78.696114,0.996735423
25/4/2017 0:00,79.65654,1.012204237
26/4/2017 0:00,79.701103,1.000559439
27/4/2017 0:00,79.63485,0.999168732
30/4/2017 0:00,79.68071,1.000575879
1/5/2017 0:00,80.083649,1.00505692
2/5/2017 0:00,80.375717,1.003647037
3/5/2017 0:00,80.718987,1.004270817
4/5/2017 0:00,80.38932,0.995915868
7/5/2017 0:00,80.123436,0.996692546
8/5/2017 0:00,80.559784,1.005445947
9/5/2017 0:00,80.637459,1.000964191
10/5/2017 0:00,80.997528,1.004465282
11/5/2017 0:00,80.845757,0.998126227
14/5/2017 0:00,80.676208,0.997902809
15/5/2017 0:00,81.334946,1.008165208
16/5/2017 0:00,80.766617,0.993012487
17/5/2017 0:00,79.877808,0.988995342
18/5/2017 0:00,79.996696,1.001488373
21/5/2017 0:00,80.27758,1.003511195
22/5/2017 0:00,80.01371,0.99671303
23/5/2017 0:00,80.493645,1.00599816
24/5/2017 0:00,80.579178,1.001062606
25/5/2017 0:00,80.601067,1.000271646
28/5/2017 0:00,80.455872,0.998198597
29/5/2017 0:00,80.151398,0.99621564
30/5/2017 0:00,79.9935,0.998030003
31/5/2017 0:00,80.077477,1.001049798
1/6/2017 0:00,80.37751,1.003746784
4/6/2017 0:00,79.944275,0.994609997
5/6/2017 0:00,79.934097,0.999872686
6/6/2017 0:00,79.374481,0.992999033
7/6/2017 0:00,79.489647,1.00145092
8/6/2017 0:00,79.446777,0.999460684
11/6/2017 0:00,79.687866,1.003034598
12/6/2017 0:00,79.392853,0.996297893
13/6/2017 0:00,79.656487,1.003320626
14/6/2017 0:00,79.562378,0.998818565
15/6/2017 0:00,80.187912,1.007862183
18/6/2017 0:00,80.227043,1.000487991
19/6/2017 0:00,80.493164,1.003317098
20/6/2017 0:00,80.166183,0.995937779
21/6/2017 0:00,80.147751,0.999770078
22/6/2017 0:00,80.075699,0.99910101
25/6/2017 0:00,80.187851,1.001400575
26/6/2017 0:00,80.600952,1.005151666
27/6/2017 0:00,80.920372,1.00396298
28/6/2017 0:00,81.300468,1.004697161
29/6/2017 0:00,81.260155,0.999504148
2/7/2017 0:00,81.562637,1.00372239
3/7/2017 0:00,82.051987,1.005999683
4/7/2017 0:00,81.760536,0.996447971
5/7/2017 0:00,81.953049,1.002354596
6/7/2017 0:00,81.84494,0.998680842
9/7/2017 0:00,82.476501,1.007716555
11/7/2017 0:00,82.346725,0.998426509
12/7/2017 0:00,82.286018,0.999262788
13/7/2017 0:00,82.605972,1.003888316
16/7/2017 0:00,82.035622,0.993095536
17/7/2017 0:00,82.149529,1.001388507
18/7/2017 0:00,81.955757,0.997641228
19/7/2017 0:00,81.745575,0.997435421
20/7/2017 0:00,81.86808,1.001498613
23/7/2017 0:00,81.471771,0.995159176
24/7/2017 0:00,81.651947,1.002211514
25/7/2017 0:00,82.204041,1.006761553
26/7/2017 0:00,81.944336,0.996840727
27/7/2017 0:00,81.796631,0.998197496
30/7/2017 0:00,81.437592,0.995610589
31/7/2017 0:00,81.415718,0.999731402
1/8/2017 0:00,81.248993,0.997952177
2/8/2017 0:00,81.416222,1.002058229
3/8/2017 0:00,80.963608,0.994440739
6/8/2017 0:00,81.41301,1.005550667
7/8/2017 0:00,81.302307,0.99864023
8/8/2017 0:00,80.773232,0.993492497
9/8/2017 0:00,80.752129,0.999738738
10/8/2017 0:00,79.99971,0.990682363
13/8/2017 0:00,80.304955,1.003815576
14/8/2017 0:00,80.623085,1.003961524
15/8/2017 0:00,80.920746,1.003692007
16/8/2017 0:00,80.705963,0.997345761
17/8/2017 0:00,79.988297,0.991107646
20/8/2017 0:00,80.171318,1.002288097
21/8/2017 0:00,80.053497,0.998530385
22/8/2017 0:00,80.539467,1.006070566
23/8/2017 0:00,80.073814,0.994218325
24/8/2017 0:00,80.428604,1.004430787
27/8/2017 0:00,80.646973,1.002715066
28/8/2017 0:00,80.231537,0.994848709
29/8/2017 0:00,81.017464,1.009795737
30/8/2017 0:00,81.370163,1.00435337
31/8/2017 0:00,81.22805,0.9982535
3/9/2017 0:00,80.8946,0.995894891
4/9/2017 0:00,80.918755,1.000298598
5/9/2017 0:00,80.278824,0.992091685
6/9/2017 0:00,80.851982,1.007139591
7/9/2017 0:00,80.834099,0.999778818
10/9/2017 0:00,80.618996,0.997338957
11/9/2017 0:00,81.253021,1.007864462
12/9/2017 0:00,81.848969,1.007334472
13/9/2017 0:00,81.856895,1.000096837
14/9/2017 0:00,81.663452,0.997636815
17/9/2017 0:00,82.588387,1.011326181
18/9/2017 0:00,82.754532,1.002011724
19/9/2017 0:00,82.847366,1.0011218
20/9/2017 0:00,83.318024,1.005681026
21/9/2017 0:00,83.321236,1.000038551
24/9/2017 0:00,83.457535,1.001635825
25/9/2017 0:00,82.749153,0.991512067
26/9/2017 0:00,82.886726,1.001662531
27/9/2017 0:00,83.023758,1.001653244
28/9/2017 0:00,82.799217,0.997295461
1/10/2017 0:00,82.877518,1.000945673
2/10/2017 0:00,82.810722,0.99919404
3/10/2017 0:00,82.86071,1.000603642
4/10/2017 0:00,82.852692,0.999903235
5/10/2017 0:00,82.668587,0.997777924
8/10/2017 0:00,82.477303,0.997686134
9/10/2017 0:00,82.653229,1.002133023
10/10/2017 0:00,82.870461,1.002628234
11/10/2017 0:00,83.091179,1.00266341
12/10/2017 0:00,83.029297,0.999255252
15/10/2017 0:00,82.88047,0.998207536
16/10/2017 0:00,82.953789,1.000884635
17/10/2017 0:00,82.862946,0.998904896
18/10/2017 0:00,83.330627,1.005644031
19/10/2017 0:00,83.066711,0.996832905
,,
