21/10/2007 0:00,17.031015,1
22/10/2007 0:00,17.000547,0.998211029
23/10/2007 0:00,17.019238,1.001099435
24/10/2007 0:00,17.041161,1.001288131
25/10/2007 0:00,17.016518,0.998553913
29/10/2007 0:00,17.009848,0.999608028
30/10/2007 0:00,17.030775,1.001230287
31/10/2007 0:00,17.025684,0.999701071
1/11/2007 0:00,17.015676,0.999412182
2/11/2007 0:00,16.993305,0.998685271
5/11/2007 0:00,16.996279,1.00017501
6/11/2007 0:00,17.003874,1.000446863
7/11/2007 0:00,16.978661,0.99851722
8/11/2007 0:00,17.002779,1.001420489
9/11/2007 0:00,16.985703,0.998995694
12/11/2007 0:00,16.925034,0.996428231
13/11/2007 0:00,16.978258,1.003144691
14/11/2007 0:00,16.92749,0.997009823
15/11/2007 0:00,16.864296,0.996266783
16/11/2007 0:00,16.867596,1.00019568
19/11/2007 0:00,16.876509,1.00052841
20/11/2007 0:00,16.818748,0.996577432
21/11/2007 0:00,16.732742,0.994886302
22/11/2007 0:00,16.758806,1.001557665
23/11/2007 0:00,16.882593,1.007386385
26/11/2007 0:00,16.881422,0.999930639
27/11/2007 0:00,16.876863,0.99972994
28/11/2007 0:00,16.861998,0.999119208
29/11/2007 0:00,16.852722,0.999449887
30/11/2007 0:00,16.930304,1.004603529
3/12/2007 0:00,16.873535,0.9966469
4/12/2007 0:00,16.861212,0.999269685
5/12/2007 0:00,16.948473,1.005175251
6/12/2007 0:00,16.961657,1.000777887
7/12/2007 0:00,17.03562,1.0043606
10/12/2007 0:00,16.974497,0.996412047
11/12/2007 0:00,16.938309,0.997868096
12/12/2007 0:00,16.942818,1.000266201
13/12/2007 0:00,17.005136,1.003678137
14/12/2007 0:00,17.017435,1.000723252
17/12/2007 0:00,16.918968,0.994213758
19/12/2007 0:00,16.936037,1.001008868
20/12/2007 0:00,16.983551,1.002805497
21/12/2007 0:00,17.016157,1.001919858
24/12/2007 0:00,17.027212,1.000649677
25/12/2007 0:00,17.003096,0.998583679
26/12/2007 0:00,16.967358,0.997898147
27/12/2007 0:00,16.96999,1.000155121
28/12/2007 0:00,16.953995,0.999057454
31/12/2007 0:00,17.070883,1.006894422
3/1/2008 0:00,17.035566,0.997931156
4/1/2008 0:00,17.033419,0.99987397
7/1/2008 0:00,17.022835,0.999378633
10/1/2008 0:00,17.052233,1.001726974
11/1/2008 0:00,17.009279,0.997481034
14/1/2008 0:00,16.99748,0.99930632
15/1/2008 0:00,17.01041,1.000760701
16/1/2008 0:00,17.11529,1.006165636
17/1/2008 0:00,17.020983,0.994489898
18/1/2008 0:00,17.041155,1.001185125
21/1/2008 0:00,17.08296,1.002453179
22/1/2008 0:00,17.149225,1.003879012
23/1/2008 0:00,17.249266,1.005833558
24/1/2008 0:00,17.137451,0.993517695
25/1/2008 0:00,17.19371,1.00328281
28/1/2008 0:00,17.228247,1.0020087
29/1/2008 0:00,17.232231,1.000231248
30/1/2008 0:00,17.213202,0.998895732
31/1/2008 0:00,17.240648,1.001594474
1/2/2008 0:00,17.326305,1.004968317
4/2/2008 0:00,17.326166,0.999991978
5/2/2008 0:00,17.348074,1.001264446
6/2/2008 0:00,17.410336,1.003588986
7/2/2008 0:00,17.492062,1.004694108
8/2/2008 0:00,17.462591,0.998315179
11/2/2008 0:00,17.415714,0.997315576
12/2/2008 0:00,17.38805,0.998411549
13/2/2008 0:00,17.401297,1.000761845
14/2/2008 0:00,17.363853,0.997848206
15/2/2008 0:00,17.413231,1.002843724
18/2/2008 0:00,17.417641,1.000253256
19/2/2008 0:00,17.38188,0.997946852
20/2/2008 0:00,17.396667,1.000850714
21/2/2008 0:00,17.359909,0.997887067
22/2/2008 0:00,17.389881,1.001726507
25/2/2008 0:00,17.386477,0.999804254
26/2/2008 0:00,17.287252,0.994292978
27/2/2008 0:00,17.265171,0.9987227
28/2/2008 0:00,17.234592,0.998228862
29/2/2008 0:00,17.210953,0.998628398
3/3/2008 0:00,17.270702,1.003471568
4/3/2008 0:00,17.28372,1.000753762
5/3/2008 0:00,17.237703,0.997337552
6/3/2008 0:00,17.153042,0.995088615
7/3/2008 0:00,17.223265,1.004093909
10/3/2008 0:00,17.188219,0.997965194
11/3/2008 0:00,17.195648,1.000432215
12/3/2008 0:00,17.136143,0.996539531
13/3/2008 0:00,17.176437,1.002351404
14/3/2008 0:00,17.109177,0.99608417
17/3/2008 0:00,17.023447,0.994989239
18/3/2008 0:00,17.148878,1.007368132
19/3/2008 0:00,16.995972,0.991083615
20/3/2008 0:00,17.122913,1.007468887
21/3/2008 0:00,17.185987,1.003683602
24/3/2008 0:00,17.145636,0.997652099
25/3/2008 0:00,17.126612,0.998890447
26/3/2008 0:00,17.029594,0.994335249
27/3/2008 0:00,17.012177,0.998977251
28/3/2008 0:00,16.999855,0.999275695
30/3/2008 0:00,17.069878,1.004119035
1/4/2008 0:00,17.094086,1.001418171
2/4/2008 0:00,17.041826,0.996942802
3/4/2008 0:00,17.052519,1.000627456
6/4/2008 0:00,17.067518,1.000879577
7/4/2008 0:00,17.088589,1.001234567
8/4/2008 0:00,17.026634,0.996374481
9/4/2008 0:00,17.342278,1.01853825
10/4/2008 0:00,17.29899,0.997503903
13/4/2008 0:00,17.297256,0.999899763
14/4/2008 0:00,17.310638,1.000773649
15/4/2008 0:00,17.279118,0.998179154
16/4/2008 0:00,17.312958,1.001958433
17/4/2008 0:00,17.316065,1.000179461
20/4/2008 0:00,17.288525,0.998409569
21/4/2008 0:00,17.272255,0.999058913
22/4/2008 0:00,17.331064,1.003404825
23/4/2008 0:00,17.339808,1.000504528
24/4/2008 0:00,17.351063,1.000649084
27/4/2008 0:00,17.3398,0.999350876
28/4/2008 0:00,17.396769,1.003285447
29/4/2008 0:00,17.412128,1.000882865
1/5/2008 0:00,17.480904,1.003949891
4/5/2008 0:00,17.472027,0.999492189
5/5/2008 0:00,17.443691,0.998378208
6/5/2008 0:00,17.441265,0.999860924
7/5/2008 0:00,17.349941,0.994763912
8/5/2008 0:00,17.412567,1.00360958
11/5/2008 0:00,17.372047,0.997672945
12/5/2008 0:00,17.323132,0.99718427
13/5/2008 0:00,17.301979,0.998778916
14/5/2008 0:00,17.365704,1.003683105
15/5/2008 0:00,17.340744,0.998562684
18/5/2008 0:00,17.339363,0.999920361
19/5/2008 0:00,17.360937,1.001244221
20/5/2008 0:00,17.347961,0.999252575
21/5/2008 0:00,17.357851,1.000570096
22/5/2008 0:00,17.345949,0.999314316
25/5/2008 0:00,17.272526,0.995767138
26/5/2008 0:00,17.326,1.003095899
27/5/2008 0:00,17.301378,0.998578899
28/5/2008 0:00,17.358021,1.003273901
29/5/2008 0:00,17.402645,1.0025708
1/6/2008 0:00,17.386072,0.999047674
2/6/2008 0:00,17.439302,1.003061646
3/6/2008 0:00,17.403614,0.997953588
4/6/2008 0:00,17.342857,0.996508943
5/6/2008 0:00,17.235445,0.993806557
8/6/2008 0:00,17.329082,1.005432816
9/6/2008 0:00,17.261341,0.996090907
10/6/2008 0:00,17.23665,0.998569578
11/6/2008 0:00,17.218351,0.998938367
12/6/2008 0:00,17.251633,1.001932938
15/6/2008 0:00,17.261992,1.000600465
16/6/2008 0:00,17.296545,1.002001681
17/6/2008 0:00,17.266613,0.998269481
18/6/2008 0:00,17.27824,1.00067338
19/6/2008 0:00,17.297556,1.001117938
22/6/2008 0:00,17.271397,0.998487705
23/6/2008 0:00,17.257368,0.999187732
24/6/2008 0:00,17.214411,0.997510802
25/6/2008 0:00,17.176876,0.997819559
26/6/2008 0:00,17.197737,1.001214482
29/6/2008 0:00,17.255667,1.003368466
1/7/2008 0:00,17.197205,0.996612012
2/7/2008 0:00,17.270859,1.004282905
3/7/2008 0:00,17.258562,0.999287991
6/7/2008 0:00,17.230825,0.998392856
7/7/2008 0:00,17.258453,1.001603406
8/7/2008 0:00,17.240948,0.998985714
9/7/2008 0:00,17.176584,0.996266795
10/7/2008 0:00,17.170397,0.9996398
13/7/2008 0:00,17.132505,0.997793179
14/7/2008 0:00,17.194895,1.003641616
15/7/2008 0:00,17.239641,1.002602284
16/7/2008 0:00,17.188841,0.997053303
17/7/2008 0:00,17.185789,0.999822443
20/7/2008 0:00,17.162422,0.99864033
21/7/2008 0:00,17.147486,0.999129727
22/7/2008 0:00,17.132589,0.999131243
23/7/2008 0:00,17.171934,1.002296501
24/7/2008 0:00,17.189911,1.001046883
27/7/2008 0:00,17.134993,0.996805219
28/7/2008 0:00,17.145887,1.000635775
29/7/2008 0:00,17.14599,1.000006007
30/7/2008 0:00,17.137112,0.999482211
25/8/2008 0:00,17.310877,1.01013969
26/8/2008 0:00,17.372953,1.003585954
27/8/2008 0:00,17.382648,1.000558051
28/8/2008 0:00,17.387991,1.000307375
31/8/2008 0:00,17.352095,0.997935587
1/9/2008 0:00,17.316666,0.997958229
2/9/2008 0:00,17.528419,1.012228278
3/9/2008 0:00,17.678583,1.008566888
4/9/2008 0:00,17.745508,1.003785654
7/9/2008 0:00,17.800333,1.003089514
8/9/2008 0:00,17.847025,1.002623097
9/9/2008 0:00,17.888813,1.002341455
10/9/2008 0:00,17.919104,1.001693293
11/9/2008 0:00,17.811279,0.993982679
14/9/2008 0:00,17.894957,1.004698034
15/9/2008 0:00,17.842373,0.997061519
16/9/2008 0:00,17.798853,0.997560863
17/9/2008 0:00,17.797747,0.999937861
18/9/2008 0:00,17.682032,0.993498334
21/9/2008 0:00,17.769882,1.00496832
22/9/2008 0:00,17.685415,0.99524662
23/9/2008 0:00,17.592463,0.994744144
24/9/2008 0:00,17.59581,1.000190252
25/9/2008 0:00,17.590134,0.999677423
28/9/2008 0:00,17.548143,0.99761281
29/9/2008 0:00,17.876863,1.018732466
30/9/2008 0:00,17.903967,1.00151615
1/10/2008 0:00,17.89539,0.999520944
2/10/2008 0:00,17.964729,1.003874685
5/10/2008 0:00,17.897608,0.996263734
6/10/2008 0:00,17.844728,0.997045415
7/10/2008 0:00,17.808817,0.997987585
8/10/2008 0:00,17.723175,0.995191034
9/10/2008 0:00,17.672129,0.997119816
12/10/2008 0:00,17.892971,1.012496627
13/10/2008 0:00,17.835016,0.996761019
14/10/2008 0:00,17.796944,0.997865323
15/10/2008 0:00,17.770115,0.998492494
16/10/2008 0:00,17.817062,1.002641907
19/10/2008 0:00,17.870684,1.003009587
20/10/2008 0:00,18.00728,1.00764358
21/10/2008 0:00,17.988131,0.998936597
22/10/2008 0:00,17.892385,0.994677268
23/10/2008 0:00,18.069103,1.009876716
27/10/2008 0:00,18.125166,1.0031027
28/10/2008 0:00,18.159433,1.001890576
29/10/2008 0:00,17.980021,0.990120176
30/10/2008 0:00,18.25691,1.015399815
31/10/2008 0:00,18.362835,1.005801913
3/11/2008 0:00,18.362494,0.99998143
4/11/2008 0:00,18.232733,0.992933367
5/11/2008 0:00,18.101786,0.992818027
6/11/2008 0:00,18.015709,0.995244834
7/11/2008 0:00,18.075302,1.003307835
10/11/2008 0:00,18.114408,1.002163505
11/11/2008 0:00,18.294754,1.009955942
12/11/2008 0:00,18.287777,0.999618634
13/11/2008 0:00,18.072561,0.988231703
14/11/2008 0:00,18.038725,0.998127769
17/11/2008 0:00,18.012865,0.998566418
18/11/2008 0:00,17.994099,0.998958189
19/11/2008 0:00,18.055847,1.003431569
20/11/2008 0:00,18.02375,0.998222349
21/11/2008 0:00,18.026083,1.00012944
24/11/2008 0:00,18.080179,1.003000985
25/11/2008 0:00,18.070652,0.999473069
26/11/2008 0:00,18.158766,1.004876083
27/11/2008 0:00,18.169416,1.000586494
28/11/2008 0:00,18.462656,1.016139209
1/12/2008 0:00,18.338461,0.993273178
2/12/2008 0:00,18.265707,0.99603271
3/12/2008 0:00,18.331472,1.003600463
4/12/2008 0:00,17.796267,0.970804036
5/12/2008 0:00,18.523146,1.040844465
8/12/2008 0:00,18.528126,1.000268853
9/12/2008 0:00,18.56801,1.002152619
10/12/2008 0:00,18.567234,0.999958208
11/12/2008 0:00,18.635416,1.003672168
12/12/2008 0:00,18.534361,0.994577261
15/12/2008 0:00,18.721861,1.010116346
16/12/2008 0:00,18.695562,0.998595279
17/12/2008 0:00,18.88974,1.010386315
18/12/2008 0:00,18.954279,1.003416617
19/12/2008 0:00,19.264072,1.016344225
22/12/2008 0:00,19.610254,1.017970344
23/12/2008 0:00,19.576214,0.998264173
24/12/2008 0:00,19.336851,0.987772763
25/12/2008 0:00,19.244122,0.995204545
26/12/2008 0:00,19.240936,0.999834443
29/12/2008 0:00,20.418396,1.061195568
30/12/2008 0:00,20.448561,1.001477344
31/12/2008 0:00,21.344662,1.043822203
1/1/2009 0:00,20.292458,0.950704115
2/1/2009 0:00,19.681093,0.969872304
5/1/2009 0:00,19.667707,0.999319855
6/1/2009 0:00,19.667122,0.999970256
7/1/2009 0:00,19.770941,1.00527881
8/1/2009 0:00,19.167286,0.969467564
9/1/2009 0:00,19.684025,1.026959425
12/1/2009 0:00,20.897858,1.061665894
13/1/2009 0:00,21.039415,1.006773756
14/1/2009 0:00,21.249832,1.010001086
15/1/2009 0:00,21.600697,1.016511425
16/1/2009 0:00,21.707628,1.00495035
19/1/2009 0:00,22.223705,1.023773993
20/1/2009 0:00,21.888079,0.984897838
21/1/2009 0:00,21.769024,0.994560738
22/1/2009 0:00,21.780373,1.000521337
23/1/2009 0:00,21.700033,0.996311358
26/1/2009 0:00,21.846964,1.006771004
27/1/2009 0:00,22.021482,1.007988204
28/1/2009 0:00,22.635019,1.027860841
29/1/2009 0:00,23.296633,1.029229664
30/1/2009 0:00,23.57947,1.012140681
2/2/2009 0:00,23.895607,1.013407299
3/2/2009 0:00,23.90822,1.000527838
4/2/2009 0:00,24.041454,1.005572728
5/2/2009 0:00,24.192648,1.006288888
6/2/2009 0:00,24.210983,1.000757875
9/2/2009 0:00,23.840496,0.984697565
10/2/2009 0:00,23.668726,0.992795032
11/2/2009 0:00,23.280449,0.983595357
12/2/2009 0:00,22.919538,0.984497249
13/2/2009 0:00,22.905132,0.999371453
16/2/2009 0:00,22.870922,0.998506448
17/2/2009 0:00,23.69828,1.036175105
18/2/2009 0:00,23.640343,0.997555223
19/2/2009 0:00,23.445478,0.991757099
20/2/2009 0:00,23.531103,1.00365209
23/2/2009 0:00,23.441841,0.996206638
24/2/2009 0:00,23.611494,1.007237188
25/2/2009 0:00,23.291348,0.986441095
26/2/2009 0:00,23.033386,0.988924557
27/2/2009 0:00,23.183348,1.006510636
2/3/2009 0:00,23.170748,0.999456506
3/3/2009 0:00,23.311131,1.00605863
4/3/2009 0:00,23.193565,0.994956658
5/3/2009 0:00,23.059359,0.994213654
6/3/2009 0:00,23.073538,1.000614891
9/3/2009 0:00,23.037003,0.998416584
10/3/2009 0:00,22.692034,0.985025439
11/3/2009 0:00,22.845385,1.006757922
12/3/2009 0:00,22.916422,1.003109468
13/3/2009 0:00,22.508125,0.982183213
16/3/2009 0:00,22.398174,0.995115053
17/3/2009 0:00,22.522099,1.005532817
18/3/2009 0:00,22.692589,1.007569898
19/3/2009 0:00,21.967171,0.968032823
20/3/2009 0:00,22.12985,1.007405551
23/3/2009 0:00,22.084217,0.997937944
24/3/2009 0:00,21.996555,0.996030559
25/3/2009 0:00,22.232096,1.010708086
26/3/2009 0:00,22.070955,0.992751875
27/3/2009 0:00,22.209164,1.006262031
29/3/2009 0:00,22.278193,1.003108131
30/3/2009 0:00,22.233322,0.997985878
31/3/2009 0:00,22.312378,1.003555744
1/4/2009 0:00,22.174492,0.993820202
2/4/2009 0:00,22.071301,0.99534641
5/4/2009 0:00,22.143,1.003248517
6/4/2009 0:00,22.097157,0.997929684
7/4/2009 0:00,22.11043,1.000600666
8/4/2009 0:00,22.150879,1.001829408
9/4/2009 0:00,22.143988,0.999688906
12/4/2009 0:00,22.029991,0.994852011
13/4/2009 0:00,22.183771,1.006980484
14/4/2009 0:00,22.268879,1.003836498
15/4/2009 0:00,22.210646,0.997385005
16/4/2009 0:00,22.254452,1.001972297
19/4/2009 0:00,22.403311,1.006688954
20/4/2009 0:00,22.58283,1.008013057
21/4/2009 0:00,22.434458,0.993429876
22/4/2009 0:00,22.368176,0.997045527
23/4/2009 0:00,22.185444,0.991830715
26/4/2009 0:00,22.162777,0.998978294
27/4/2009 0:00,22.283291,1.005437676
28/4/2009 0:00,22.161489,0.994533931
29/4/2009 0:00,22.238405,1.003470705
30/4/2009 0:00,22.318836,1.003616761
3/5/2009 0:00,22.255081,0.997143444
4/5/2009 0:00,22.22599,0.998692838
5/5/2009 0:00,22.256006,1.001350491
6/5/2009 0:00,22.06826,0.991564255
7/5/2009 0:00,22.153044,1.003841898
10/5/2009 0:00,22.00041,0.993110021
11/5/2009 0:00,21.864174,0.99380757
12/5/2009 0:00,21.782402,0.99626
13/5/2009 0:00,21.978546,1.0090047
14/5/2009 0:00,21.752359,0.989708737
17/5/2009 0:00,21.895399,1.006575839
18/5/2009 0:00,21.772209,0.994373704
19/5/2009 0:00,21.53767,0.989227597
20/5/2009 0:00,21.683428,1.006767584
21/5/2009 0:00,21.483307,0.990770786
24/5/2009 0:00,21.372849,0.994858427
25/5/2009 0:00,21.632025,1.012126413
26/5/2009 0:00,21.343367,0.986655988
27/5/2009 0:00,21.330029,0.999375075
28/5/2009 0:00,21.284645,0.997872295
31/5/2009 0:00,21.241241,0.997960783
1/6/2009 0:00,21.278009,1.001730972
2/6/2009 0:00,21.27421,0.999821459
3/6/2009 0:00,21.202042,0.996607724
4/6/2009 0:00,21.156673,0.997860159
7/6/2009 0:00,21.584663,1.020229551
8/6/2009 0:00,21.34388,0.988844718
9/6/2009 0:00,21.200274,0.993271795
10/6/2009 0:00,21.306837,1.005026492
11/6/2009 0:00,21.335815,1.001360033
14/6/2009 0:00,21.347614,1.000553014
15/6/2009 0:00,21.353533,1.000277268
16/6/2009 0:00,21.51655,1.007634193
17/6/2009 0:00,21.14533,0.982747234
18/6/2009 0:00,21.218626,1.003466297
21/6/2009 0:00,21.424459,1.009700581
22/6/2009 0:00,21.490782,1.003095667
23/6/2009 0:00,21.368284,0.994299975
24/6/2009 0:00,21.434853,1.003115318
25/6/2009 0:00,21.277746,0.992670489
28/6/2009 0:00,21.44285,1.007759469
29/6/2009 0:00,21.467358,1.001142945
30/6/2009 0:00,21.52738,1.002795966
1/7/2009 0:00,21.41658,0.994853066
2/7/2009 0:00,21.420126,1.000165573
5/7/2009 0:00,21.547186,1.005931805
6/7/2009 0:00,21.636955,1.004166159
7/7/2009 0:00,21.76726,1.006022335
8/7/2009 0:00,21.803034,1.001643477
9/7/2009 0:00,22.29142,1.02239991
12/7/2009 0:00,22.378922,1.003925367
13/7/2009 0:00,22.121082,0.988478444
14/7/2009 0:00,21.925064,0.99113886
15/7/2009 0:00,21.742065,0.991653434
16/7/2009 0:00,21.904121,1.00745357
19/7/2009 0:00,21.546982,0.983695351
20/7/2009 0:00,21.493103,0.997499464
21/7/2009 0:00,21.604589,1.005187059
22/7/2009 0:00,21.642853,1.001771105
23/7/2009 0:00,21.51129,0.99392118
26/7/2009 0:00,21.314655,0.990858986
27/7/2009 0:00,21.556519,1.01134731
28/7/2009 0:00,21.838993,1.013103878
29/7/2009 0:00,21.847486,1.000388892
30/7/2009 0:00,21.922571,1.00343678
2/8/2009 0:00,21.67972,0.98892233
3/8/2009 0:00,21.699945,1.0009329
4/8/2009 0:00,21.737129,1.001713553
5/8/2009 0:00,21.822521,1.003928394
6/8/2009 0:00,21.877026,1.002497649
9/8/2009 0:00,22.013914,1.006257158
10/8/2009 0:00,22.253159,1.010867899
11/8/2009 0:00,22.381977,1.005788751
12/8/2009 0:00,21.94231,0.980356204
13/8/2009 0:00,21.99313,1.002316073
16/8/2009 0:00,22.196621,1.00925248
17/8/2009 0:00,22.398769,1.009107152
18/8/2009 0:00,22.415813,1.000760935
19/8/2009 0:00,22.073078,0.984710124
20/8/2009 0:00,21.99868,0.996629469
23/8/2009 0:00,21.767275,0.98948096
24/8/2009 0:00,22.445314,1.031149466
25/8/2009 0:00,22.415813,0.99868565
26/8/2009 0:00,22.481129,1.002913836
27/8/2009 0:00,21.506071,0.956627712
30/8/2009 0:00,22.482689,1.04541127
31/8/2009 0:00,22.432884,0.99778474
1/9/2009 0:00,22.470217,1.001664209
2/9/2009 0:00,22.498301,1.001249832
3/9/2009 0:00,21.974276,0.976708241
6/9/2009 0:00,22.603447,1.028632161
7/9/2009 0:00,22.728697,1.00554119
8/9/2009 0:00,22.752634,1.001053162
9/9/2009 0:00,21.645224,0.951328273
10/9/2009 0:00,21.685991,1.001883418
13/9/2009 0:00,22.787832,1.050808884
14/9/2009 0:00,21.725647,0.953388063
15/9/2009 0:00,22.965487,1.057068036
16/9/2009 0:00,21.435442,0.933376331
17/9/2009 0:00,21.364374,0.996684556
20/9/2009 0:00,21.436939,1.003396542
21/9/2009 0:00,22.981773,1.072064113
22/9/2009 0:00,21.234718,0.923980843
23/9/2009 0:00,20.785749,0.978856842
24/9/2009 0:00,21.307915,1.025121346
27/9/2009 0:00,21.229282,0.996309681
28/9/2009 0:00,21.208488,0.999020504
29/9/2009 0:00,21.334635,1.005947949
30/9/2009 0:00,21.268015,0.996877378
1/10/2009 0:00,20.808744,0.978405554
4/10/2009 0:00,21.313677,1.024265424
5/10/2009 0:00,21.269625,0.997933158
6/10/2009 0:00,21.249964,0.99907563
7/10/2009 0:00,21.268332,1.000864378
8/10/2009 0:00,21.234142,0.998392446
11/10/2009 0:00,21.13324,0.995248124
12/10/2009 0:00,21.163383,1.001426331
13/10/2009 0:00,21.216986,1.002532818
14/10/2009 0:00,21.162573,0.997435404
15/10/2009 0:00,21.130056,0.998463467
18/10/2009 0:00,21.085253,0.997879655
19/10/2009 0:00,20.885685,0.990535186
20/10/2009 0:00,20.960529,1.003583507
21/10/2009 0:00,20.843088,0.99439704
22/10/2009 0:00,20.793116,0.997602467
26/10/2009 0:00,20.610949,0.991239072
27/10/2009 0:00,20.891863,1.013629358
28/10/2009 0:00,20.8274,0.996914445
29/10/2009 0:00,20.885071,1.002768997
30/10/2009 0:00,20.855368,0.998577788
2/11/2009 0:00,20.909384,1.002590029
3/11/2009 0:00,20.937983,1.001367759
4/11/2009 0:00,20.885384,0.997487867
5/11/2009 0:00,20.767233,0.994342886
6/11/2009 0:00,20.866068,1.00475918
9/11/2009 0:00,20.724728,0.993226323
10/11/2009 0:00,20.675121,0.997606386
11/11/2009 0:00,20.666595,0.99958762
12/11/2009 0:00,20.710217,1.002110749
13/11/2009 0:00,20.303905,0.980381084
16/11/2009 0:00,20.712015,1.020100074
17/11/2009 0:00,20.775234,1.003052286
18/11/2009 0:00,20.739759,0.998292438
19/11/2009 0:00,20.726416,0.999356646
20/11/2009 0:00,20.873821,1.007111939
23/11/2009 0:00,20.759327,0.994514948
24/11/2009 0:00,20.772635,1.000641061
25/11/2009 0:00,20.870512,1.004711824
26/11/2009 0:00,21.079794,1.010027641
27/11/2009 0:00,21.109789,1.001422927
30/11/2009 0:00,21.14327,1.001586041
1/12/2009 0:00,21.058403,0.995986099
2/12/2009 0:00,21.263861,1.00975658
3/12/2009 0:00,21.117643,0.993123638
4/12/2009 0:00,21.265192,1.006987001
7/12/2009 0:00,21.489056,1.01052725
8/12/2009 0:00,21.984432,1.023052478
9/12/2009 0:00,21.87599,0.995067328
10/12/2009 0:00,21.873865,0.999902862
11/12/2009 0:00,21.59911,0.98743912
14/12/2009 0:00,21.614529,1.000713872
15/12/2009 0:00,21.631311,1.000776422
16/12/2009 0:00,21.634933,1.000167442
17/12/2009 0:00,21.945217,1.014341805
18/12/2009 0:00,21.746254,0.990933651
21/12/2009 0:00,21.717445,0.99867522
22/12/2009 0:00,21.72187,1.000203753
23/12/2009 0:00,21.43922,0.986987769
24/12/2009 0:00,21.040541,0.981404221
25/12/2009 0:00,20.999716,0.998059698
28/12/2009 0:00,21.149466,1.007131049
29/12/2009 0:00,21.285959,1.006453733
30/12/2009 0:00,21.53603,1.011748167
31/12/2009 0:00,21.365623,0.992087353
1/1/2010 0:00,21.376282,1.000498886
4/1/2010 0:00,21.699356,1.015113667
5/1/2010 0:00,21.474224,0.989624946
6/1/2010 0:00,21.52817,1.002512128
7/1/2010 0:00,21.465006,0.997065984
8/1/2010 0:00,21.416996,0.997763336
11/1/2010 0:00,21.119381,0.986103793
12/1/2010 0:00,21.247627,1.006072432
13/1/2010 0:00,21.292612,1.002117178
14/1/2010 0:00,21.223593,0.996758547
15/1/2010 0:00,21.249928,1.001240836
18/1/2010 0:00,21.329922,1.003764436
19/1/2010 0:00,21.283268,0.997812744
20/1/2010 0:00,21.256197,0.998728062
21/1/2010 0:00,21.158131,0.995386475
22/1/2010 0:00,21.196226,1.00180049
25/1/2010 0:00,21.515223,1.015049707
26/1/2010 0:00,21.624357,1.005072408
27/1/2010 0:00,21.581007,0.997995316
28/1/2010 0:00,21.620485,1.001829294
29/1/2010 0:00,21.590384,0.998607756
1/2/2010 0:00,21.493967,0.995534262
2/2/2010 0:00,21.36664,0.994076152
3/2/2010 0:00,21.246723,0.994387653
4/2/2010 0:00,21.239967,0.999682022
5/2/2010 0:00,21.179432,0.997149948
8/2/2010 0:00,21.454674,1.012995722
9/2/2010 0:00,21.413029,0.998058931
10/2/2010 0:00,21.374912,0.998219916
11/2/2010 0:00,21.359325,0.999270781
12/2/2010 0:00,21.40255,1.002023706
15/2/2010 0:00,21.401983,0.999973508
16/2/2010 0:00,21.359947,0.998035883
17/2/2010 0:00,21.422749,1.002940176
18/2/2010 0:00,21.230291,0.991016186
19/2/2010 0:00,21.229685,0.999971456
22/2/2010 0:00,21.266912,1.001753535
23/2/2010 0:00,21.262098,0.999773639
24/2/2010 0:00,21.290071,1.001315627
25/2/2010 0:00,21.293825,1.000176326
26/2/2010 0:00,21.284943,0.999582884
1/3/2010 0:00,21.326048,1.001931177
2/3/2010 0:00,21.395432,1.003253486
3/3/2010 0:00,21.269905,0.994133
4/3/2010 0:00,21.27071,1.000037847
5/3/2010 0:00,21.284868,1.00066561
8/3/2010 0:00,21.252876,0.99849696
9/3/2010 0:00,21.258537,1.000266364
10/3/2010 0:00,21.168079,0.995744862
11/3/2010 0:00,21.069241,0.9953308
12/3/2010 0:00,21.006674,0.99703041
15/3/2010 0:00,21.072861,1.003150761
16/3/2010 0:00,21.032494,0.998084408
17/3/2010 0:00,20.923094,0.994798525
18/3/2010 0:00,20.932407,1.000445106
19/3/2010 0:00,20.939615,1.000344346
22/3/2010 0:00,21.084074,1.006898837
23/3/2010 0:00,21.072424,0.99944745
24/3/2010 0:00,21.118254,1.00217488
25/3/2010 0:00,20.982092,0.993552403
26/3/2010 0:00,21.084663,1.004888502
28/3/2010 0:00,21.071836,0.999391643
29/3/2010 0:00,21.086498,1.00069581
30/3/2010 0:00,21.028502,0.997249614
31/3/2010 0:00,21.006584,0.9989577
1/4/2010 0:00,20.885128,0.994218194
4/4/2010 0:00,20.874773,0.999504193
5/4/2010 0:00,20.997778,1.005892519
6/4/2010 0:00,21.003513,1.000273124
7/4/2010 0:00,21.108202,1.004984357
8/4/2010 0:00,20.967974,0.993356706
11/4/2010 0:00,20.85796,0.994753237
12/4/2010 0:00,20.859093,1.00005432
13/4/2010 0:00,21.097158,1.011413008
14/4/2010 0:00,21.103258,1.000289138
15/4/2010 0:00,21.128925,1.001216258
18/4/2010 0:00,21.152184,1.001100813
19/4/2010 0:00,21.160109,1.000374666
20/4/2010 0:00,21.226076,1.003117517
21/4/2010 0:00,21.269096,1.002026752
22/4/2010 0:00,21.249544,0.999080732
25/4/2010 0:00,21.248352,0.999943905
26/4/2010 0:00,21.361816,1.005339896
27/4/2010 0:00,21.345449,0.99923382
28/4/2010 0:00,21.375101,1.001389149
29/4/2010 0:00,21.317518,0.997306071
2/5/2010 0:00,21.384773,1.003154917
3/5/2010 0:00,21.437069,1.002445478
4/5/2010 0:00,21.568932,1.006151167
5/5/2010 0:00,21.878027,1.014330566
6/5/2010 0:00,21.864826,0.999396609
9/5/2010 0:00,22.037306,1.007888469
10/5/2010 0:00,21.847702,0.991396226
11/5/2010 0:00,21.750286,0.995541133
12/5/2010 0:00,21.697054,0.997552584
13/5/2010 0:00,21.875,1.00820139
16/5/2010 0:00,21.985237,1.005039406
17/5/2010 0:00,21.837358,0.993273714
18/5/2010 0:00,21.85095,1.00062242
19/5/2010 0:00,22.299149,1.020511648
20/5/2010 0:00,22.127703,0.992311545
23/5/2010 0:00,22.051428,0.996552963
24/5/2010 0:00,22.277624,1.010257658
25/5/2010 0:00,22.082153,0.99122568
26/5/2010 0:00,21.901669,0.991826703
27/5/2010 0:00,21.777967,0.994351937
30/5/2010 0:00,22.067177,1.013279936
31/5/2010 0:00,22.092783,1.001160366
1/6/2010 0:00,22.198448,1.004782784
2/6/2010 0:00,22.138033,0.997278413
3/6/2010 0:00,22.294954,1.007088299
6/6/2010 0:00,22.443968,1.006683755
7/6/2010 0:00,22.512211,1.003040594
8/6/2010 0:00,22.412085,0.995552369
9/6/2010 0:00,22.483078,1.003167621
10/6/2010 0:00,22.558363,1.003348518
13/6/2010 0:00,22.497278,0.997292135
14/6/2010 0:00,22.473293,0.998933871
15/6/2010 0:00,22.401423,0.996801982
16/6/2010 0:00,22.231644,0.992421062
17/6/2010 0:00,22.380608,1.006700539
20/6/2010 0:00,22.377522,0.999862113
21/6/2010 0:00,22.319399,0.997402617
22/6/2010 0:00,22.336119,1.000749124
23/6/2010 0:00,22.316872,0.999138302
24/6/2010 0:00,22.349951,1.001482242
27/6/2010 0:00,22.403708,1.00240524
28/6/2010 0:00,22.336094,0.996982017
29/6/2010 0:00,22.333666,0.999891297
30/6/2010 0:00,22.342646,1.000402084
1/7/2010 0:00,22.338339,0.99980723
4/7/2010 0:00,22.367989,1.001327314
5/7/2010 0:00,22.336002,0.998569965
6/7/2010 0:00,22.40097,1.002908667
7/7/2010 0:00,22.356836,0.998029817
8/7/2010 0:00,22.354603,0.99990012
11/7/2010 0:00,22.257994,0.99567834
12/7/2010 0:00,22.250309,0.999654731
13/7/2010 0:00,22.237188,0.9994103
14/7/2010 0:00,22.119574,0.994710932
15/7/2010 0:00,22.190865,1.003222983
18/7/2010 0:00,22.160713,0.998641243
19/7/2010 0:00,22.20619,1.002052145
20/7/2010 0:00,22.116446,0.995958604
21/7/2010 0:00,22.130825,1.00065015
22/7/2010 0:00,22.145641,1.000669473
25/7/2010 0:00,22.247297,1.004590339
26/7/2010 0:00,22.155603,0.995878421
27/7/2010 0:00,22.123674,0.998558875
28/7/2010 0:00,22.145163,1.000971312
29/7/2010 0:00,22.270853,1.005675732
1/8/2010 0:00,22.223045,0.997853338
2/8/2010 0:00,22.022009,0.990953715
3/8/2010 0:00,22.022009,1
4/8/2010 0:00,22.051449,1.001336844
5/8/2010 0:00,22.049955,0.999932249
8/8/2010 0:00,22.099464,1.002245311
9/8/2010 0:00,22.179523,1.003622667
10/8/2010 0:00,22.182558,1.000136838
11/8/2010 0:00,22.227589,1.002030018
12/8/2010 0:00,22.448574,1.009941924
15/8/2010 0:00,22.404934,0.998056001
16/8/2010 0:00,22.374586,0.998645477
17/8/2010 0:00,22.441294,1.002981418
18/8/2010 0:00,22.50259,1.002731393
19/8/2010 0:00,22.452385,0.997768923
22/8/2010 0:00,22.571281,1.005295473
23/8/2010 0:00,22.602894,1.001400585
24/8/2010 0:00,22.607418,1.000200151
25/8/2010 0:00,22.793695,1.008239641
26/8/2010 0:00,22.635424,0.993056369
29/8/2010 0:00,22.706484,1.003139327
30/8/2010 0:00,22.619734,0.996179505
31/8/2010 0:00,22.702982,1.003680326
1/9/2010 0:00,22.782272,1.003492493
2/9/2010 0:00,22.79896,1.000732499
5/9/2010 0:00,22.784603,0.999370278
6/9/2010 0:00,22.759518,0.998899037
7/9/2010 0:00,22.851849,1.004056808
8/9/2010 0:00,22.923706,1.003144472
9/9/2010 0:00,22.959101,1.001544035
12/9/2010 0:00,23.068472,1.004763732
13/9/2010 0:00,22.922871,0.993688312
14/9/2010 0:00,22.948017,1.001096983
15/9/2010 0:00,23.120234,1.007504657
16/9/2010 0:00,23.390146,1.011674276
19/9/2010 0:00,23.176611,0.990870728
20/9/2010 0:00,23.279339,1.0044324
21/9/2010 0:00,23.353149,1.003170623
22/9/2010 0:00,23.361496,1.000357425
23/9/2010 0:00,23.335339,0.998880337
26/9/2010 0:00,23.264952,0.996983674
27/9/2010 0:00,23.101097,0.992957002
28/9/2010 0:00,23.092043,0.999608071
29/9/2010 0:00,23.068224,0.998968519
30/9/2010 0:00,23.220312,1.006592965
3/10/2010 0:00,23.209303,0.999525889
4/10/2010 0:00,23.168467,0.998240533
5/10/2010 0:00,22.925041,0.989493219
6/10/2010 0:00,22.790981,0.994152246
7/10/2010 0:00,22.771528,0.999146461
10/10/2010 0:00,22.85364,1.003605906
11/10/2010 0:00,22.853865,1.000009845
12/10/2010 0:00,23.053576,1.008738609
13/10/2010 0:00,23.097942,1.001924474
14/10/2010 0:00,23.167929,1.00303001
17/10/2010 0:00,23.343094,1.007560667
18/10/2010 0:00,23.348202,1.000218823
19/10/2010 0:00,23.321411,0.998852545
20/10/2010 0:00,23.543509,1.009523352
21/10/2010 0:00,23.471882,0.996957675
24/10/2010 0:00,23.349762,0.994797179
25/10/2010 0:00,23.392843,1.00184503
26/10/2010 0:00,23.445593,1.002254963
27/10/2010 0:00,23.506863,1.002613284
28/10/2010 0:00,23.506863,1
1/11/2010 0:00,23.829943,1.013744071
2/11/2010 0:00,23.859798,1.001252836
3/11/2010 0:00,23.888285,1.001193933
4/11/2010 0:00,23.957521,1.002898324
5/11/2010 0:00,23.739767,0.990910829
8/11/2010 0:00,23.74922,1.000398193
9/11/2010 0:00,23.901472,1.006410821
10/11/2010 0:00,23.741087,0.993289744
11/11/2010 0:00,23.864925,1.005216189
12/11/2010 0:00,23.70603,0.993341902
15/11/2010 0:00,23.722658,1.000701425
16/11/2010 0:00,23.732281,1.000405646
17/11/2010 0:00,23.874727,1.006002204
18/11/2010 0:00,24.061541,1.00782476
19/11/2010 0:00,23.978073,0.996531062
22/11/2010 0:00,24.009111,1.001294433
23/11/2010 0:00,23.964895,0.998158366
24/11/2010 0:00,23.847324,0.995094032
25/11/2010 0:00,23.91777,1.002954042
26/11/2010 0:00,23.788969,0.994614841
29/11/2010 0:00,23.850056,1.002567871
30/11/2010 0:00,23.725641,0.99478345
1/12/2010 0:00,23.878572,1.006445811
2/12/2010 0:00,23.935959,1.002403284
3/12/2010 0:00,24.070696,1.005629062
6/12/2010 0:00,24.043262,0.998860274
7/12/2010 0:00,23.90527,0.994260679
8/12/2010 0:00,23.767275,0.994227423
9/12/2010 0:00,23.605934,0.993211632
10/12/2010 0:00,23.604633,0.999944887
13/12/2010 0:00,23.634485,1.001264667
14/12/2010 0:00,23.546021,0.996256995
15/12/2010 0:00,23.586624,1.00172441
16/12/2010 0:00,23.396145,0.991924279
17/12/2010 0:00,23.36401,0.998626483
20/12/2010 0:00,23.319162,0.998080466
21/12/2010 0:00,23.416431,1.004171205
22/12/2010 0:00,23.394777,0.999075265
23/12/2010 0:00,23.466259,1.003055468
24/12/2010 0:00,23.456984,0.999604752
27/12/2010 0:00,23.390902,0.997182843
28/12/2010 0:00,23.376879,0.999400493
29/12/2010 0:00,23.356653,0.999134786
30/12/2010 0:00,23.560865,1.008743205
31/12/2010 0:00,23.718519,1.00669135
3/1/2011 0:00,23.725203,1.000281805
4/1/2011 0:00,23.679041,0.998054305
5/1/2011 0:00,23.64077,0.998383761
6/1/2011 0:00,23.543449,0.995883341
7/1/2011 0:00,23.459942,0.996453069
10/1/2011 0:00,23.485294,1.001080651
11/1/2011 0:00,23.449095,0.998458652
12/1/2011 0:00,23.609245,1.006829688
13/1/2011 0:00,23.360012,0.989443415
14/1/2011 0:00,23.294558,0.997198032
17/1/2011 0:00,23.299511,1.000212625
18/1/2011 0:00,23.27203,0.998820533
19/1/2011 0:00,23.295403,1.001004339
20/1/2011 0:00,23.243435,0.997769174
21/1/2011 0:00,22.727272,0.97779317
24/1/2011 0:00,23.318058,1.025994585
25/1/2011 0:00,23.300529,0.999248265
26/1/2011 0:00,23.207352,0.996001078
27/1/2011 0:00,23.241196,1.001458331
28/1/2011 0:00,23.124903,0.994996256
31/1/2011 0:00,23.053713,0.996921501
1/2/2011 0:00,23.291367,1.010308708
2/2/2011 0:00,23.30715,1.000677633
3/2/2011 0:00,23.137993,0.99274227
4/2/2011 0:00,23.104273,0.998542657
7/2/2011 0:00,23.045876,0.997472459
8/2/2011 0:00,22.974041,0.996882956
9/2/2011 0:00,22.986336,1.000535169
10/2/2011 0:00,22.971403,0.999350353
11/2/2011 0:00,22.928648,0.998138773
14/2/2011 0:00,22.83683,0.99599549
15/2/2011 0:00,22.838755,1.000084294
16/2/2011 0:00,22.885021,1.002025767
17/2/2011 0:00,22.844349,0.998222768
18/2/2011 0:00,22.913696,1.00303563
21/2/2011 0:00,22.90484,0.999613506
22/2/2011 0:00,22.84202,0.997257348
23/2/2011 0:00,22.864952,1.001003939
24/2/2011 0:00,22.862347,0.99988607
25/2/2011 0:00,22.740393,0.994665727
28/2/2011 0:00,22.695173,0.998011468
1/3/2011 0:00,22.712891,1.000780695
2/3/2011 0:00,22.566298,0.993545824
3/3/2011 0:00,22.36367,0.991020769
4/3/2011 0:00,22.21513,0.993357977
7/3/2011 0:00,22.25456,1.001774916
8/3/2011 0:00,22.266731,1.000546899
9/3/2011 0:00,22.22827,0.998272715
10/3/2011 0:00,22.363909,1.006102094
11/3/2011 0:00,22.467991,1.004654016
14/3/2011 0:00,22.638699,1.007597831
15/3/2011 0:00,22.501932,0.993958708
16/3/2011 0:00,22.571192,1.003077958
17/3/2011 0:00,22.283134,0.987237803
18/3/2011 0:00,22.42692,1.006452683
21/3/2011 0:00,22.370657,0.997491274
22/3/2011 0:00,22.356403,0.999362826
23/3/2011 0:00,22.331882,0.998903178
24/3/2011 0:00,22.422953,1.004078071
25/3/2011 0:00,22.457567,1.001543686
27/3/2011 0:00,21.965927,0.978108047
28/3/2011 0:00,22.429222,1.02109153
29/3/2011 0:00,22.487509,1.002598708
30/3/2011 0:00,22.614592,1.005651271
31/3/2011 0:00,22.545036,0.996924287
3/4/2011 0:00,22.546631,1.000070747
4/4/2011 0:00,22.434305,0.995018058
5/4/2011 0:00,22.483891,1.002210276
6/4/2011 0:00,22.330107,0.993160259
7/4/2011 0:00,22.370735,1.001819427
10/4/2011 0:00,22.30249,0.996949363
11/4/2011 0:00,22.311043,1.0003835
12/4/2011 0:00,22.32163,1.000474518
13/4/2011 0:00,22.376106,1.002440503
17/4/2011 0:00,22.643248,1.011938717
18/4/2011 0:00,22.652779,1.00042092
19/4/2011 0:00,22.772665,1.005292331
20/4/2011 0:00,22.660259,0.995063994
21/4/2011 0:00,22.609505,0.99776022
24/4/2011 0:00,22.707741,1.004344898
25/4/2011 0:00,22.537237,0.992491371
26/4/2011 0:00,22.581347,1.001957205
27/4/2011 0:00,22.532909,0.997854955
28/4/2011 0:00,22.429247,0.995399529
1/5/2011 0:00,22.355574,0.996715315
2/5/2011 0:00,22.33824,0.999224623
3/5/2011 0:00,22.274555,0.997149059
4/5/2011 0:00,22.062803,0.990493547
5/5/2011 0:00,22.107946,1.002046114
8/5/2011 0:00,22.338867,1.010445158
9/5/2011 0:00,22.605963,1.01195656
10/5/2011 0:00,22.532894,0.996767711
11/5/2011 0:00,22.420416,0.995008275
12/5/2011 0:00,22.633823,1.009518423
15/5/2011 0:00,22.402519,0.989780604
16/5/2011 0:00,22.489601,1.003887152
17/5/2011 0:00,22.603102,1.005046821
18/5/2011 0:00,22.648407,1.002004371
19/5/2011 0:00,22.588911,0.99737306
22/5/2011 0:00,22.581427,0.999668687
23/5/2011 0:00,22.805412,1.009918992
24/5/2011 0:00,22.734745,0.996901306
25/5/2011 0:00,22.741959,1.000317312
26/5/2011 0:00,22.660526,0.996419262
29/5/2011 0:00,22.674892,1.000633966
30/5/2011 0:00,22.70746,1.001436302
31/5/2011 0:00,22.704082,0.999851238
1/6/2011 0:00,22.529232,0.992298742
2/6/2011 0:00,22.620384,1.004045944
5/6/2011 0:00,22.763815,1.006340785
6/6/2011 0:00,22.606079,0.993070757
7/6/2011 0:00,22.60132,0.999789481
8/6/2011 0:00,22.524321,0.996593164
9/6/2011 0:00,22.523546,0.999965593
12/6/2011 0:00,22.11442,0.981835631
13/6/2011 0:00,22.625376,1.023105105
14/6/2011 0:00,22.665716,1.001782954
15/6/2011 0:00,22.603655,0.9972619
16/6/2011 0:00,22.725418,1.005386872
19/6/2011 0:00,22.746145,1.000912062
20/6/2011 0:00,22.715021,0.99863168
21/6/2011 0:00,22.665667,0.997827253
22/6/2011 0:00,22.650652,0.999337544
23/6/2011 0:00,22.859455,1.00921841
26/6/2011 0:00,22.724974,0.994117051
27/6/2011 0:00,22.825825,1.004437893
28/6/2011 0:00,22.640545,0.991882878
29/6/2011 0:00,22.682642,1.001859363
30/6/2011 0:00,22.728731,1.002031906
3/7/2011 0:00,22.712141,0.999270087
4/7/2011 0:00,22.697552,0.999357656
5/7/2011 0:00,22.677847,0.999131845
6/7/2011 0:00,22.772606,1.004178483
7/7/2011 0:00,22.799248,1.001169914
10/7/2011 0:00,22.940258,1.006184853
11/7/2011 0:00,22.983625,1.001890432
12/7/2011 0:00,23.101084,1.005110552
13/7/2011 0:00,22.985605,0.995001144
14/7/2011 0:00,23.10078,1.005010745
17/7/2011 0:00,22.482153,0.973220515
18/7/2011 0:00,23.129644,1.028800222
19/7/2011 0:00,23.069218,0.997387508
20/7/2011 0:00,23.014593,0.997632126
21/7/2011 0:00,22.882975,0.994281107
24/7/2011 0:00,22.951744,1.003005247
25/7/2011 0:00,22.932819,0.999175444
26/7/2011 0:00,22.848001,0.996301458
27/7/2011 0:00,22.840437,0.999668943
28/7/2011 0:00,22.914316,1.00323457
31/7/2011 0:00,22.962839,1.002117584
1/8/2011 0:00,23.089375,1.005510468
2/8/2011 0:00,23.040064,0.997864342
3/8/2011 0:00,23.076649,1.001587886
4/8/2011 0:00,22.99935,0.996650337
7/8/2011 0:00,23.259634,1.011317015
8/8/2011 0:00,23.656935,1.017081137
9/8/2011 0:00,24.712191,1.044606624
10/8/2011 0:00,24.313969,0.983885605
11/8/2011 0:00,24.271553,0.998255488
14/8/2011 0:00,23.965742,0.987400435
15/8/2011 0:00,23.836874,0.994622825
16/8/2011 0:00,23.847574,1.000448884
17/8/2011 0:00,23.935778,1.003698657
18/8/2011 0:00,23.860641,0.996860892
21/8/2011 0:00,23.944641,1.003520442
22/8/2011 0:00,24.075123,1.00544932
23/8/2011 0:00,24.023104,0.997839305
24/8/2011 0:00,23.980433,0.998223752
25/8/2011 0:00,23.861061,0.995022108
28/8/2011 0:00,23.864029,1.000124387
29/8/2011 0:00,23.838079,0.998912589
30/8/2011 0:00,23.920134,1.003442182
31/8/2011 0:00,23.924471,1.000181312
1/9/2011 0:00,24.037874,1.004740042
4/9/2011 0:00,24.188496,1.006266028
5/9/2011 0:00,24.388628,1.008273851
6/9/2011 0:00,24.446033,1.002353761
7/9/2011 0:00,24.345314,0.995879945
8/9/2011 0:00,24.380724,1.001454489
11/9/2011 0:00,24.438463,1.002368223
12/9/2011 0:00,24.489141,1.002073698
13/9/2011 0:00,24.36585,0.994965483
14/9/2011 0:00,24.445946,1.003287224
15/9/2011 0:00,24.440748,0.999787368
18/9/2011 0:00,24.574862,1.005487312
19/9/2011 0:00,24.733255,1.006445326
20/9/2011 0:00,24.900999,1.006782124
21/9/2011 0:00,24.56258,0.986409421
22/9/2011 0:00,24.586958,1.000992485
25/9/2011 0:00,24.656656,1.002834755
26/9/2011 0:00,24.98345,1.013253784
27/9/2011 0:00,24.678768,0.987804647
28/9/2011 0:00,24.422611,0.989620349
29/9/2011 0:00,24.644053,1.00906709
2/10/2011 0:00,24.658524,1.0005872
3/10/2011 0:00,24.747475,1.003607312
4/10/2011 0:00,25.009708,1.010596354
5/10/2011 0:00,24.654814,0.98580975
6/10/2011 0:00,24.792364,1.005579032
9/10/2011 0:00,24.715178,0.996886703
10/10/2011 0:00,24.729698,1.000587493
11/10/2011 0:00,24.548267,0.992663436
12/10/2011 0:00,24.306801,0.990163623
13/10/2011 0:00,24.403194,1.00396568
16/10/2011 0:00,24.409107,1.000242304
17/10/2011 0:00,24.264555,0.994077948
18/10/2011 0:00,24.359825,1.003926303
19/10/2011 0:00,24.490843,1.005378446
20/10/2011 0:00,24.686548,1.007990946
23/10/2011 0:00,24.362095,0.986857093
24/10/2011 0:00,24.135338,0.990692221
25/10/2011 0:00,24.107937,0.998864694
26/10/2011 0:00,24.147511,1.001641534
27/10/2011 0:00,23.99831,0.993821268
31/10/2011 0:00,23.856697,0.994099043
1/11/2011 0:00,24.181295,1.013606158
2/11/2011 0:00,24.088346,0.996156161
3/11/2011 0:00,23.853403,0.990246611
4/11/2011 0:00,24.03919,1.0077887
7/11/2011 0:00,24.10289,1.00264984
8/11/2011 0:00,23.869465,0.990315477
9/11/2011 0:00,23.838055,0.998684093
10/11/2011 0:00,23.787315,0.997871471
11/11/2011 0:00,23.660286,0.994659801
14/11/2011 0:00,23.571035,0.996227814
15/11/2011 0:00,23.648113,1.00327003
16/11/2011 0:00,23.656948,1.000373603
17/11/2011 0:00,23.667076,1.000428119
18/11/2011 0:00,23.817789,1.006368045
21/11/2011 0:00,23.736479,0.996586165
22/11/2011 0:00,23.841669,1.004431576
23/11/2011 0:00,23.854769,1.000549458
24/11/2011 0:00,23.957075,1.004288702
25/11/2011 0:00,24.027586,1.002943222
28/11/2011 0:00,24.158569,1.005451359
29/11/2011 0:00,24.137447,0.999125693
30/11/2011 0:00,23.743832,0.983692766
1/12/2011 0:00,23.930176,1.007848101
2/12/2011 0:00,23.588793,0.985734204
5/12/2011 0:00,24.134029,1.023114197
6/12/2011 0:00,24.138723,1.000194497
7/12/2011 0:00,24.166603,1.001154991
8/12/2011 0:00,24.046728,0.995039642
9/12/2011 0:00,24.014456,0.998657946
12/12/2011 0:00,24.291447,1.011534344
13/12/2011 0:00,24.242016,0.997965086
14/12/2011 0:00,24.18206,0.997526773
15/12/2011 0:00,24.261282,1.003276065
16/12/2011 0:00,24.254309,0.999712587
19/12/2011 0:00,24.468327,1.008823917
20/12/2011 0:00,24.538969,1.002887079
21/12/2011 0:00,24.578417,1.001607566
22/12/2011 0:00,24.415751,0.993381754
23/12/2011 0:00,24.205828,0.991402149
26/12/2011 0:00,23.904713,0.987560227
27/12/2011 0:00,24.028412,1.00517467
28/12/2011 0:00,24.197685,1.007044702
29/12/2011 0:00,24.416611,1.009047394
30/12/2011 0:00,24.602983,1.007633
2/1/2012 0:00,24.680737,1.003160348
3/1/2012 0:00,24.676926,0.999845588
4/1/2012 0:00,24.72471,1.001936384
5/1/2012 0:00,24.653547,0.997121786
6/1/2012 0:00,24.781326,1.005182986
9/1/2012 0:00,24.628067,0.993815545
10/1/2012 0:00,24.601204,0.998909253
11/1/2012 0:00,24.462828,0.994375235
12/1/2012 0:00,24.562307,1.004066537
13/1/2012 0:00,24.406717,0.993665497
16/1/2012 0:00,24.141024,0.989113939
17/1/2012 0:00,24.455032,1.013007236
18/1/2012 0:00,24.579782,1.0051012
19/1/2012 0:00,24.55829,0.999125623
20/1/2012 0:00,24.598066,1.001619657
23/1/2012 0:00,24.554638,0.998234495
24/1/2012 0:00,24.323713,0.990595463
25/1/2012 0:00,24.272118,0.997878819
26/1/2012 0:00,24.157104,0.995261477
27/1/2012 0:00,24.086374,0.997072083
30/1/2012 0:00,24.067776,0.999227862
31/1/2012 0:00,24.140949,1.003040289
1/2/2012 0:00,23.883793,0.989347726
2/2/2012 0:00,24.09515,1.00884939
3/2/2012 0:00,24.177166,1.003403839
6/2/2012 0:00,24.264898,1.003628713
7/2/2012 0:00,23.992872,0.98878932
8/2/2012 0:00,23.880039,0.995297228
9/2/2012 0:00,23.852673,0.998854022
10/2/2012 0:00,23.801632,0.997860156
13/2/2012 0:00,23.882589,1.003401321
14/2/2012 0:00,23.759396,0.994841723
15/2/2012 0:00,23.764202,1.000202278
16/2/2012 0:00,23.789007,1.001043797
17/2/2012 0:00,23.812099,1.0009707
20/2/2012 0:00,23.89856,1.003630969
21/2/2012 0:00,23.732904,0.993068369
22/2/2012 0:00,23.668594,0.99729026
23/2/2012 0:00,23.596825,0.996967754
24/2/2012 0:00,23.594759,0.999912446
27/2/2012 0:00,23.222984,0.984243323
28/2/2012 0:00,23.115343,0.995364894
29/2/2012 0:00,23.230154,1.004966874
1/3/2012 0:00,23.329659,1.004283441
2/3/2012 0:00,23.324148,0.999763777
5/3/2012 0:00,23.391178,1.002873846
6/3/2012 0:00,23.349411,0.998214412
7/3/2012 0:00,23.4599,1.004731982
8/3/2012 0:00,23.505661,1.001950605
9/3/2012 0:00,23.450172,0.997639335
12/3/2012 0:00,23.432959,0.999265976
13/3/2012 0:00,23.558401,1.005353229
14/3/2012 0:00,23.383026,0.992555734
15/3/2012 0:00,23.302229,0.99654463
16/3/2012 0:00,23.277317,0.998930918
19/3/2012 0:00,23.236437,0.998243784
20/3/2012 0:00,23.160776,0.996743864
21/3/2012 0:00,23.146929,0.999402136
22/3/2012 0:00,23.146069,0.999962846
23/3/2012 0:00,23.28813,1.006137586
25/3/2012 0:00,23.248032,0.998278179
26/3/2012 0:00,23.024422,0.990381551
27/3/2012 0:00,23.090908,1.002887629
28/3/2012 0:00,23.347275,1.011102508
29/3/2012 0:00,23.361588,1.000613048
1/4/2012 0:00,23.414639,1.002270864
2/4/2012 0:00,23.377935,0.998432434
3/4/2012 0:00,23.311459,0.997156464
4/4/2012 0:00,23.384617,1.003138285
5/4/2012 0:00,23.327932,0.997575971
8/4/2012 0:00,23.415392,1.003749154
9/4/2012 0:00,23.471764,1.002407476
10/4/2012 0:00,23.625504,1.006549998
11/4/2012 0:00,23.566414,0.997498889
12/4/2012 0:00,23.511557,0.997672238
15/4/2012 0:00,23.722338,1.008964995
16/4/2012 0:00,23.676243,0.998056895
17/4/2012 0:00,23.642605,0.998579251
18/4/2012 0:00,23.572786,0.997046899
19/4/2012 0:00,23.571531,0.999946761
22/4/2012 0:00,23.584196,1.000537301
23/4/2012 0:00,23.621805,1.00159467
24/4/2012 0:00,23.565048,0.997597262
25/4/2012 0:00,23.600031,1.001484529
26/4/2012 0:00,23.604895,1.000206101
29/4/2012 0:00,23.652689,1.00202475
30/4/2012 0:00,23.758045,1.004454293
1/5/2012 0:00,23.723446,0.998543693
2/5/2012 0:00,23.638048,0.99640027
3/5/2012 0:00,23.752172,1.004827979
6/5/2012 0:00,23.794947,1.001800888
7/5/2012 0:00,24.101679,1.012890636
8/5/2012 0:00,24.120914,1.000798077
9/5/2012 0:00,24.241835,1.005013118
10/5/2012 0:00,24.066856,0.992781941
13/5/2012 0:00,24.088636,1.000904979
14/5/2012 0:00,24.156355,1.002811243
15/5/2012 0:00,24.318502,1.006712395
16/5/2012 0:00,24.485474,1.006866048
17/5/2012 0:00,24.439362,0.998116761
20/5/2012 0:00,24.542471,1.004218973
21/5/2012 0:00,24.529324,0.999464316
22/5/2012 0:00,24.478569,0.997930844
23/5/2012 0:00,24.758745,1.011445767
24/5/2012 0:00,24.875206,1.004703833
27/5/2012 0:00,25.099222,1.009005594
28/5/2012 0:00,25.088945,0.999590545
29/5/2012 0:00,25.220982,1.005262756
30/5/2012 0:00,25.431698,1.00835479
31/5/2012 0:00,25.873085,1.017355782
3/6/2012 0:00,25.981098,1.004174724
4/6/2012 0:00,26.034882,1.00207012
5/6/2012 0:00,25.730543,0.988310337
6/6/2012 0:00,25.357342,0.985495798
7/6/2012 0:00,25.396584,1.00154756
10/6/2012 0:00,25.10672,0.988586497
11/6/2012 0:00,25.459866,1.014065796
12/6/2012 0:00,25.637783,1.006988136
13/6/2012 0:00,25.346989,0.9886576
14/6/2012 0:00,25.422207,1.002967532
17/6/2012 0:00,25.528688,1.004188503
18/6/2012 0:00,25.505159,0.999078331
19/6/2012 0:00,25.509911,1.000186315
20/6/2012 0:00,25.648415,1.005429419
21/6/2012 0:00,25.947914,1.011677096
24/6/2012 0:00,25.888445,0.997708139
25/6/2012 0:00,25.893677,1.000202098
26/6/2012 0:00,25.666565,0.991229056
27/6/2012 0:00,25.803959,1.005353034
28/6/2012 0:00,25.866272,1.002414862
1/7/2012 0:00,25.499014,0.985801665
2/7/2012 0:00,25.70475,1.00806839
3/7/2012 0:00,25.517355,0.992709713
4/7/2012 0:00,25.503788,0.999468323
5/7/2012 0:00,25.756344,1.009902686
8/7/2012 0:00,25.894064,1.005347032
9/7/2012 0:00,25.837538,0.997817029
10/7/2012 0:00,25.917133,1.003080595
11/7/2012 0:00,25.857504,0.997699244
12/7/2012 0:00,25.796234,0.997630475
15/7/2012 0:00,25.72224,0.997131597
16/7/2012 0:00,25.703899,0.999286959
17/7/2012 0:00,25.654287,0.998069865
18/7/2012 0:00,25.605534,0.998099616
19/7/2012 0:00,25.381033,0.991232325
22/7/2012 0:00,25.458319,1.00304503
23/7/2012 0:00,25.869339,1.016144821
24/7/2012 0:00,26.074383,1.00792614
25/7/2012 0:00,25.993216,0.996887098
26/7/2012 0:00,25.797253,0.992460994
29/7/2012 0:00,25.668341,0.995002879
30/7/2012 0:00,25.793415,1.004872695
31/7/2012 0:00,25.847862,1.002110888
1/8/2012 0:00,25.974184,1.004887135
2/8/2012 0:00,26.129654,1.005985559
5/8/2012 0:00,25.809931,0.987763979
6/8/2012 0:00,25.432301,0.98536881
7/8/2012 0:00,25.372387,0.997644177
8/8/2012 0:00,25.306185,0.997390786
9/8/2012 0:00,25.442436,1.005384099
12/8/2012 0:00,25.545845,1.00406443
13/8/2012 0:00,25.544216,0.999936232
14/8/2012 0:00,25.516996,0.998934397
15/8/2012 0:00,25.446484,0.997236665
16/8/2012 0:00,25.444517,0.999922701
19/8/2012 0:00,25.544003,1.003909919
20/8/2012 0:00,25.53673,0.999715276
21/8/2012 0:00,25.392103,0.994336511
22/8/2012 0:00,25.371279,0.999179903
23/8/2012 0:00,25.452942,1.003218718
26/8/2012 0:00,25.411726,0.998380698
27/8/2012 0:00,25.438951,1.001071356
28/8/2012 0:00,25.52459,1.003366452
29/8/2012 0:00,25.677876,1.006005425
30/8/2012 0:00,25.957081,1.010873368
2/9/2012 0:00,25.843702,0.995632059
3/9/2012 0:00,25.90126,1.002227158
4/9/2012 0:00,25.895336,0.999771285
5/9/2012 0:00,25.848459,0.998189751
6/9/2012 0:00,25.703985,0.994410731
9/9/2012 0:00,25.604273,0.996120757
10/9/2012 0:00,25.590118,0.999447163
11/9/2012 0:00,25.580435,0.999621612
12/9/2012 0:00,25.5732,0.999717167
13/9/2012 0:00,25.33605,0.99072662
16/9/2012 0:00,24.984516,0.986125146
17/9/2012 0:00,25.036362,1.002075125
18/9/2012 0:00,25.218565,1.007277535
19/9/2012 0:00,25.45014,1.009182719
20/9/2012 0:00,25.414005,0.998580165
23/9/2012 0:00,25.33856,0.997031361
24/9/2012 0:00,25.339363,1.000031691
25/9/2012 0:00,25.367996,1.001129981
26/9/2012 0:00,25.425531,1.002268015
27/9/2012 0:00,25.203344,0.991261264
30/9/2012 0:00,25.366964,1.006491996
1/10/2012 0:00,25.358177,0.999653605
2/10/2012 0:00,25.27837,0.99685281
3/10/2012 0:00,25.316313,1.001501007
4/10/2012 0:00,25.160534,0.993846695
7/10/2012 0:00,25.218994,1.00232348
8/10/2012 0:00,25.352047,1.005275904
9/10/2012 0:00,25.28828,0.99748474
10/10/2012 0:00,25.286678,0.99993665
11/10/2012 0:00,25.217129,0.997249579
14/10/2012 0:00,25.442663,1.008943683
15/10/2012 0:00,25.358284,0.996683563
16/10/2012 0:00,25.26717,0.996406934
17/10/2012 0:00,25.267345,1.000006926
18/10/2012 0:00,25.22904,0.998484012
21/10/2012 0:00,25.238188,1.000362598
22/10/2012 0:00,25.455036,1.008592059
23/10/2012 0:00,25.636944,1.007146248
24/10/2012 0:00,25.683973,1.001834423
25/10/2012 0:00,25.641659,0.998352513
29/10/2012 0:00,25.664158,1.000877439
30/10/2012 0:00,25.774649,1.004305265
31/10/2012 0:00,25.702124,0.997186189
1/11/2012 0:00,25.647755,0.99788465
2/11/2012 0:00,25.60918,0.99849597
5/11/2012 0:00,25.710833,1.003969397
6/11/2012 0:00,25.784132,1.002850899
7/11/2012 0:00,25.646931,0.994678859
8/11/2012 0:00,25.770367,1.004812896
9/11/2012 0:00,25.681904,0.996567259
12/11/2012 0:00,25.769442,1.003408548
13/11/2012 0:00,25.89645,1.004928628
14/11/2012 0:00,25.940901,1.00171649
15/11/2012 0:00,25.874426,0.997437444
16/11/2012 0:00,25.831282,0.998332562
19/11/2012 0:00,25.787766,0.998315376
20/11/2012 0:00,25.624296,0.993660948
21/11/2012 0:00,25.561638,0.997554743
22/11/2012 0:00,25.389057,0.993248437
23/11/2012 0:00,25.428959,1.001571622
26/11/2012 0:00,25.364048,0.997447359
27/11/2012 0:00,25.36524,1.000046996
28/11/2012 0:00,25.39591,1.001209135
29/11/2012 0:00,25.400328,1.000173965
30/11/2012 0:00,25.293125,0.995779464
3/12/2012 0:00,25.281313,0.999532996
4/12/2012 0:00,25.334044,1.00208577
5/12/2012 0:00,25.297813,0.998569869
6/12/2012 0:00,25.250925,0.998146559
7/12/2012 0:00,25.32221,1.002823065
10/12/2012 0:00,25.246763,0.997020521
11/12/2012 0:00,25.178606,0.997300367
12/12/2012 0:00,25.136015,0.998308445
13/12/2012 0:00,25.023352,0.995517866
14/12/2012 0:00,25.152729,1.005170251
17/12/2012 0:00,25.140471,0.999512657
18/12/2012 0:00,25.387014,1.009806618
19/12/2012 0:00,25.229816,0.993807937
20/12/2012 0:00,25.165569,0.997453529
21/12/2012 0:00,25.174192,1.000342651
24/12/2012 0:00,25.22699,1.002097307
25/12/2012 0:00,25.061193,0.993427793
26/12/2012 0:00,25.067295,1.000243484
27/12/2012 0:00,24.873951,0.992287002
28/12/2012 0:00,24.763657,0.995565883
31/12/2012 0:00,24.891815,1.005175245
1/1/2013 0:00,24.987301,1.00383604
2/1/2013 0:00,24.840088,0.994108487
3/1/2013 0:00,24.699007,0.994320431
4/1/2013 0:00,24.666119,0.998668448
7/1/2013 0:00,24.690409,1.000984752
8/1/2013 0:00,24.701391,1.000444788
9/1/2013 0:00,24.653902,0.998077477
10/1/2013 0:00,24.704296,1.002044058
11/1/2013 0:00,24.644554,0.997581716
14/1/2013 0:00,24.662912,1.000744911
15/1/2013 0:00,24.604084,0.997614718
16/1/2013 0:00,24.747101,1.005812734
17/1/2013 0:00,24.765631,1.000748775
18/1/2013 0:00,24.652405,0.9954281
21/1/2013 0:00,24.645271,0.999710616
22/1/2013 0:00,24.625916,0.999214657
23/1/2013 0:00,24.62608,1.00000666
24/1/2013 0:00,24.584007,0.998291527
25/1/2013 0:00,24.372723,0.991405632
28/1/2013 0:00,24.261314,0.995428947
29/1/2013 0:00,24.322786,1.002533746
30/1/2013 0:00,24.307379,0.999366561
31/1/2013 0:00,24.300289,0.999708319
1/2/2013 0:00,24.241323,0.997573444
4/2/2013 0:00,24.093605,0.993906356
5/2/2013 0:00,24.269051,1.007281849
6/2/2013 0:00,24.17638,0.996181515
7/2/2013 0:00,24.256601,1.003318156
8/2/2013 0:00,24.331982,1.003107649
11/2/2013 0:00,24.359779,1.001142406
12/2/2013 0:00,24.233843,0.994830167
13/2/2013 0:00,24.215786,0.999254885
14/2/2013 0:00,24.310701,1.003919551
15/2/2013 0:00,24.324726,1.000576906
18/2/2013 0:00,24.315088,0.999603778
19/2/2013 0:00,24.301363,0.999435536
20/2/2013 0:00,24.284744,0.999316129
21/2/2013 0:00,24.3559,1.00293007
22/2/2013 0:00,24.510181,1.006334441
25/2/2013 0:00,24.470787,0.99839275
26/2/2013 0:00,24.648378,1.007257266
27/2/2013 0:00,24.694929,1.001888603
28/2/2013 0:00,24.623474,0.997106491
1/3/2013 0:00,24.75602,1.005382912
4/3/2013 0:00,24.651297,0.995769797
5/3/2013 0:00,24.692806,1.001683846
6/3/2013 0:00,24.558739,0.994570605
7/3/2013 0:00,24.610237,1.002096932
8/3/2013 0:00,24.646317,1.001466057
11/3/2013 0:00,24.64007,0.999746534
12/3/2013 0:00,24.570614,0.997181177
13/3/2013 0:00,24.626715,1.002283256
14/3/2013 0:00,24.653448,1.001085528
15/3/2013 0:00,24.598078,0.997754067
18/3/2013 0:00,24.674446,1.003104633
19/3/2013 0:00,24.668001,0.999738799
20/3/2013 0:00,24.73937,1.002893181
21/3/2013 0:00,24.612783,0.994883176
22/3/2013 0:00,24.767874,1.006301238
25/3/2013 0:00,24.650061,0.995243314
26/3/2013 0:00,24.85169,1.008179655
27/3/2013 0:00,24.86717,1.000622895
28/3/2013 0:00,25.000803,1.005373872
29/3/2013 0:00,25.032488,1.001267359
31/3/2013 0:00,24.986141,0.998148526
1/4/2013 0:00,25.038584,1.002098884
2/4/2013 0:00,25.241978,1.008123223
3/4/2013 0:00,25.529707,1.011398829
4/4/2013 0:00,25.432732,0.996201484
7/4/2013 0:00,25.489151,1.002218362
8/4/2013 0:00,25.124697,0.985701603
9/4/2013 0:00,25.020018,0.995833621
10/4/2013 0:00,24.90328,0.995334216
11/4/2013 0:00,24.910633,1.000295262
14/4/2013 0:00,25.094732,1.007390378
15/4/2013 0:00,25.391685,1.01183328
16/4/2013 0:00,25.311777,0.996852986
17/4/2013 0:00,25.763821,1.017859039
18/4/2013 0:00,25.482738,0.989090011
21/4/2013 0:00,25.552574,1.002740522
22/4/2013 0:00,25.392702,0.993743409
23/4/2013 0:00,25.466129,1.002891658
24/4/2013 0:00,25.296661,0.993345357
25/4/2013 0:00,25.128532,0.993353708
28/4/2013 0:00,25.229704,1.00402618
29/4/2013 0:00,25.07312,0.993793665
30/4/2013 0:00,25.176685,1.004130519
1/5/2013 0:00,25.364161,1.007446413
2/5/2013 0:00,25.214386,0.994095015
5/5/2013 0:00,25.198708,0.999378212
6/5/2013 0:00,25.160151,0.998469882
7/5/2013 0:00,25.198362,1.001518711
8/5/2013 0:00,25.348198,1.00594626
9/5/2013 0:00,25.243292,0.995861402
12/5/2013 0:00,25.298597,1.002190879
13/5/2013 0:00,25.206583,0.996362881
14/5/2013 0:00,25.176027,0.998787777
15/5/2013 0:00,25.243452,1.002678143
16/5/2013 0:00,25.055405,0.992550662
19/5/2013 0:00,24.991924,0.997466375
20/5/2013 0:00,24.906452,0.996580015
21/5/2013 0:00,24.805214,0.99593527
22/5/2013 0:00,24.713697,0.996310574
23/5/2013 0:00,24.791058,1.003130288
26/5/2013 0:00,24.670641,0.995142724
27/5/2013 0:00,24.852633,1.007376865
28/5/2013 0:00,24.799526,0.997863124
29/5/2013 0:00,24.96401,1.006632546
30/5/2013 0:00,25.140091,1.007053394
2/6/2013 0:00,25.285124,1.005768993
3/6/2013 0:00,25.370356,1.003370836
4/6/2013 0:00,25.432035,1.002431144
5/6/2013 0:00,25.739172,1.012076776
6/6/2013 0:00,25.86208,1.004775134
9/6/2013 0:00,25.649523,0.991781133
10/6/2013 0:00,25.628952,0.999197997
11/6/2013 0:00,25.837439,1.008134823
12/6/2013 0:00,25.608067,0.991122495
13/6/2013 0:00,25.536198,0.997193502
16/6/2013 0:00,25.36582,0.993327981
17/6/2013 0:00,25.280066,0.996619309
18/6/2013 0:00,25.322042,1.001660439
19/6/2013 0:00,25.579407,1.010163675
20/6/2013 0:00,25.820299,1.009417419
23/6/2013 0:00,25.706434,0.995590098
24/6/2013 0:00,25.665594,0.998411293
25/6/2013 0:00,25.75465,1.003469859
26/6/2013 0:00,25.872961,1.004593772
27/6/2013 0:00,25.885897,1.000499981
30/6/2013 0:00,25.855198,0.998814065
1/7/2013 0:00,26.088428,1.009020623
2/7/2013 0:00,26.086672,0.99993269
3/7/2013 0:00,26.036564,0.998079172
4/7/2013 0:00,25.997252,0.998490123
7/7/2013 0:00,25.990646,0.999745896
8/7/2013 0:00,25.943142,0.998172266
9/7/2013 0:00,25.809605,0.994852705
10/7/2013 0:00,25.794355,0.999409135
11/7/2013 0:00,25.852608,1.002258362
14/7/2013 0:00,25.775618,0.997021964
15/7/2013 0:00,25.794388,1.000728208
16/7/2013 0:00,25.742113,0.997973396
17/7/2013 0:00,25.62612,0.995494037
18/7/2013 0:00,25.618876,0.99971732
21/7/2013 0:00,25.611362,0.999706701
22/7/2013 0:00,25.652061,1.001589099
23/7/2013 0:00,25.490534,0.993703157
24/7/2013 0:00,25.533554,1.001687685
25/7/2013 0:00,25.774055,1.009419018
28/7/2013 0:00,25.927849,1.005967008
29/7/2013 0:00,25.897844,0.99884275
30/7/2013 0:00,25.923342,1.000984561
31/7/2013 0:00,25.906734,0.999359342
1/8/2013 0:00,25.893658,0.999495266
4/8/2013 0:00,25.820623,0.997179425
5/8/2013 0:00,25.909128,1.003427686
6/8/2013 0:00,26.016327,1.004137499
7/8/2013 0:00,25.999556,0.999355366
8/8/2013 0:00,26.053652,1.002080651
11/8/2013 0:00,26.115492,1.002373564
12/8/2013 0:00,26.109924,0.999786793
13/8/2013 0:00,26.083414,0.998984677
14/8/2013 0:00,26.028151,0.997881297
15/8/2013 0:00,25.932348,0.996319254
18/8/2013 0:00,25.873266,0.997721687
19/8/2013 0:00,25.792004,0.996859229
20/8/2013 0:00,25.809235,1.000668075
21/8/2013 0:00,25.784084,0.999025504
22/8/2013 0:00,25.779467,0.999820936
25/8/2013 0:00,25.817501,1.00147536
26/8/2013 0:00,25.800114,0.999326542
27/8/2013 0:00,25.654469,0.99435487
28/8/2013 0:00,25.946526,1.011384254
29/8/2013 0:00,26.030184,1.003224247
1/9/2013 0:00,26.097717,1.002594411
2/9/2013 0:00,26.191971,1.00361158
3/9/2013 0:00,26.222092,1.001150009
4/9/2013 0:00,26.110094,0.995728869
5/9/2013 0:00,26.091707,0.99929579
8/9/2013 0:00,26.082642,0.999652572
9/9/2013 0:00,26.114668,1.001227866
10/9/2013 0:00,25.976114,0.994694399
11/9/2013 0:00,25.871351,0.995966949
12/9/2013 0:00,25.741133,0.99496671
15/9/2013 0:00,25.601091,0.994559602
16/9/2013 0:00,25.591833,0.999638375
17/9/2013 0:00,25.552628,0.998468066
18/9/2013 0:00,25.511278,0.998381771
19/9/2013 0:00,25.394066,0.995405483
22/9/2013 0:00,25.459808,1.002588873
23/9/2013 0:00,25.417933,0.998355251
24/9/2013 0:00,25.376156,0.998356397
25/9/2013 0:00,25.584658,1.008216453
26/9/2013 0:00,25.717201,1.005180566
29/9/2013 0:00,25.729593,1.000481856
30/9/2013 0:00,25.814898,1.003315443
1/10/2013 0:00,25.738607,0.997044691
2/10/2013 0:00,25.709068,0.998852347
3/10/2013 0:00,25.740677,1.001229488
6/10/2013 0:00,25.78801,1.001838841
8/10/2013 0:00,25.918123,1.005045484
9/10/2013 0:00,25.831879,0.996672444
10/10/2013 0:00,25.765223,0.997419622
13/10/2013 0:00,25.788618,1.000908007
14/10/2013 0:00,25.918104,1.005021052
15/10/2013 0:00,25.871492,0.998201566
16/10/2013 0:00,25.790722,0.996878031
17/10/2013 0:00,25.694115,0.996254196
20/10/2013 0:00,25.684671,0.999632445
21/10/2013 0:00,25.713423,1.001119423
22/10/2013 0:00,25.622053,0.996446603
23/10/2013 0:00,25.616285,0.999774881
24/10/2013 0:00,25.592966,0.999089681
28/10/2013 0:00,25.723835,1.005113475
29/10/2013 0:00,25.732773,1.00034746
30/10/2013 0:00,25.835194,1.003980177
31/10/2013 0:00,25.773336,0.997605669
1/11/2013 0:00,25.806599,1.001290597
4/11/2013 0:00,26.015945,1.008112111
5/11/2013 0:00,26.036659,1.000796204
6/11/2013 0:00,26.1141,1.002974306
7/11/2013 0:00,26.041378,0.997215221
8/11/2013 0:00,26.0273,0.999459399
11/11/2013 0:00,26.141401,1.004383897
12/11/2013 0:00,26.278448,1.005242527
13/11/2013 0:00,26.320982,1.001618589
14/11/2013 0:00,26.281477,0.998499106
15/11/2013 0:00,26.23782,0.998338868
18/11/2013 0:00,26.11145,0.99518367
19/11/2013 0:00,26.084908,0.998983511
20/11/2013 0:00,26.289518,1.007843999
21/11/2013 0:00,26.372858,1.003170085
22/11/2013 0:00,26.381586,1.000330946
25/11/2013 0:00,26.010674,0.985940497
26/11/2013 0:00,26.324118,1.012050591
27/11/2013 0:00,26.298851,0.999040158
28/11/2013 0:00,26.415728,1.004444187
29/11/2013 0:00,26.377401,0.998549084
2/12/2013 0:00,26.417515,1.001520772
3/12/2013 0:00,26.438946,1.000811242
4/12/2013 0:00,26.543894,1.003969447
5/12/2013 0:00,26.411854,0.995025598
6/12/2013 0:00,26.267252,0.99452511
9/12/2013 0:00,26.187181,0.99695168
10/12/2013 0:00,26.179516,0.9997073
11/12/2013 0:00,26.163218,0.999377452
12/12/2013 0:00,26.151093,0.999536563
13/12/2013 0:00,26.086874,0.997544309
16/12/2013 0:00,26.187059,1.003840437
17/12/2013 0:00,26.155651,0.998800629
18/12/2013 0:00,26.225782,1.002681294
19/12/2013 0:00,25.998224,0.991323119
20/12/2013 0:00,26.011009,1.000491764
23/12/2013 0:00,26.045494,1.001325785
24/12/2013 0:00,25.742651,0.988372538
25/12/2013 0:00,25.631474,0.995681214
26/12/2013 0:00,25.740328,1.004246888
27/12/2013 0:00,25.715256,0.999025964
30/12/2013 0:00,25.666054,0.998086661
31/12/2013 0:00,25.796144,1.005068563
1/1/2014 0:00,25.891579,1.003699584
2/1/2014 0:00,25.874798,0.999351874
3/1/2014 0:00,26.121944,1.009551611
6/1/2014 0:00,26.187374,1.002504791
7/1/2014 0:00,26.154259,0.998735459
8/1/2014 0:00,26.037016,0.99551725
9/1/2014 0:00,25.988234,0.998126437
10/1/2014 0:00,26.088383,1.003853629
13/1/2014 0:00,26.109894,1.000824543
14/1/2014 0:00,26.269947,1.006129975
15/1/2014 0:00,26.239279,0.998832582
16/1/2014 0:00,26.238668,0.999976714
17/1/2014 0:00,26.252466,1.000525865
20/1/2014 0:00,26.353863,1.00386238
21/1/2014 0:00,26.436707,1.003143524
22/1/2014 0:00,26.564234,1.004823861
23/1/2014 0:00,26.517878,0.998254947
24/1/2014 0:00,26.631123,1.004270515
27/1/2014 0:00,26.982576,1.013197078
28/1/2014 0:00,27.126354,1.00532855
29/1/2014 0:00,27.157898,1.001162854
30/1/2014 0:00,27.425913,1.009868768
31/1/2014 0:00,27.384373,0.998485374
3/2/2014 0:00,27.520277,1.00496283
4/2/2014 0:00,27.753086,1.008459544
5/2/2014 0:00,27.56785,0.993325571
6/2/2014 0:00,27.483946,0.996956455
7/2/2014 0:00,27.331732,0.994461712
10/2/2014 0:00,27.369865,1.001395191
11/2/2014 0:00,27.339487,0.998890093
12/2/2014 0:00,27.403505,1.002341595
13/2/2014 0:00,27.495495,1.00335687
14/2/2014 0:00,27.736231,1.008755471
17/2/2014 0:00,27.875774,1.005031073
18/2/2014 0:00,27.953236,1.002778829
19/2/2014 0:00,28.075384,1.004369727
20/2/2014 0:00,28.270597,1.006953173
21/2/2014 0:00,28.254642,0.999435633
24/2/2014 0:00,28.004751,0.991155754
25/2/2014 0:00,28.10788,1.003682554
26/2/2014 0:00,28.233011,1.004451812
27/2/2014 0:00,28.442883,1.007433568
28/2/2014 0:00,28.464128,1.000746936
3/3/2014 0:00,28.366398,0.996566556
4/3/2014 0:00,28.656282,1.010219274
5/3/2014 0:00,28.378513,0.990306872
6/3/2014 0:00,28.38192,1.000120056
7/3/2014 0:00,28.56868,1.006580245
10/3/2014 0:00,28.731508,1.005699528
11/3/2014 0:00,28.69244,0.998640238
12/3/2014 0:00,28.745159,1.001837383
13/3/2014 0:00,28.760767,1.000542978
14/3/2014 0:00,28.825922,1.002265412
17/3/2014 0:00,28.875069,1.001704958
18/3/2014 0:00,28.625551,0.991358705
19/3/2014 0:00,28.674192,1.001699216
20/3/2014 0:00,28.3995,0.990420236
21/3/2014 0:00,28.41304,1.000476769
24/3/2014 0:00,28.442482,1.001036214
25/3/2014 0:00,28.396328,0.998377286
26/3/2014 0:00,28.003723,0.986174093
27/3/2014 0:00,28.035799,1.001145419
28/3/2014 0:00,28.139036,1.003682328
30/3/2014 0:00,28.231157,1.00327378
31/3/2014 0:00,27.931486,0.989385097
1/4/2014 0:00,27.787657,0.99485065
2/4/2014 0:00,28.075449,1.010356829
3/4/2014 0:00,28.132259,1.002023476
6/4/2014 0:00,27.763437,0.986889713
7/4/2014 0:00,28.228184,1.016739534
8/4/2014 0:00,28.493811,1.009409993
9/4/2014 0:00,28.467833,0.999088293
10/4/2014 0:00,28.453375,0.999492129
13/4/2014 0:00,28.514378,1.002143964
14/4/2014 0:00,28.668209,1.005394857
15/4/2014 0:00,28.866932,1.006931825
16/4/2014 0:00,28.794477,0.997490035
17/4/2014 0:00,28.283802,0.982264828
20/4/2014 0:00,28.281719,0.999926354
21/4/2014 0:00,28.4613,1.00634972
22/4/2014 0:00,28.3972,0.997747819
23/4/2014 0:00,28.410711,1.000475786
24/4/2014 0:00,28.403212,0.99973605
27/4/2014 0:00,28.669571,1.009377777
28/4/2014 0:00,28.518579,0.994733371
29/4/2014 0:00,28.37623,0.995008552
30/4/2014 0:00,28.408119,1.001123793
1/5/2014 0:00,28.220526,0.9933965
4/5/2014 0:00,28.505138,1.010085283
5/5/2014 0:00,28.537584,1.001138251
6/5/2014 0:00,28.392519,0.994916704
7/5/2014 0:00,27.925953,0.983567291
8/5/2014 0:00,28.087046,1.005768577
11/5/2014 0:00,28.160503,1.002615334
12/5/2014 0:00,27.986498,0.993820956
13/5/2014 0:00,27.78788,0.992903078
14/5/2014 0:00,27.677206,0.996017184
15/5/2014 0:00,27.750463,1.002646835
18/5/2014 0:00,27.724661,0.999070214
19/5/2014 0:00,27.602993,0.99561156
20/5/2014 0:00,27.53314,0.997469369
21/5/2014 0:00,27.38501,0.994619938
22/5/2014 0:00,27.419594,1.001262881
25/5/2014 0:00,27.181023,0.991299251
26/5/2014 0:00,27.268038,1.003201314
27/5/2014 0:00,27.356989,1.003262098
28/5/2014 0:00,27.496477,1.005098807
29/5/2014 0:00,27.607803,1.004048737
1/6/2014 0:00,27.794636,1.006767398
2/6/2014 0:00,27.751509,0.99844837
3/6/2014 0:00,27.893042,1.005100011
4/6/2014 0:00,27.781002,0.995983228
5/6/2014 0:00,27.68289,0.996468378
8/6/2014 0:00,27.487637,0.992946799
9/6/2014 0:00,27.430172,0.997909424
10/6/2014 0:00,27.441019,1.00039544
11/6/2014 0:00,27.467165,1.000952807
12/6/2014 0:00,27.517189,1.001821229
15/6/2014 0:00,27.476055,0.998505153
16/6/2014 0:00,27.663637,1.006827108
17/6/2014 0:00,27.773901,1.003985882
18/6/2014 0:00,27.493773,0.989913984
19/6/2014 0:00,27.489956,0.999861169
22/6/2014 0:00,27.562769,1.002648713
23/6/2014 0:00,27.306898,0.990716789
24/6/2014 0:00,27.028984,0.989822572
25/6/2014 0:00,27.023705,0.999804691
26/6/2014 0:00,26.90201,0.995496731
29/6/2014 0:00,26.98802,1.003197159
30/6/2014 0:00,27.146652,1.005877867
1/7/2014 0:00,27.556934,1.01511354
2/7/2014 0:00,27.492847,0.997674378
3/7/2014 0:00,27.386944,0.99614798
6/7/2014 0:00,27.573606,1.006815729
7/7/2014 0:00,27.593174,1.000709664
8/7/2014 0:00,27.515511,0.997185427
9/7/2014 0:00,27.101662,0.984959429
10/7/2014 0:00,27.300634,1.00734169
13/7/2014 0:00,27.550632,1.009157223
14/7/2014 0:00,27.648718,1.003560209
15/7/2014 0:00,27.629591,0.999308214
16/7/2014 0:00,27.87167,1.008761585
17/7/2014 0:00,28.262814,1.014033748
20/7/2014 0:00,28.263149,1.000011853
21/7/2014 0:00,28.357965,1.003354757
22/7/2014 0:00,28.172194,0.993449072
23/7/2014 0:00,28.122957,0.998252284
24/7/2014 0:00,28.2432,1.004275617
27/7/2014 0:00,28.280191,1.001309731
28/7/2014 0:00,28.660006,1.013430426
29/7/2014 0:00,28.65423,0.999798465
30/7/2014 0:00,28.570051,0.997062249
31/7/2014 0:00,28.559828,0.999642178
3/8/2014 0:00,28.655123,1.00333668
4/8/2014 0:00,28.644781,0.999639087
5/8/2014 0:00,28.853109,1.007272808
6/8/2014 0:00,28.908527,1.001920694
7/8/2014 0:00,28.977575,1.002388499
10/8/2014 0:00,28.889849,0.996972625
11/8/2014 0:00,28.713598,0.993899207
12/8/2014 0:00,28.903122,1.006600496
13/8/2014 0:00,28.824398,0.99727628
14/8/2014 0:00,28.88673,1.002162474
17/8/2014 0:00,28.961906,1.002602441
18/8/2014 0:00,28.933155,0.999007282
19/8/2014 0:00,28.977638,1.00153744
20/8/2014 0:00,28.897711,0.99724177
21/8/2014 0:00,28.780443,0.995941962
24/8/2014 0:00,28.824492,1.001530518
25/8/2014 0:00,28.816973,0.999739145
26/8/2014 0:00,28.815754,0.999957699
27/8/2014 0:00,28.95817,1.004942296
28/8/2014 0:00,29.310892,1.012180397
31/8/2014 0:00,29.576181,1.009050868
1/9/2014 0:00,29.841066,1.008956024
2/9/2014 0:00,29.859989,1.000634126
3/9/2014 0:00,29.382561,0.984011113
4/9/2014 0:00,29.358479,0.999180398
7/9/2014 0:00,29.429802,1.002429383
8/9/2014 0:00,29.33585,0.99680759
9/9/2014 0:00,29.343279,1.00025324
10/9/2014 0:00,29.517897,1.005950869
11/9/2014 0:00,29.597795,1.002706765
14/9/2014 0:00,29.855673,1.008712744
15/9/2014 0:00,30.33304,1.015989156
16/9/2014 0:00,30.387506,1.0017956
17/9/2014 0:00,30.235701,0.995004361
18/9/2014 0:00,30.253805,1.000598762
21/9/2014 0:00,30.289982,1.001195783
22/9/2014 0:00,30.442694,1.005041667
23/9/2014 0:00,30.39328,0.998376819
24/9/2014 0:00,30.081703,0.98974849
25/9/2014 0:00,30.305098,1.007426275
28/9/2014 0:00,30.623667,1.01051206
29/9/2014 0:00,30.86096,1.00774868
30/9/2014 0:00,31.005848,1.004694864
1/10/2014 0:00,31.203577,1.006377152
2/10/2014 0:00,31.046055,0.994951797
5/10/2014 0:00,31.290297,1.007867086
6/10/2014 0:00,31.121895,0.994618076
7/10/2014 0:00,31.149738,1.000894643
8/10/2014 0:00,31.37871,1.007350688
9/10/2014 0:00,31.462557,1.002672098
12/10/2014 0:00,31.657356,1.006191455
13/10/2014 0:00,31.786263,1.004071945
14/10/2014 0:00,32.045483,1.008155095
15/10/2014 0:00,31.819876,0.992959788
16/10/2014 0:00,31.952677,1.004173523
19/10/2014 0:00,31.877594,0.997650181
20/10/2014 0:00,32.235241,1.011219385
21/10/2014 0:00,32.127117,0.996645783
22/10/2014 0:00,32.464729,1.01050863
23/10/2014 0:00,32.636665,1.005296086
27/10/2014 0:00,32.826267,1.005809478
28/10/2014 0:00,33.130234,1.009259871
29/10/2014 0:00,33.330082,1.006032194
30/10/2014 0:00,33.641338,1.009338591
31/10/2014 0:00,32.107883,0.954417538
3/11/2014 0:00,33.376488,1.039510702
4/11/2014 0:00,33.607159,1.006911183
5/11/2014 0:00,33.952698,1.010281708
6/11/2014 0:00,34.637749,1.020176629
7/11/2014 0:00,36.188301,1.044764803
10/11/2014 0:00,36.026917,0.995540437
11/11/2014 0:00,35.767147,0.992789558
12/11/2014 0:00,35.951687,1.005159483
13/11/2014 0:00,35.578793,0.989627914
14/11/2014 0:00,36.122997,1.015295741
17/11/2014 0:00,36.39835,1.007622651
18/11/2014 0:00,36.287807,0.996962967
19/11/2014 0:00,36.093525,0.99464608
20/11/2014 0:00,35.946018,0.9959132
21/11/2014 0:00,35.464947,0.986616849
24/11/2014 0:00,35.16441,0.991525802
25/11/2014 0:00,34.53561,0.982118284
26/11/2014 0:00,35.596653,1.030723158
27/11/2014 0:00,36.523457,1.026036268
28/11/2014 0:00,37.889896,1.037412641
1/12/2014 0:00,38.461098,1.015075312
2/12/2014 0:00,38.998726,1.013978488
3/12/2014 0:00,41.089985,1.053623777
4/12/2014 0:00,40.457241,0.984601017
5/12/2014 0:00,41.338493,1.021782306
8/12/2014 0:00,39.84734,0.963928221
9/12/2014 0:00,40.767578,1.023094089
10/12/2014 0:00,41.08839,1.007869293
11/12/2014 0:00,41.906357,1.019907497
12/12/2014 0:00,41.583313,0.992291289
15/12/2014 0:00,44.379784,1.067249836
16/12/2014 0:00,49.951576,1.125547975
17/12/2014 0:00,52.226086,1.045534299
18/12/2014 0:00,49.554901,0.948853433
19/12/2014 0:00,47.204147,0.952562634
22/12/2014 0:00,44.746689,0.947939786
23/12/2014 0:00,42.32856,0.945959599
24/12/2014 0:00,41.21331,0.973652541
25/12/2014 0:00,40.89616,0.992304671
26/12/2014 0:00,38.698261,0.946256592
29/12/2014 0:00,40.406063,1.044131234
30/12/2014 0:00,43.681549,1.08106422
31/12/2014 0:00,42.805035,0.979933999
1/1/2015 0:00,45.849384,1.071121283
2/1/2015 0:00,44.059437,0.960960282
5/1/2015 0:00,44.032227,0.999382425
6/1/2015 0:00,45.590946,1.035399504
7/1/2015 0:00,47.345615,1.038487225
8/1/2015 0:00,46.849529,0.989522029
9/1/2015 0:00,45.039322,0.961361255
12/1/2015 0:00,46.145988,1.024571107
13/1/2015 0:00,47.331005,1.025679741
14/1/2015 0:00,48.883736,1.03280579
15/1/2015 0:00,48.022999,0.98239216
16/1/2015 0:00,48.86451,1.017523083
19/1/2015 0:00,49.188236,1.006624972
20/1/2015 0:00,48.612072,0.988286549
21/1/2015 0:00,48.548477,0.998691786
22/1/2015 0:00,48.872345,1.006671023
23/1/2015 0:00,47.994179,0.982031433
26/1/2015 0:00,47.538414,0.990503744
27/1/2015 0:00,50.473019,1.061731235
28/1/2015 0:00,50.739189,1.005273511
29/1/2015 0:00,50.079414,0.986996737
30/1/2015 0:00,50.812813,1.01464472
2/2/2015 0:00,51.799885,1.019425652
3/2/2015 0:00,50.558849,0.976041723
4/2/2015 0:00,48.351151,0.956334093
5/2/2015 0:00,50.263687,1.039555129
6/2/2015 0:00,49.370708,0.982234113
9/2/2015 0:00,49.50597,1.002739722
10/2/2015 0:00,48.521133,0.980106702
11/2/2015 0:00,48.211849,0.993625788
12/2/2015 0:00,47.8218,0.991909686
13/2/2015 0:00,48.137573,1.006603118
16/2/2015 0:00,46.749393,0.971162235
17/2/2015 0:00,46.484119,0.994325616
18/2/2015 0:00,46.995529,1.011001822
19/2/2015 0:00,45.430424,0.966696726
20/2/2015 0:00,45.542534,1.00246773
23/2/2015 0:00,45.324905,0.995221412
24/2/2015 0:00,46.763618,1.031742218
25/2/2015 0:00,46.22044,0.988384603
26/2/2015 0:00,45.414249,0.982557695
27/2/2015 0:00,45.064537,0.992299509
2/3/2015 0:00,44.824253,0.994668002
3/3/2015 0:00,45.884186,1.023646417
4/3/2015 0:00,45.409157,0.989647217
5/3/2015 0:00,45.233742,0.996137013
6/3/2015 0:00,44.4412,0.982478964
9/3/2015 0:00,43.792023,0.985392451
10/3/2015 0:00,44.009129,1.004957661
11/3/2015 0:00,44.680401,1.015253017
12/3/2015 0:00,44.943501,1.005888488
13/3/2015 0:00,44.372974,0.987305684
16/3/2015 0:00,44.795155,1.009514372
17/3/2015 0:00,44.809319,1.000316195
18/3/2015 0:00,44.230495,0.987082508
19/3/2015 0:00,43.072292,0.973814379
20/3/2015 0:00,43.304047,1.005380605
23/3/2015 0:00,42.994011,0.992840484
24/3/2015 0:00,42.922424,0.998334954
25/3/2015 0:00,42.219952,0.983633916
26/3/2015 0:00,41.888321,0.992145159
27/3/2015 0:00,41.844948,0.998964556
29/3/2015 0:00,42.260361,1.009927435
30/3/2015 0:00,41.813255,0.989420204
31/3/2015 0:00,42.345951,1.012739884
1/4/2015 0:00,42.229267,0.997244506
2/4/2015 0:00,41.672314,0.986811208
5/4/2015 0:00,42.043163,1.00889917
6/4/2015 0:00,40.88044,0.97234454
7/4/2015 0:00,40.386215,0.987910477
8/4/2015 0:00,39.561501,0.979579319
9/4/2015 0:00,38.250076,0.96685098
12/4/2015 0:00,38.193192,0.99851284
13/4/2015 0:00,37.966961,0.994076667
14/4/2015 0:00,37.483276,0.987260371
15/4/2015 0:00,36.714245,0.979483357
16/4/2015 0:00,36.832756,1.00322793
19/4/2015 0:00,38.721088,1.051267736
20/4/2015 0:00,39.584351,1.022294389
21/4/2015 0:00,39.644085,1.001509031
22/4/2015 0:00,38.436424,0.969537423
23/4/2015 0:00,37.835747,0.984372193
26/4/2015 0:00,38.16925,1.008814495
27/4/2015 0:00,39.10714,1.024571874
28/4/2015 0:00,38.769981,0.991378582
29/4/2015 0:00,38.592018,0.995409773
30/4/2015 0:00,38.969425,1.009779406
3/5/2015 0:00,38.617535,0.9909701
4/5/2015 0:00,39.016052,1.010319587
5/5/2015 0:00,37.952133,0.972731249
6/5/2015 0:00,38.465206,1.01351895
7/5/2015 0:00,37.717823,0.980569895
10/5/2015 0:00,38.277187,1.01483023
11/5/2015 0:00,38.263271,0.999636441
12/5/2015 0:00,37.464306,0.979119271
13/5/2015 0:00,37.19413,0.992788442
14/5/2015 0:00,37.932026,1.019839044
17/5/2015 0:00,37.43808,0.986978128
18/5/2015 0:00,36.964283,0.987344517
19/5/2015 0:00,37.087109,1.003322829
20/5/2015 0:00,37.049728,0.998992076
21/5/2015 0:00,37.377369,1.008843277
24/5/2015 0:00,37.366787,0.999716888
25/5/2015 0:00,37.225853,0.996228362
26/5/2015 0:00,37.724335,1.013390748
27/5/2015 0:00,38.474918,1.01989652
28/5/2015 0:00,38.960751,1.012627265
31/5/2015 0:00,38.783047,0.995438897
1/6/2015 0:00,39.480167,1.017974864
2/6/2015 0:00,39.089615,0.990107641
3/6/2015 0:00,40.375801,1.032903522
4/6/2015 0:00,41.801914,1.035320983
7/6/2015 0:00,41.407528,0.99056536
8/6/2015 0:00,41.318588,0.997852081
9/6/2015 0:00,41.103142,0.994785737
10/6/2015 0:00,40.419827,0.983375602
11/6/2015 0:00,40.6534,1.005778674
14/6/2015 0:00,40.90852,1.00627549
15/6/2015 0:00,40.480293,0.989532083
16/6/2015 0:00,39.951607,0.98693967
17/6/2015 0:00,40.166142,1.005369872
18/6/2015 0:00,39.897186,0.993303913
21/6/2015 0:00,40.499119,1.015087104
22/6/2015 0:00,40.368038,0.996763362
23/6/2015 0:00,40.109806,0.993603058
24/6/2015 0:00,40.575161,1.011602026
25/6/2015 0:00,40.71909,1.003547219
28/6/2015 0:00,40.458618,0.993603197
29/6/2015 0:00,41.317616,1.021231521
30/6/2015 0:00,40.978699,0.991797276
1/7/2015 0:00,41.243263,1.006456135
2/7/2015 0:00,41.14489,0.99761481
5/7/2015 0:00,41.400372,1.006209325
6/7/2015 0:00,42.119007,1.017358177
7/7/2015 0:00,41.813122,0.992737602
8/7/2015 0:00,42.542957,1.017454688
9/7/2015 0:00,42.397381,0.996578141
12/7/2015 0:00,41.636135,0.982044976
13/7/2015 0:00,41.610115,0.999375062
14/7/2015 0:00,41.472828,0.996700634
15/7/2015 0:00,41.628231,1.003747104
16/7/2015 0:00,41.657211,1.000696162
19/7/2015 0:00,41.597874,0.998575589
20/7/2015 0:00,41.523773,0.998218635
21/7/2015 0:00,41.745506,1.005339905
22/7/2015 0:00,41.850689,1.002519625
23/7/2015 0:00,42.244259,1.009404146
26/7/2015 0:00,42.52314,1.006601631
27/7/2015 0:00,43.513477,1.023289367
28/7/2015 0:00,43.942005,1.009848167
29/7/2015 0:00,42.728428,0.972382303
30/7/2015 0:00,43.41552,1.016080442
2/8/2015 0:00,44.894157,1.034057798
3/8/2015 0:00,46.101349,1.026889735
4/8/2015 0:00,45.677933,0.99081554
5/8/2015 0:00,45.805573,1.002794347
6/8/2015 0:00,46.604076,1.017432442
9/8/2015 0:00,46.573444,0.999342718
10/8/2015 0:00,45.499268,0.976935869
11/8/2015 0:00,45.734463,1.005169204
12/8/2015 0:00,45.833595,1.002167556
13/8/2015 0:00,46.190746,1.007792341
16/8/2015 0:00,46.135864,0.99881184
17/8/2015 0:00,46.470188,1.00724651
18/8/2015 0:00,46.85408,1.008261038
19/8/2015 0:00,47.458378,1.012897447
20/8/2015 0:00,48.557457,1.023158798
23/8/2015 0:00,48.885513,1.006756037
24/8/2015 0:00,50.173744,1.026351999
25/8/2015 0:00,49.372559,0.984031788
26/8/2015 0:00,49.050034,0.993467525
27/8/2015 0:00,47.204952,0.962383675
30/8/2015 0:00,46.340061,0.98167796
31/8/2015 0:00,45.593349,0.983886253
1/9/2015 0:00,47.04142,1.031760575
2/9/2015 0:00,47.181141,1.00297017
3/9/2015 0:00,47.417759,1.005015097
6/9/2015 0:00,48.044979,1.013227534
7/9/2015 0:00,48.465076,1.008743827
8/9/2015 0:00,47.897514,0.988289258
9/9/2015 0:00,48.159348,1.005466547
10/9/2015 0:00,47.904667,0.994711702
13/9/2015 0:00,47.99535,1.001892989
14/9/2015 0:00,48.056126,1.001266289
15/9/2015 0:00,47.619812,0.990920741
16/9/2015 0:00,46.722103,0.981148414
17/9/2015 0:00,46.830578,1.002321706
20/9/2015 0:00,47.446301,1.013147884
22/9/2015 0:00,46.433861,0.97866135
23/9/2015 0:00,46.299606,0.997108683
24/9/2015 0:00,46.386906,1.001885545
27/9/2015 0:00,45.907951,0.98967478
28/9/2015 0:00,46.167477,1.005653182
29/9/2015 0:00,46.032166,0.997069127
30/9/2015 0:00,45.93335,0.997853327
1/10/2015 0:00,45.87606,0.998752758
4/10/2015 0:00,46.081863,1.004486065
5/10/2015 0:00,45.600735,0.989559276
6/10/2015 0:00,44.616764,0.978422036
7/10/2015 0:00,44.09827,0.988378942
8/10/2015 0:00,43.68187,0.990557453
11/10/2015 0:00,44.09251,1.009400696
12/10/2015 0:00,44.413734,1.007285228
13/10/2015 0:00,44.971268,1.012553189
14/10/2015 0:00,45.405243,1.00965005
15/10/2015 0:00,44.459099,0.97916223
18/10/2015 0:00,44.233631,0.994928642
19/10/2015 0:00,44.904835,1.015174065
20/10/2015 0:00,44.60635,0.993352943
21/10/2015 0:00,45.190559,1.013096992
22/10/2015 0:00,44.830738,0.992037695
26/10/2015 0:00,44.630268,0.995528291
27/10/2015 0:00,45.227249,1.013376146
28/10/2015 0:00,46.856419,1.036021868
29/10/2015 0:00,45.599136,0.973167326
30/10/2015 0:00,45.760117,1.003530352
2/11/2015 0:00,45.797058,1.000807275
3/11/2015 0:00,45.489655,0.993287713
4/11/2015 0:00,44.862614,0.986215745
5/11/2015 0:00,44.959236,1.002153731
6/11/2015 0:00,44.261002,0.98446962
9/11/2015 0:00,45.318932,1.02390208
10/11/2015 0:00,45.422581,1.002287102
11/11/2015 0:00,45.340008,0.998182116
12/11/2015 0:00,46.079063,1.016300284
13/11/2015 0:00,46.872841,1.017226435
16/11/2015 0:00,46.886951,1.000301027
17/11/2015 0:00,45.76215,0.976010362
18/11/2015 0:00,45.578213,0.995980587
19/11/2015 0:00,45.655849,1.001703358
20/11/2015 0:00,45.675522,1.000430898
23/11/2015 0:00,45.737988,1.001367603
24/11/2015 0:00,46.604492,1.018944952
25/11/2015 0:00,46.434654,0.996355759
26/11/2015 0:00,46.679958,1.005282779
27/11/2015 0:00,46.57275,0.99770334
30/11/2015 0:00,47.004704,1.009274823
1/12/2015 0:00,47.094952,1.001919978
2/12/2015 0:00,47.388443,1.006231899
3/12/2015 0:00,47.746899,1.007564207
4/12/2015 0:00,48.414303,1.013977955
7/12/2015 0:00,48.686806,1.005628564
8/12/2015 0:00,49.315052,1.012903824
9/12/2015 0:00,49.232738,0.998330854
10/12/2015 0:00,49.365135,1.002689207
11/12/2015 0:00,47.156895,0.955267214
14/12/2015 0:00,49.688606,1.053686974
15/12/2015 0:00,50.095161,1.008182057
16/12/2015 0:00,50.159039,1.001275133
17/12/2015 0:00,49.630253,0.989457812
18/12/2015 0:00,50.016575,1.007784002
21/12/2015 0:00,50.222706,1.004121254
22/12/2015 0:00,50.332874,1.002193589
23/12/2015 0:00,50.788181,1.009045917
24/12/2015 0:00,49.496948,0.974576113
25/12/2015 0:00,49.516693,1.000398913
28/12/2015 0:00,50.016735,1.010098453
29/12/2015 0:00,51.304195,1.025740585
30/12/2015 0:00,51.134636,0.996695027
31/12/2015 0:00,51.769848,1.012422343
1/1/2016 0:00,51.596584,0.996653187
4/1/2016 0:00,51.744804,1.002872671
5/1/2016 0:00,51.277328,0.99096574
6/1/2016 0:00,51.915241,1.012440449
7/1/2016 0:00,51.950359,1.000676449
8/1/2016 0:00,52.058765,1.002086723
11/1/2016 0:00,51.814316,0.995304364
12/1/2016 0:00,52.976723,1.022434089
13/1/2016 0:00,53.252197,1.005199906
14/1/2016 0:00,52.986774,0.995015736
15/1/2016 0:00,53.1096,1.00231805
18/1/2016 0:00,53.972569,1.016248833
19/1/2016 0:00,55.172031,1.022223548
20/1/2016 0:00,54.70903,0.991608049
21/1/2016 0:00,56.941231,1.040801327
22/1/2016 0:00,57.840576,1.015794267
25/1/2016 0:00,54.837948,0.948087861
26/1/2016 0:00,55.791588,1.017390147
27/1/2016 0:00,54.840137,0.982946336
28/1/2016 0:00,54.344849,0.990968513
29/1/2016 0:00,53.630478,0.986854854
1/2/2016 0:00,52.963028,0.987554651
2/2/2016 0:00,54.284969,1.024959695
3/2/2016 0:00,55.752552,1.027034795
4/2/2016 0:00,54.303402,0.974007468
5/2/2016 0:00,54.958191,1.012057974
8/2/2016 0:00,54.889618,0.99875227
9/2/2016 0:00,56.113964,1.022305602
10/2/2016 0:00,56.953735,1.014965455
11/2/2016 0:00,56.340355,0.989230206
12/2/2016 0:00,57.401974,1.018842959
15/2/2016 0:00,56.071083,0.976814543
16/2/2016 0:00,55.412956,0.988262631
17/2/2016 0:00,55.373692,0.999291429
18/2/2016 0:00,53.300869,0.962566646
19/2/2016 0:00,54.398552,1.020594092
22/2/2016 0:00,55.009674,1.011234159
23/2/2016 0:00,55.284431,1.004994703
24/2/2016 0:00,54.046375,0.977605702
25/2/2016 0:00,53.923485,0.997726212
26/2/2016 0:00,53.668564,0.995272542
29/2/2016 0:00,54.187191,1.009663515
1/3/2016 0:00,52.976906,0.97766474
2/3/2016 0:00,52.307365,0.987361644
3/3/2016 0:00,52.441177,1.002558187
4/3/2016 0:00,52.61377,1.003291173
7/3/2016 0:00,53.096893,1.009182444
8/3/2016 0:00,52.984882,0.997890442
9/3/2016 0:00,51.864361,0.978852062
10/3/2016 0:00,51.362907,0.990331434
11/3/2016 0:00,51.538227,1.003413358
14/3/2016 0:00,50.893665,0.987493516
15/3/2016 0:00,51.048061,1.003033698
16/3/2016 0:00,51.469734,1.008260314
17/3/2016 0:00,51.105759,0.992928368
18/3/2016 0:00,50.423031,0.986640879
21/3/2016 0:00,50.319241,0.997941615
22/3/2016 0:00,49.864796,0.990968763
23/3/2016 0:00,49.437626,0.991433435
24/3/2016 0:00,50.262589,1.016686946
25/3/2016 0:00,50.104847,0.996861642
27/3/2016 0:00,49.723835,0.992395706
28/3/2016 0:00,49.996349,1.005480551
29/3/2016 0:00,50.252869,1.005130775
30/3/2016 0:00,50.092518,0.996809118
31/3/2016 0:00,49.69331,0.992030586
3/4/2016 0:00,50.044113,1.007059361
4/4/2016 0:00,50.750351,1.014112309
5/4/2016 0:00,50.727146,0.999542762
6/4/2016 0:00,50.406368,0.993676404
7/4/2016 0:00,50.284569,0.997583658
10/4/2016 0:00,49.761486,0.989597544
11/4/2016 0:00,49.671463,0.99819091
12/4/2016 0:00,48.517708,0.976772277
13/4/2016 0:00,48.870621,1.007273901
14/4/2016 0:00,48.389702,0.990159343
17/4/2016 0:00,48.849289,1.00949762
18/4/2016 0:00,49.224045,1.007671678
19/4/2016 0:00,49.21817,0.999880648
20/4/2016 0:00,48.87442,0.993015791
21/4/2016 0:00,49.398636,1.010725774
24/4/2016 0:00,49.301025,0.998024014
25/4/2016 0:00,49.229675,0.998552768
26/4/2016 0:00,48.669392,0.988618999
27/4/2016 0:00,48.290802,0.992221189
28/4/2016 0:00,48.023922,0.994473482
1/5/2016 0:00,48.046436,1.000468808
2/5/2016 0:00,48.135635,1.001856516
3/5/2016 0:00,49.098686,1.020007028
4/5/2016 0:00,49.046459,0.998936285
5/5/2016 0:00,48.578159,0.99045191
8/5/2016 0:00,48.378853,0.99589721
9/5/2016 0:00,48.320553,0.998794928
10/5/2016 0:00,48.309429,0.999769787
11/5/2016 0:00,47.579163,0.984883572
12/5/2016 0:00,47.211929,0.992281621
15/5/2016 0:00,47.699944,1.010336688
16/5/2016 0:00,47.381683,0.993327854
17/5/2016 0:00,47.222569,0.996641867
18/5/2016 0:00,47.586136,1.007699009
19/5/2016 0:00,48.37587,1.016595884
22/5/2016 0:00,48.404736,1.000596702
23/5/2016 0:00,48.447281,1.000878943
24/5/2016 0:00,48.064678,0.992102694
25/5/2016 0:00,47.465145,0.987526537
26/5/2016 0:00,47.923958,1.009666314
29/5/2016 0:00,47.934437,1.000218659
30/5/2016 0:00,47.612797,0.993290002
31/5/2016 0:00,48.515717,1.018963809
1/6/2016 0:00,48.58197,1.001365599
2/6/2016 0:00,48.753181,1.003524168
5/6/2016 0:00,48.327591,0.991270518
6/6/2016 0:00,48.134808,0.996010912
7/6/2016 0:00,47.814247,0.993340349
8/6/2016 0:00,47.33136,0.989900772
9/6/2016 0:00,47.410011,1.00166171
12/6/2016 0:00,47.9809,1.012041529
13/6/2016 0:00,48.437759,1.009521685
14/6/2016 0:00,48.730831,1.006050486
15/6/2016 0:00,48.313366,0.991433247
16/6/2016 0:00,48.688038,1.007755038
19/6/2016 0:00,48.137684,0.98869632
20/6/2016 0:00,47.855743,0.994143029
21/6/2016 0:00,47.619259,0.995058399
22/6/2016 0:00,48.424694,1.01691406
23/6/2016 0:00,47.454788,0.979970839
26/6/2016 0:00,48.109161,1.013789399
27/6/2016 0:00,48.022205,0.998192527
28/6/2016 0:00,47.347603,0.98595229
29/6/2016 0:00,47.391834,1.000934176
30/6/2016 0:00,47.478363,1.001825821
3/7/2016 0:00,47.404251,0.998439036
4/7/2016 0:00,47.401569,0.999943423
5/7/2016 0:00,47.632603,1.004873974
6/7/2016 0:00,47.595947,0.999230443
7/7/2016 0:00,47.927059,1.006956727
10/7/2016 0:00,47.426407,0.989553876
11/7/2016 0:00,47.498871,1.001527925
12/7/2016 0:00,47.366272,0.997208376
13/7/2016 0:00,47.383339,1.00036032
14/7/2016 0:00,46.80418,0.987777159
17/7/2016 0:00,47.019176,1.004593521
18/7/2016 0:00,46.568802,0.990421483
19/7/2016 0:00,46.995388,1.009160339
20/7/2016 0:00,47.013397,1.000383208
21/7/2016 0:00,47.535984,1.011115704
24/7/2016 0:00,47.699123,1.003431905
25/7/2016 0:00,48.038761,1.007120424
26/7/2016 0:00,48.455036,1.008665398
27/7/2016 0:00,48.776104,1.006626102
28/7/2016 0:00,49.221203,1.00912535
31/7/2016 0:00,49.163689,0.99883152
1/8/2016 0:00,49.858093,1.014124327
2/8/2016 0:00,49.760185,0.998036267
3/8/2016 0:00,49.341122,0.991578347
4/8/2016 0:00,48.973351,0.992546359
7/8/2016 0:00,48.635471,0.993100738
8/8/2016 0:00,47.982647,0.986577204
9/8/2016 0:00,48.173054,1.003968247
10/8/2016 0:00,48.426693,1.005265163
11/8/2016 0:00,47.894073,0.98900152
14/8/2016 0:00,47.834114,0.998748091
15/8/2016 0:00,47.661655,0.996394644
16/8/2016 0:00,47.665375,1.00007805
17/8/2016 0:00,47.611706,0.998874046
18/8/2016 0:00,47.504704,0.997752612
21/8/2016 0:00,47.251976,0.994679937
22/8/2016 0:00,47.959,1.014962845
23/8/2016 0:00,47.80727,0.996836256
24/8/2016 0:00,48.042664,1.004923812
25/8/2016 0:00,47.925575,0.997562812
28/8/2016 0:00,47.563908,0.99245357
29/8/2016 0:00,47.557735,0.999870217
30/8/2016 0:00,47.907707,1.007358887
31/8/2016 0:00,47.937069,1.000612887
1/9/2016 0:00,48.440575,1.010503479
4/9/2016 0:00,47.932728,0.989516082
5/9/2016 0:00,47.7738,0.996684353
6/9/2016 0:00,47.904449,1.002734742
7/9/2016 0:00,47.650131,0.99469114
8/9/2016 0:00,47.391006,0.994561925
11/9/2016 0:00,47.469536,1.001657065
12/9/2016 0:00,47.723663,1.005353476
13/9/2016 0:00,47.818207,1.001981072
14/9/2016 0:00,47.79837,0.999585158
15/9/2016 0:00,47.372101,0.991081934
18/9/2016 0:00,47.564774,1.004067225
19/9/2016 0:00,47.43169,0.997202047
20/9/2016 0:00,47.561359,1.002733805
21/9/2016 0:00,47.202343,0.992451519
22/9/2016 0:00,46.933105,0.994296088
25/9/2016 0:00,47.110676,1.003783491
26/9/2016 0:00,46.942223,0.996424314
27/9/2016 0:00,46.993637,1.001095261
28/9/2016 0:00,46.429508,0.98799563
29/9/2016 0:00,46.225327,0.995602344
2/10/2016 0:00,46.080933,0.996876301
3/10/2016 0:00,45.635651,0.990336958
4/10/2016 0:00,45.727261,1.002007422
5/10/2016 0:00,45.498722,0.995002128
6/10/2016 0:00,45.226967,0.994027195
9/10/2016 0:00,45.227337,1.000008181
10/10/2016 0:00,45.112961,0.997471087
11/10/2016 0:00,45.498318,1.008542046
12/10/2016 0:00,45.884407,1.008485786
13/10/2016 0:00,45.606255,0.993937984
16/10/2016 0:00,45.118622,0.989307761
17/10/2016 0:00,45.459812,1.007562066
18/10/2016 0:00,45.264957,0.995713687
19/10/2016 0:00,44.931618,0.992635826
20/10/2016 0:00,44.852089,0.998229999
23/10/2016 0:00,44.687504,0.996330494
24/10/2016 0:00,44.620003,0.998489488
25/10/2016 0:00,44.968658,1.007813872
26/10/2016 0:00,45.131287,1.003616497
27/10/2016 0:00,44.94511,0.995874769
31/10/2016 0:00,45.328777,1.008536346
1/11/2016 0:00,45.477432,1.003279484
2/11/2016 0:00,45.605976,1.002826545
3/11/2016 0:00,45.898327,1.006410366
4/11/2016 0:00,45.916912,1.000404917
7/11/2016 0:00,46.43821,1.011353072
8/11/2016 0:00,45.780235,0.985831172
9/11/2016 0:00,45.944443,1.003586875
10/11/2016 0:00,45.464264,0.989548703
11/11/2016 0:00,46.465755,1.022028092
14/11/2016 0:00,46.506565,1.000878281
15/11/2016 0:00,46.78701,1.006030224
16/11/2016 0:00,45.571808,0.974026936
17/11/2016 0:00,45.60688,1.000769599
18/11/2016 0:00,45.552212,0.998801321
21/11/2016 0:00,45.439629,0.997528484
22/11/2016 0:00,44.968361,0.989628701
23/11/2016 0:00,44.763714,0.995449089
24/11/2016 0:00,44.888161,1.002780087
25/11/2016 0:00,45.060574,1.003840946
28/11/2016 0:00,45.515656,1.010099339
29/11/2016 0:00,45.526855,1.000246047
30/11/2016 0:00,45.715832,1.004150891
1/12/2016 0:00,44.672646,0.977181078
2/12/2016 0:00,44.83424,1.003617292
5/12/2016 0:00,44.810513,0.999470784
6/12/2016 0:00,44.948521,1.003079813
7/12/2016 0:00,44.929699,0.999581254
8/12/2016 0:00,44.658005,0.993952909
9/12/2016 0:00,44.466015,0.995700883
12/12/2016 0:00,43.635155,0.981314719
13/12/2016 0:00,42.809795,0.981084976
14/12/2016 0:00,42.490051,0.992531055
15/12/2016 0:00,43.009109,1.012215989
16/12/2016 0:00,42.79665,0.995060139
19/12/2016 0:00,43.010799,1.005003873
20/12/2016 0:00,42.751568,0.993972886
21/12/2016 0:00,42.510456,0.99436016
22/12/2016 0:00,42.309952,0.995283419
23/12/2016 0:00,42.053391,0.993936155
26/12/2016 0:00,42.177563,1.002952723
27/12/2016 0:00,42.092773,0.997989689
28/12/2016 0:00,41.819622,0.993510739
29/12/2016 0:00,41.696865,0.997064608
30/12/2016 0:00,41.724323,1.000658515
2/1/2017 0:00,42.316326,1.014188439
3/1/2017 0:00,42.188587,0.996981331
4/1/2017 0:00,42.052113,0.996765144
5/1/2017 0:00,41.964436,0.997915039
6/1/2017 0:00,41.584084,0.990936325
9/1/2017 0:00,41.394192,0.995433541
10/1/2017 0:00,41.888821,1.011949237
11/1/2017 0:00,41.849331,0.999057266
12/1/2017 0:00,41.925419,1.001818141
13/1/2017 0:00,41.687122,0.994316169
16/1/2017 0:00,41.765236,1.001873816
17/1/2017 0:00,41.815247,1.001197431
18/1/2017 0:00,41.835018,1.000472818
19/1/2017 0:00,41.645584,0.99547188
20/1/2017 0:00,41.860794,1.005167655
23/1/2017 0:00,42.098007,1.00566671
24/1/2017 0:00,41.972664,0.997022591
25/1/2017 0:00,41.617851,0.991546569
26/1/2017 0:00,42.150894,1.012808038
27/1/2017 0:00,42.261227,1.002617572
30/1/2017 0:00,41.848976,0.990245172
31/1/2017 0:00,42.04892,1.004777751
1/2/2017 0:00,42.677097,1.014939195
2/2/2017 0:00,42.525425,0.996446056
3/2/2017 0:00,42.046135,0.988729331
6/2/2017 0:00,41.863644,0.995659744
7/2/2017 0:00,41.767788,0.997710281
8/2/2017 0:00,41.908203,1.003361801
9/2/2017 0:00,41.776817,0.99686491
10/2/2017 0:00,41.471153,0.992683406
13/2/2017 0:00,40.908569,0.986434329
14/2/2017 0:00,40.700092,0.994903831
15/2/2017 0:00,40.166256,0.986883666
16/2/2017 0:00,40.427116,1.006494506
17/2/2017 0:00,40.640247,1.005271981
20/2/2017 0:00,41.115505,1.011694269
21/2/2017 0:00,40.818405,0.992774016
22/2/2017 0:00,40.41333,0.990076168
23/2/2017 0:00,40.964355,1.013634734
24/2/2017 0:00,41.007095,1.001043346
27/2/2017 0:00,41.519184,1.012487815
28/2/2017 0:00,41.403492,0.997213529
1/3/2017 0:00,41.502205,1.002384171
2/3/2017 0:00,41.246758,0.993844978
3/3/2017 0:00,41.571835,1.007881274
6/3/2017 0:00,41.289631,0.993211654
7/3/2017 0:00,41.231785,0.998599019
8/3/2017 0:00,41.219574,0.999703845
9/3/2017 0:00,41.550217,1.008021505
10/3/2017 0:00,41.696152,1.003512256
13/3/2017 0:00,41.822632,1.003033373
14/3/2017 0:00,41.521126,0.992790841
15/3/2017 0:00,41.833473,1.007522604
16/3/2017 0:00,41.650295,0.995621258
17/3/2017 0:00,41.224087,0.989766987
20/3/2017 0:00,40.780663,0.98924357
21/3/2017 0:00,41.016987,1.005795001
22/3/2017 0:00,41.128731,1.002724335
23/3/2017 0:00,41.258057,1.00314442
24/3/2017 0:00,40.978329,0.993220039
26/3/2017 0:00,40.816345,0.996047081
27/3/2017 0:00,40.794975,0.999476435
28/3/2017 0:00,40.769402,0.999373134
29/3/2017 0:00,40.621895,0.996381919
30/3/2017 0:00,40.068634,0.986380227
2/4/2017 0:00,40.25095,1.004550093
3/4/2017 0:00,40.171909,0.998036295
4/4/2017 0:00,40.029907,0.996465142
5/4/2017 0:00,40.285568,1.00638675
6/4/2017 0:00,40.223156,0.99845076
9/4/2017 0:00,40.814644,1.014705161
10/4/2017 0:00,40.65419,0.996068715
11/4/2017 0:00,40.64407,0.999751071
12/4/2017 0:00,40.589252,0.998651267
13/4/2017 0:00,40.236374,0.991306122
16/4/2017 0:00,40.33939,1.00256027
17/4/2017 0:00,39.975964,0.990990791
18/4/2017 0:00,40.265179,1.007234722
19/4/2017 0:00,40.463451,1.004924155
20/4/2017 0:00,40.121418,0.991547112
23/4/2017 0:00,40.508919,1.009658208
24/4/2017 0:00,40.036678,0.988342296
25/4/2017 0:00,40.213478,1.004415951
26/4/2017 0:00,40.926815,1.017738754
27/4/2017 0:00,40.790432,0.996667637
30/4/2017 0:00,40.75742,0.999190693
1/5/2017 0:00,40.806622,1.001207191
2/5/2017 0:00,40.956093,1.00366291
3/5/2017 0:00,41.027889,1.001752999
4/5/2017 0:00,41.688694,1.016106239
7/5/2017 0:00,41.274048,0.990053754
8/5/2017 0:00,41.411133,1.003321336
9/5/2017 0:00,41.432209,1.000508945
10/5/2017 0:00,40.694016,0.982183113
11/5/2017 0:00,40.54073,0.996233205
14/5/2017 0:00,40.655975,1.002842697
15/5/2017 0:00,40.318565,0.991700851
16/5/2017 0:00,40.457874,1.003455207
17/5/2017 0:00,41.023075,1.013970111
18/5/2017 0:00,41.309086,1.006971954
21/5/2017 0:00,41.065762,0.994109674
22/5/2017 0:00,40.840103,0.994504936
23/5/2017 0:00,40.480629,0.991198014
24/5/2017 0:00,40.711472,1.005702555
25/5/2017 0:00,40.976044,1.006498709
28/5/2017 0:00,40.845158,0.996805792
29/5/2017 0:00,40.70668,0.996609684
30/5/2017 0:00,40.798786,1.002262675
31/5/2017 0:00,40.98727,1.004619843
1/6/2017 0:00,40.665382,0.992146635
4/6/2017 0:00,40.966961,1.007416111
5/6/2017 0:00,40.974075,1.000173652
6/6/2017 0:00,40.941757,0.999211257
7/6/2017 0:00,41.257442,1.007710588
8/6/2017 0:00,41.129086,0.996888901
11/6/2017 0:00,41.193935,1.001576719
12/6/2017 0:00,41.169575,0.999408651
13/6/2017 0:00,41.167397,0.999947097
14/6/2017 0:00,41.746147,1.014058455
15/6/2017 0:00,41.773571,1.000656923
18/6/2017 0:00,41.727692,0.998901722
19/6/2017 0:00,42.109547,1.009151117
20/6/2017 0:00,42.886253,1.018444891
21/6/2017 0:00,43.375263,1.011402488
22/6/2017 0:00,43.058762,0.992703191
25/6/2017 0:00,42.83601,0.99482679
26/6/2017 0:00,42.437096,0.990687415
27/6/2017 0:00,42.809799,1.008782481
28/6/2017 0:00,42.849792,1.000934202
29/6/2017 0:00,43.107952,1.006024767
2/7/2017 0:00,42.779007,0.992369273
3/7/2017 0:00,42.865444,1.002020547
4/7/2017 0:00,42.962971,1.002275189
5/7/2017 0:00,43.572247,1.014181421
6/7/2017 0:00,43.472599,0.99771304
9/7/2017 0:00,43.66613,1.004451793
11/7/2017 0:00,43.986591,1.007338892
12/7/2017 0:00,43.489944,0.988709127
13/7/2017 0:00,43.516678,1.000614717
16/7/2017 0:00,43.107437,0.990595767
17/7/2017 0:00,43.263477,1.003619793
18/7/2017 0:00,43.233521,0.999307591
19/7/2017 0:00,43.071095,0.996243054
20/7/2017 0:00,43.090771,1.000456826
23/7/2017 0:00,43.493347,1.009342511
24/7/2017 0:00,44.02211,1.012157331
25/7/2017 0:00,44.001835,0.999539436
26/7/2017 0:00,43.904686,0.99779216
27/7/2017 0:00,43.713421,0.995643631
30/7/2017 0:00,43.831715,1.002706125
31/7/2017 0:00,44.064922,1.005320508
1/8/2017 0:00,44.272575,1.004712433
2/8/2017 0:00,44.465515,1.004358003
3/8/2017 0:00,44.419849,0.998973002
6/8/2017 0:00,44.044636,0.991553033
7/8/2017 0:00,44.01358,0.999294897
8/8/2017 0:00,43.862667,0.996571217
9/8/2017 0:00,44.078808,1.004927676
10/8/2017 0:00,43.985909,0.997892434
13/8/2017 0:00,43.956577,0.99933315
14/8/2017 0:00,43.864895,0.99791426
15/8/2017 0:00,43.71854,0.996663505
16/8/2017 0:00,43.589836,0.997056077
17/8/2017 0:00,43.195641,0.990956722
20/8/2017 0:00,43.191452,0.999903023
21/8/2017 0:00,43.40733,1.004998165
22/8/2017 0:00,43.28746,0.997238485
23/8/2017 0:00,43.358376,1.001638257
24/8/2017 0:00,43.426266,1.001565787
27/8/2017 0:00,43.192734,0.994622333
28/8/2017 0:00,43.112541,0.998143368
29/8/2017 0:00,43.3629,1.005807104
30/8/2017 0:00,43.060848,0.993034322
31/8/2017 0:00,42.761986,0.993059542
3/9/2017 0:00,42.339348,0.990116502
4/9/2017 0:00,42.547012,1.004904752
5/9/2017 0:00,42.542263,0.999888382
6/9/2017 0:00,42.48111,0.998562535
7/9/2017 0:00,42.490204,1.000214072
10/9/2017 0:00,42.694454,1.00480699
11/9/2017 0:00,42.496826,0.995371108
12/9/2017 0:00,42.791862,1.006942542
13/9/2017 0:00,42.891411,1.002326354
14/9/2017 0:00,42.741085,0.996495196
17/9/2017 0:00,42.834671,1.002189603
18/9/2017 0:00,43.101513,1.00622958
19/9/2017 0:00,43.124989,1.000544668
20/9/2017 0:00,43.02243,0.99762182
21/9/2017 0:00,42.87392,0.99654808
24/9/2017 0:00,42.749237,0.997091868
25/9/2017 0:00,42.613503,0.996824879
26/9/2017 0:00,42.675415,1.001452873
27/9/2017 0:00,42.791145,1.002711866
28/9/2017 0:00,42.618992,0.995976901
1/10/2017 0:00,42.323246,0.993060699
2/10/2017 0:00,42.500919,1.004198
3/10/2017 0:00,42.521332,1.000480295
4/10/2017 0:00,42.332916,0.995568906
5/10/2017 0:00,42.302059,0.999271087
8/10/2017 0:00,42.631336,1.007783947
9/10/2017 0:00,42.737236,1.002484088
10/10/2017 0:00,42.737762,1.000012308
11/10/2017 0:00,42.716274,0.999497213
12/10/2017 0:00,42.637524,0.99815644
15/10/2017 0:00,42.375843,0.99386266
16/10/2017 0:00,42.287693,0.997919805
17/10/2017 0:00,42.294266,1.000155435
18/10/2017 0:00,42.305927,1.000275711
19/10/2017 0:00,42.195503,0.997389869
,,
